t,T_true,T_meas,T_out,setpoint,heater,error,T_pred,lower,upper
0.0,18.0,18.3,5.0,21.0,1,2.6999999999999993,18.3,20.5,21.5
1.0,18.0174,18.3087,5.00174532903047,21.0,1,2.6912999999999982,18.395700000000012,20.5,21.5
2.0,18.034796869065804,18.31739895635527,5.003490656731796,21.0,1,2.6826010436447305,18.404388519907947,20.5,21.5
3.0,18.052190607823338,18.326096869222287,5.005235981774836,21.0,1,2.6739031307777132,18.41307599789246,20.5,21.5
4.0,18.06958121689813,18.334793738757455,5.0069813028304475,21.0,1,2.6652062612425453,18.421762434109134,20.5,21.5
5.0,18.086968696915317,18.352187478140518,5.008726618569493,21.0,1,2.647812521859482,18.526124871971152,20.5,21.5
6.0,18.104353048499647,18.36957808784045,5.010471927662839,21.0,1,2.6304219121595516,18.543484184839752,20.5,21.5
7.0,18.12173427227548,18.386965568482385,5.012217228781357,21.0,1,2.6130344315176153,18.560840374901748,20.5,21.5
8.0,18.13911236886678,18.40434992069107,5.013962520595923,21.0,1,2.5956500793089283,18.57819344277794,20.5,21.5
9.0,18.156487338897126,18.42173114509087,5.015707801777423,21.0,1,2.5782688549091297,18.595543389088856,20.5,21.5
10.0,18.173859182989702,18.439109242305747,5.017453070996748,21.0,1,2.560890757694253,18.612890214454517,20.5,21.5
11.0,18.191227901767302,18.45648421295928,5.0191983269248,21.0,1,2.5435157870407217,18.63023391949459,20.5,21.5
12.0,18.208593495852334,18.473856057674652,5.020943568232491,21.0,1,2.526143942325348,18.64757450482839,20.5,21.5
13.0,18.22595596586681,18.49122477707466,5.022688793590745,21.0,1,2.5087752229253404,18.664911971074734,20.5,21.5
14.0,18.243315312432355,18.508590371781708,5.024434001670494,21.0,1,2.4914096282182925,18.682246318852187,20.5,21.5
15.0,18.260671536170204,18.52595284241781,5.026179191142689,21.0,1,2.4740471575821914,18.69957754877882,20.5,21.5
16.0,18.278024637701197,18.543312189604585,5.02792436067829,21.0,1,2.4566878103954153,18.716905661472346,20.5,21.5
17.0,18.29537461764579,18.560668413963278,5.029669508948277,21.0,1,2.4393315860367224,18.734230657550206,20.5,21.5
18.0,18.312721476624052,18.578021516114724,5.0314146346236415,21.0,1,2.421978483885276,18.751552537629188,20.5,21.5
19.0,18.33006521525565,18.595371496679384,5.033159736375395,21.0,1,2.404628503320616,18.768871302325984,20.5,21.5
20.0,18.347405834159876,18.61271835627732,5.034904812874567,21.0,1,2.3872816437226803,18.786186952256678,20.5,21.5
21.0,18.36474333395562,18.630062095528206,5.036649862792205,21.0,1,2.3699379044717936,18.803499488037072,20.5,21.5
22.0,18.382077715261385,18.647402715051324,5.038394884799379,21.0,1,2.3525972849486756,18.820808910282505,20.5,21.5
23.0,18.39940897869529,18.66474021546557,5.040139877567178,21.0,1,2.335259784534429,18.838115219608035,20.5,21.5
24.0,18.416737124875066,18.68207459738945,5.0418848397667135,21.0,1,2.3179254026105482,18.85541841662826,20.5,21.5
25.0,18.434062154418044,18.699405861441086,5.043629770069122,21.0,1,2.300594138558914,18.87271850195743,20.5,21.5
26.0,18.451384067941174,18.716734008238195,5.045374667145563,21.0,1,2.2832659917618052,18.890015476209282,20.5,21.5
27.0,18.468702866061015,18.734059038398122,5.047119529667221,21.0,1,2.2659409616018777,18.907309339997397,20.5,21.5
28.0,18.486018549393737,18.75138095253781,5.048864356305306,21.0,1,2.2486190474621885,18.924600093934703,20.5,21.5
29.0,18.50333111855512,18.76869975127382,5.050609145731059,21.0,1,2.2313002487261784,18.941887738633923,20.5,21.5
30.0,18.520640574160556,18.78601543522233,5.052353896615746,21.0,1,2.2139845647776717,18.959172274707395,20.5,21.5
31.0,18.537946916825046,18.803328004999102,5.054098607630664,21.0,1,2.196671995000898,18.97645370276684,20.5,21.5
32.0,18.555250147163207,18.82063746121954,5.055843277447138,21.0,1,2.1793625387804596,18.993732023423924,20.5,21.5
33.0,18.572550265789264,18.837943804498643,5.057587904736527,21.0,1,2.162056195501357,19.011007237289668,20.5,21.5
34.0,18.589847273317055,18.855247035451033,5.059332488170221,21.0,1,2.1447529645489674,19.02827934497493,20.5,21.5
35.0,18.607141170360027,18.872547154690928,5.061077026419645,21.0,1,2.1274528453090724,19.045548347089877,20.5,21.5
36.0,18.62443195753124,18.889844162832166,5.062821518156257,21.0,1,2.1101558371678344,19.062814244244546,20.5,21.5
37.0,18.641719635443366,18.907138060488197,5.064565962051549,21.0,1,2.0928619395118027,19.080077037048515,20.5,21.5
38.0,18.659004204708687,18.924428848272083,5.066310356777053,21.0,1,2.0755711517279174,19.097336726110935,20.5,21.5
39.0,18.6762856659391,18.94171652679649,5.068054701004335,21.0,1,2.0582834732035096,19.11459331204057,20.5,21.5
40.0,18.693564019746113,18.95900109667371,5.069798993405002,21.0,1,2.0409989033262903,19.131846795445902,20.5,21.5
41.0,18.710839266740845,18.97628255851563,5.071543232650699,21.0,1,2.0237174414843686,19.14909717693485,20.5,21.5
42.0,18.728111407534026,18.993560912933766,5.073287417413113,21.0,1,2.0064390870662336,19.166344457115116,20.5,21.5
43.0,18.745380442736003,19.010836160539228,5.075031546363969,21.0,1,1.9891638394607725,19.18358863659384,20.5,21.5
44.0,18.76264637295673,19.028108301942755,5.07677561817504,21.0,1,1.9718916980572452,19.200829715978028,20.5,21.5
45.0,18.779909198805775,19.045377337754687,5.078519631518137,21.0,1,1.9546226622453133,19.218067695874005,20.5,21.5
46.0,18.797168920892318,19.06264326858498,5.080263585065119,21.0,1,1.9373567314150186,19.23530257688793,20.5,21.5
47.0,18.81442553982515,19.079906095043206,5.08200747748789,21.0,1,1.9200939049567936,19.252534359625457,20.5,21.5
48.0,18.831679056212685,19.097165817738542,5.0837513074583995,21.0,1,1.9028341822614578,19.2697630446919,20.5,21.5
49.0,18.848929470662934,19.11442243727978,5.085495073648644,21.0,1,1.8855775627202185,19.286988632692175,20.5,21.5
50.0,18.86617678378353,19.13167595427533,5.087238774730672,21.0,1,1.8683240457246697,19.304211124230818,20.5,21.5
51.0,18.88342099618172,19.148926369333214,5.088982409376578,21.0,1,1.8510736306667859,19.321430519912052,20.5,21.5
52.0,18.90066210846436,19.166173683061054,5.090725976258508,21.0,1,1.8338263169389464,19.33864682033945,20.5,21.5
53.0,18.917900121237917,19.1834178960661,5.09246947404866,21.0,1,1.8165821039339,19.355860026116563,20.5,21.5
54.0,18.93513503510848,19.20065900895521,5.094212901419286,21.0,1,1.7993409910447902,19.37307013784631,20.5,21.5
55.0,18.95236685068174,19.217897022334853,5.095956257042688,21.0,1,1.7821029776651471,19.390277156131283,20.5,21.5
56.0,18.969595568563015,19.23513193681111,5.097699539591226,21.0,1,1.7648680631888887,19.407481081573696,20.5,21.5
57.0,18.986821189357222,19.252363752989687,5.099442747737315,21.0,1,1.7476362470103126,19.424681914775448,20.5,21.5
58.0,19.0040437136689,19.26959247147588,5.101185880153427,21.0,1,1.7304075285241183,19.441879656337825,20.5,21.5
59.0,19.021263142102196,19.286818092874626,5.102928935512088,21.0,1,1.7131819071253744,19.459074306862064,20.5,21.5
60.0,19.03847947526088,19.304040617790456,5.1046719124858875,21.0,1,1.6959593822095442,19.476265866948758,20.5,21.5
61.0,19.055692713748325,19.321260046827515,5.106414809747473,21.0,1,1.6787399531724851,19.493454337198106,20.5,21.5
62.0,19.072902858167524,19.338476380589576,5.10815762596955,21.0,1,1.6615236194104241,19.510639718210186,20.5,21.5
63.0,19.090109909121082,19.35568961968001,5.109900359824891,21.0,1,1.6443103803199897,19.527822010584355,20.5,21.5
64.0,19.10731386721122,19.372899764701817,5.111643009986327,21.0,1,1.6271002352981832,19.545001214919882,20.5,21.5
65.0,19.124514733039778,19.390106816257596,5.113385575126755,21.0,1,1.609893183742404,19.562177331815388,20.5,21.5
66.0,19.141712507208194,19.407310774949572,5.115128053919134,21.0,1,1.592689225050428,19.57935036186933,20.5,21.5
67.0,19.158907190317535,19.424511641379574,5.116870445036493,21.0,1,1.5754883586204258,19.596520305679597,20.5,21.5
68.0,19.176098782968477,19.441709416149052,5.118612747151923,21.0,1,1.5582905838509475,19.613687163843835,20.5,21.5
69.0,19.193287285761315,19.45890409985907,5.120354958938587,21.0,1,1.541095900140931,19.630850936959234,20.5,21.5
70.0,19.210472699295952,19.476095693110302,5.122097079069714,21.0,1,1.5239043068896976,19.648011625622637,20.5,21.5
71.0,19.227655024171906,19.493284196503044,5.123839106218604,21.0,1,1.5067158034969559,19.66516923043046,20.5,21.5
72.0,19.244834260988316,19.5104696106372,5.125581039058627,21.0,1,1.4895303893627982,19.682323751978778,20.5,21.5
73.0,19.26201041034393,19.527651936112292,5.127322876263226,21.0,1,1.4723480638877078,19.699475190863197,20.5,21.5
74.0,19.279183472837115,19.544831173527452,5.129064616505916,21.0,1,1.4551688264725477,19.716623547679053,20.5,21.5
75.0,19.296353449065847,19.56200732348143,5.130806258460286,21.0,1,1.4379926765185687,19.733768823021222,20.5,21.5
76.0,19.313520339627726,19.579180386572595,5.1325478008,21.0,1,1.4208196134274047,19.750911017484235,20.5,21.5
77.0,19.33068414511996,19.59635036339892,5.134289242198798,21.0,1,1.4036496366010809,19.768050131662157,20.5,21.5
78.0,19.347844866139376,19.613517254558012,5.1360305813304965,21.0,1,1.3864827454419881,19.78518616614894,20.5,21.5
79.0,19.365002503282415,19.63068106064707,5.137771816868989,21.0,1,1.3693189393529295,19.802319121537657,20.5,21.5
80.0,19.382157057145132,19.64784178226293,5.13951294748825,21.0,1,1.3521582177370703,19.81944899842152,20.5,21.5
81.0,19.3993085283232,19.664999420002026,5.141253971862334,21.0,1,1.335000579997974,19.83657579739299,20.5,21.5
82.0,19.416456917411907,19.682153974460412,5.142994888665372,21.0,1,1.3178460255395876,19.853699519044277,20.5,21.5
83.0,19.433602225006158,19.699305446233772,5.1447356965715825,21.0,1,1.3006945537662276,19.870820163967373,20.5,21.5
84.0,19.450744451700473,19.716453835917385,5.146476394255263,21.0,1,1.2835461640826153,19.887937732753507,20.5,21.5
85.0,19.467883598088985,19.733599144106154,5.1482169803907984,21.0,1,1.2664008558938455,19.905052225993852,20.5,21.5
86.0,19.485019664765446,19.750741371394604,5.149957453652656,21.0,1,1.2492586286053964,19.922163644279095,20.5,21.5
87.0,19.502152652323222,19.767880518376863,5.151697812715388,21.0,1,1.232119481623137,19.939271988199458,20.5,21.5
88.0,19.5192825613553,19.78501658564669,5.153438056253638,21.0,1,1.2149834143533091,19.95637725834497,20.5,21.5
89.0,19.53640939245428,19.802149573797454,5.155178182942132,21.0,1,1.197850426202546,19.973479455305085,20.5,21.5
90.0,19.55353314621238,19.819279483422132,5.15691819145569,21.0,1,1.1807205165778676,19.990578579668917,20.5,21.5
91.0,19.57065382322143,19.83640631511333,5.158658080469219,21.0,1,1.1635936848866706,20.0076746320253,20.5,21.5
92.0,19.58777142407288,19.85353006946326,5.160397848657718,21.0,1,1.146469930536739,20.024767612962577,20.5,21.5
93.0,19.604885949357797,19.870650747063763,5.162137494696277,21.0,1,1.1293492529362368,20.041857523068785,20.5,21.5
94.0,19.621997399666864,19.887768348506278,5.163877017260082,21.0,1,1.1122316514937225,20.05894436293142,20.5,21.5
95.0,19.639105775590384,19.904882874381876,5.165616415024409,21.0,1,1.095117125618124,20.07602813313786,20.5,21.5
96.0,19.65621107771827,19.921994325281247,5.167355686664631,21.0,1,1.078005674718753,20.093108834274958,20.5,21.5
97.0,19.67331330664006,19.939102701794685,5.169094830856218,21.0,1,1.0608972982053153,20.11018646692906,20.5,21.5
98.0,19.690412462944906,19.956208004512103,5.170833846274735,21.0,1,1.0437919954878971,20.127261031686285,20.5,21.5
99.0,19.707508547221572,19.973310234023046,5.172572731595847,21.0,1,1.026689765976954,20.144332529132477,20.5,21.5
100.0,19.724601560058446,19.99040939091666,5.174311485495316,21.0,1,1.0095906090833395,20.161400959852806,20.5,21.5
101.0,19.741691502043533,20.00750547578171,5.176050106649007,21.0,1,0.9924945242182908,20.178466324432197,20.5,21.5
102.0,19.758778373764454,20.02459848920659,5.177788593732883,21.0,1,0.9754015107934109,20.195528623455388,20.5,21.5
103.0,19.77586217580845,20.0416884317793,5.179526945423011,21.0,1,0.9583115682207008,20.2125878575064,20.5,21.5
104.0,19.79294290876237,20.058775304087455,5.181265160395561,21.0,1,0.9412246959125454,20.22964402716901,20.5,21.5
105.0,19.810020573212697,20.075859106718305,5.183003237326805,21.0,1,0.9241408932816952,20.246697133026807,20.5,21.5
106.0,19.82709516974552,20.0929398402587,5.184741174893123,21.0,1,0.9070601597412988,20.263747175662665,20.5,21.5
107.0,19.844166698946548,20.110017505295122,5.186478971771001,21.0,1,0.8899824947048778,20.280794155659333,20.5,21.5
108.0,19.861235161401112,20.127092102413652,5.188216626637028,21.0,1,0.872907897586348,20.29783807359895,20.5,21.5
109.0,19.87830055769416,20.144163632200012,5.189954138167908,21.0,1,0.8558363677999878,20.314878930063614,20.5,21.5
110.0,19.895362888410254,20.161232095239523,5.191691505040448,21.0,1,0.838767904760477,20.33191672563463,20.5,21.5
111.0,19.91242215413358,20.178297492117135,5.193428725931568,21.0,1,0.8217025078828648,20.348951460893257,20.5,21.5
112.0,19.92947835544794,20.195359823417412,5.195165799518299,21.0,1,0.8046401765825877,20.365983136420184,20.5,21.5
113.0,19.946531492936757,20.21241908972454,5.196902724477783,21.0,1,0.7875809102754587,20.38301175279583,20.5,21.5
114.0,19.963581567183066,20.229475291622325,5.198639499487278,21.0,1,0.7705247083776747,20.400037310600165,20.5,21.5
115.0,19.980628578769526,20.246528429694177,5.200376123224153,21.0,1,0.7534715703058232,20.41705981041269,20.5,21.5
116.0,19.997672528278418,20.263578504523146,5.202112594365893,21.0,1,0.7364214954768542,20.434079252812836,20.5,21.5
117.0,20.014713416291634,20.280625516691885,5.2038489115901,21.0,1,0.7193744833081155,20.45109563837927,20.5,21.5
118.0,20.031751243390694,20.297669466782672,5.205585073574493,21.0,1,0.702330533217328,20.468108967690547,20.5,21.5
119.0,20.048786010156732,20.314710355377407,5.207321078996911,21.0,1,0.6852896446225927,20.48511924132476,20.5,21.5
120.0,20.0658177171705,20.331748183057602,5.209056926535307,21.0,1,0.6682518169423979,20.50212645985955,20.5,21.5
121.0,20.082846365012372,20.34878295040439,5.21079261486776,21.0,1,0.6512170495956084,20.519130623872286,20.5,21.5
122.0,20.099871954262344,20.365814657998534,5.212528142672467,21.0,1,0.6341853420014658,20.53613173393996,20.5,21.5
123.0,20.116894485500026,20.3828433064204,5.214263508627747,21.0,1,0.6171566935795987,20.553129790639073,20.5,21.5
124.0,20.133913959304653,20.399868896249988,5.215998711412046,21.0,1,0.6001311037500123,20.57012479454585,20.5,21.5
125.0,20.150930376255076,20.4168914280669,5.217733749703929,21.0,1,0.5831085719330993,20.58711674623603,20.5,21.5
126.0,20.167943736929764,20.433910902450382,5.219468622182091,21.0,1,0.566089097549618,20.604105646285195,20.5,21.5
127.0,20.184954041906813,20.450927319979275,5.221203327525349,21.0,1,0.5490726800207248,20.621091495268207,20.5,21.5
128.0,20.201961291763936,20.467940681232058,5.222937864412651,21.0,1,0.5320593187679421,20.638074293759885,20.5,21.5
129.0,20.218965487078467,20.48495098678682,5.224672231523071,21.0,1,0.5150490132131793,20.65505404233445,20.5,21.5
130.0,20.235966628427356,20.50195823722128,5.226406427535814,21.0,1,0.49804176277871903,20.672030741565884,20.5,21.5
131.0,20.252964716387176,20.518962433112762,5.228140451130212,21.0,1,0.4810375668872382,20.68900439202757,20.5,21.5
132.0,20.269959751534124,20.535963575038224,5.229874300985733,21.0,1,0.4640364249617761,20.705974994292845,20.5,21.5
133.0,20.286951734444013,20.55296166357424,5.231607975781974,21.0,1,0.4470383364257593,20.72294254893441,20.5,21.5
134.0,20.30394066569228,20.569956699297002,5.233341474198666,21.0,1,0.430043300702998,20.739907056524615,20.5,21.5
135.0,20.320926545853983,20.586948682782328,5.2350747949156755,21.0,1,0.41305131721767196,20.75686851763559,20.5,21.5
136.0,20.337909375503795,20.60393761460565,5.236807936613002,21.0,1,0.3960623853943517,20.77382693283885,20.5,21.5
137.0,20.354889155216018,20.620923495342026,5.2385408979707835,21.0,1,0.3790765046579736,20.790782302705807,20.5,21.5
138.0,20.371865885564567,20.63790632556614,5.240273677669294,21.0,1,0.3620936744338614,20.80773462780726,20.5,21.5
139.0,20.38883956712299,20.654886105852277,5.242006274388947,21.0,1,0.34511389414772253,20.824683908713666,20.5,21.5
140.0,20.405810200464444,20.67186283677437,5.243738686810295,21.0,1,0.32813716322563025,20.841630145995293,20.5,21.5
141.0,20.422777786161713,20.68883651890595,5.24547091361403,21.0,1,0.3111634810940487,20.858573340221767,20.5,21.5
142.0,20.439742324787204,20.70580715282019,5.247202953480985,21.0,1,0.2941928471798114,20.87551349196256,20.5,21.5
143.0,20.456703816912942,20.722774739089864,5.248934805092138,21.0,1,0.2772252609101358,20.89245060178662,20.5,21.5
144.0,20.473662263110576,20.73973927828738,5.2506664671286085,21.0,1,0.26026072171261916,20.909384670262547,20.5,21.5
145.0,20.49061766395138,20.756700770984768,5.25239793827166,21.0,1,0.24329922901523204,20.92631569795864,20.5,21.5
146.0,20.507570020006245,20.773659217753675,5.254129217202701,21.0,1,0.22634078224632503,20.943243685442745,20.5,21.5
147.0,20.524519331845685,20.790614619165375,5.255860302603288,21.0,1,0.20938538083462532,20.960168633282372,20.5,21.5
148.0,20.541465600039835,20.807566975790753,5.257591193155125,21.0,1,0.19243302420924735,20.977090542044532,20.5,21.5
149.0,20.55840882515846,20.82451628820033,5.259321887540064,21.0,1,0.17548371179967148,20.994009412296087,20.5,21.5
150.0,20.575349007770935,20.841462556964238,5.261052384440103,21.0,1,0.15853744303576178,21.010925244603335,20.5,21.5
151.0,20.59228614844627,20.858405782652245,5.262782682537396,21.0,1,0.14159421734775535,21.02783803953231,20.5,21.5
152.0,20.60922024775309,20.875345965833723,5.264512780514245,21.0,1,0.12465403416627652,21.044747797648512,20.5,21.5
153.0,20.626151306259644,20.892283107077684,5.266242677053104,21.0,1,0.10771689292231557,21.061654519517294,20.5,21.5
154.0,20.6430793245338,20.909217206952754,5.267972370836584,21.0,1,0.09078279304724646,21.078558205703445,20.5,21.5
155.0,20.66000430314306,20.926148266027177,5.269701860547446,21.0,1,0.0738517339728233,21.09545885677141,20.5,21.5
156.0,20.67692624265454,20.94307628486883,5.271431144868608,21.0,1,0.05692371513116967,21.112356473285367,20.5,21.5
157.0,20.693845143634984,20.96000126404521,5.273160222483147,21.0,1,0.03999873595478931,21.129251055809014,20.5,21.5
158.0,20.710761006650753,20.976923204123434,5.274889092074293,21.0,1,0.02307679587656608,21.146142604905666,20.5,21.5
159.0,20.727673832267836,20.993842105670243,5.276617752325438,21.0,1,0.0061578943297568856,21.163031121138335,20.5,21.5
160.0,20.74458362105185,21.010757969251998,5.278346201920131,21.0,1,-0.010757969251997679,21.179916605069543,20.5,21.5
161.0,20.761490373568023,21.027670795434695,5.280074439542083,21.0,1,-0.02767079543469464,21.196799057261664,20.5,21.5
162.0,20.77839409038122,21.04458058478394,5.281802463875166,21.0,1,-0.044580584783940225,21.213678478276396,20.5,21.5
163.0,20.795294772055918,21.061487337864975,5.283530273603413,21.0,1,-0.061487337864974734,21.23055486867532,20.5,21.5
164.0,20.812192419156226,21.078391055242655,5.2852578674110235,21.0,1,-0.07839105524265477,21.247428229019455,20.5,21.5
165.0,20.829087032245877,21.09529173748146,5.286985243982358,21.0,1,-0.09529173748146036,21.264298559869516,20.5,21.5
166.0,20.845978611888224,21.112189385145502,5.288712402001947,21.0,1,-0.11218938514550203,21.28116586178592,20.5,21.5
167.0,20.862867158646246,21.129083998798507,5.290439340154481,21.0,1,-0.12908399879850663,21.298030135328553,20.5,21.5
168.0,20.879752673082546,21.14597557900383,5.292166057124823,21.0,1,-0.1459755790038315,21.31489138105708,20.5,21.5
169.0,20.896635155759355,21.162864126324457,5.293892551598003,21.0,1,-0.16286412632445746,21.331749599530717,20.5,21.5
170.0,20.913514607238522,21.179749641322985,5.295618822259221,21.0,1,-0.1797496413229851,21.34860479130826,20.5,21.5
171.0,20.930391028081527,21.196632124561646,5.297344867793846,21.0,1,-0.19663212456164558,21.36545695694825,20.5,21.5
172.0,20.947264418849468,21.21351157660229,5.299070686887419,21.0,1,-0.21351157660228992,21.382306097008733,20.5,21.5
173.0,20.964134780103077,21.230387998006396,5.300796278225654,21.0,1,-0.2303879980063961,21.399152212047458,20.5,21.5
174.0,20.981002112402702,21.247261389335065,5.302521640494438,21.0,1,-0.24726138933506547,21.41599530262176,20.5,21.5
175.0,20.99786641630832,21.264131751149026,5.304246772379833,21.0,1,-0.26413175114902643,21.432835369288636,20.5,21.5
176.0,21.014727692379534,21.280999084008627,5.305971672568076,21.0,1,-0.28099908400862716,21.449672412604635,20.5,21.5
177.0,21.03158594117557,21.29786338847385,5.30769633974558,21.0,1,-0.29786338847384997,21.466506433126078,20.5,21.5
178.0,21.048441163255283,21.31472466510429,5.309420772598936,21.0,1,-0.31472466510428987,21.48333743140869,20.5,21.5
179.0,21.06529335917715,21.33158291445918,5.311144969814913,21.0,0,-0.33158291445917953,21.500165408008076,20.5,21.5
180.0,21.06214252949928,21.34443813709737,5.3128689300804615,21.0,0,-0.34443813709737015,21.472990363479276,20.5,21.5
181.0,21.058992674779397,21.35329113357734,5.314592652082709,21.0,0,-0.3532911335773399,21.441821098377037,20.5,21.5
182.0,21.05584379477486,21.3581427042972,5.316316134508967,21.0,0,-0.35814270429720096,21.406658411495812,20.5,21.5
183.0,21.052695889242806,21.3589936494947,5.318039376046729,21.0,0,-0.3589936494946997,21.367503101469687,20.5,21.5
184.0,21.049548957940168,21.355844769247305,5.31976237538367,21.0,0,-0.35584476924730524,21.32435596677336,20.5,21.5
185.0,21.046403000623656,21.352696863472183,5.321485131207652,21.0,0,-0.35269686347218254,21.321217805720956,20.5,21.5
186.0,21.043258017049773,21.349549931926255,5.3232076422067225,21.0,0,-0.34954993192625494,21.31808061646698,20.5,21.5
187.0,21.040114006974804,21.346403974366247,5.324929907069113,21.0,0,-0.3464039743662468,21.314944398766166,20.5,21.5
188.0,21.036970970154822,21.343258990548655,5.326651924483245,21.0,0,-0.34325899054865516,21.31180915237274,20.5,21.5
189.0,21.03382890634569,21.340114980229757,5.328373693137726,21.0,0,-0.3401149802297567,21.308674877040772,20.5,21.5
190.0,21.030687815303047,21.336971943165636,5.330095211721355,21.0,0,-0.3369719431656364,21.305541572524433,20.5,21.5
191.0,21.02754769678233,21.333829879112148,5.3318164789231215,21.0,0,-0.3338298791121481,21.302409238577265,20.5,21.5
192.0,21.02440855053876,21.33068878782494,5.333537493432204,21.0,0,-0.3306887878249398,21.299277874952857,20.5,21.5
193.0,21.021270376327337,21.327548669059443,5.335258253937977,21.0,0,-0.3275486690594427,21.29614748140447,20.5,21.5
194.0,21.018133173902857,21.32440952257088,5.336978759130005,21.0,0,-0.3244095225708783,21.293018057685234,20.5,21.5
195.0,21.014996943019902,21.321271348114248,5.338699007698049,21.0,0,-0.32127134811424796,21.289889603547945,20.5,21.5
196.0,21.011861683432837,21.31813414544435,5.340418998332065,21.0,0,-0.3181341454443505,21.286762118745376,20.5,21.5
197.0,21.008727394895818,21.31499791431576,5.342138729722205,21.0,0,-0.31499791431576085,21.283635603029865,20.5,21.5
198.0,21.005594077162783,21.311862654482848,5.343858200558819,21.0,0,-0.311862654482848,21.28051005615372,20.5,21.5
199.0,21.002461729987463,21.30872836569977,5.3455774095324555,21.0,0,-0.30872836569977125,21.277385477869004,20.5,21.5
200.0,20.999330353123373,21.305595047720466,5.347296355333861,21.0,0,-0.3055950477204661,21.274261867927414,20.5,21.5
201.0,20.996199946323816,21.30246270029866,5.349015036653984,21.0,0,-0.3024627002986584,21.27113922608058,20.5,21.5
202.0,20.993070509341884,21.299331323187875,5.350733452183974,21.0,0,-0.29933132318787514,21.268017552080043,20.5,21.5
203.0,20.98994204193045,21.29620091614141,5.352451600615184,21.0,0,-0.29620091614140875,21.264896845676745,20.5,21.5
204.0,20.98681454384219,21.293071478912356,5.354169480639166,21.0,0,-0.2930714789123563,21.26177710662183,20.5,21.5
205.0,20.98368801482955,21.28994301125359,5.355887090947683,21.0,0,-0.289943011253591,21.258658334665938,20.5,21.5
206.0,20.980562454644772,21.286815512917787,5.3576044302326995,21.0,0,-0.2868155129177872,21.25554052955975,20.5,21.5
207.0,20.97743786303989,21.283688983657388,5.359321497186385,21.0,0,-0.28368898365738815,21.252423691053398,20.5,21.5
208.0,20.974314239766716,21.280563423224642,5.36103829050112,21.0,0,-0.2805634232246419,21.24930781889718,20.5,21.5
209.0,20.971191584576864,21.277438831371576,5.362754808869491,21.0,0,-0.2774388313715761,21.246192912840918,20.5,21.5
210.0,20.968069897221724,21.27431520785001,5.364471050984295,21.0,0,-0.27431520785000885,21.243078972634336,20.5,21.5
211.0,20.96494917745248,21.27119255241155,5.3661870155385385,21.0,0,-0.2711925524115486,21.239965998026946,20.5,21.5
212.0,20.961829425020095,21.26807086480759,5.36790270122544,21.0,0,-0.2680708648075907,21.23685398876801,20.5,21.5
213.0,20.958710639675335,21.264950144789317,5.3696181067384305,21.0,0,-0.2649501447893172,21.233742944606583,20.5,21.5
214.0,20.955592821168747,21.26183039210769,5.371333230771154,21.0,0,-0.2618303921076901,21.23063286529142,20.5,21.5
215.0,20.952475969250667,21.25871160651348,5.373048072017469,21.0,0,-0.25871160651347935,21.227523750571372,20.5,21.5
216.0,20.94936008367122,21.255593787757228,5.37476262917145,21.0,0,-0.25559378775722763,21.22441560019471,20.5,21.5
217.0,20.94624516418032,21.252476935589275,5.3764769009273845,21.0,0,-0.2524769355892751,21.22130841390975,20.5,21.5
218.0,20.943131210527667,21.249361049759738,5.378190885979783,21.0,0,-0.24936104975973805,21.218202191464368,20.5,21.5
219.0,20.940018222462758,21.24624613001854,5.379904583023369,21.0,0,-0.246246130018541,21.21509693260657,20.5,21.5
220.0,20.93690619973487,21.243132176115385,5.38161799075309,21.0,0,-0.24313217611538462,21.21199263708382,20.5,21.5
221.0,20.933795142093075,21.240019187799753,5.383331107864109,21.0,0,-0.24001918779975284,21.208889304643435,20.5,21.5
222.0,20.93068504928623,21.236907164820934,5.385043933051815,21.0,0,-0.2369071648209342,21.205786935032748,20.5,21.5
223.0,20.92757592106298,21.233796106927997,5.386756465011816,21.0,0,-0.23379610692799702,21.202685527998625,20.5,21.5
224.0,20.924467757171772,21.230686013869796,5.388468702439944,21.0,0,-0.23068601386979637,21.19958508328779,20.5,21.5
225.0,20.921360557360828,21.22757688539499,5.390180644032257,21.0,0,-0.22757688539498844,21.19648560064691,20.5,21.5
226.0,20.91825432137816,21.224468721252002,5.391892288485035,21.0,0,-0.224468721252002,21.193387079822138,20.5,21.5
227.0,20.915149048971582,21.221361521189074,5.393603634494789,21.0,0,-0.22136152118907404,21.190289520559794,20.5,21.5
228.0,20.912044739888685,21.218255284954214,5.395314680758252,21.0,0,-0.2182552849542141,21.187192922605615,20.5,21.5
229.0,20.90894139387686,21.215150012295233,5.39702542597239,21.0,0,-0.21515001229523278,21.18409728570542,20.5,21.5
230.0,20.905839010683277,21.21204570295972,5.398735868834394,21.0,0,-0.21204570295972047,21.181002609604597,20.5,21.5
231.0,20.902737590054908,21.20894235669507,5.40044600804169,21.0,0,-0.20894235669506855,21.17790889404855,20.5,21.5
232.0,20.899637131738505,21.205839973248455,5.402155842291929,21.0,0,-0.20583997324845527,21.174816138782322,20.5,21.5
233.0,20.896537635480616,21.202738552366846,5.403865370283001,21.0,0,-0.20273855236684568,21.17172434355075,20.5,21.5
234.0,20.893439101027578,21.199638093796988,5.405574590713025,21.0,0,-0.19963809379698816,21.168633508098413,20.5,21.5
235.0,20.890341528125514,21.196538597285436,5.407283502280355,21.0,0,-0.19653859728543566,21.16554363216991,20.5,21.5
236.0,20.887244916520345,21.193440062578524,5.40899210368358,21.0,0,-0.19344006257852442,21.162454715509412,20.5,21.5
237.0,20.884149265957777,21.190342489422374,5.410700393621528,21.0,0,-0.19034248942237397,21.15936675786087,20.5,21.5
238.0,20.88105457618331,21.187245877562912,5.412408370793259,21.0,0,-0.187245877562912,21.156279758968292,20.5,21.5
239.0,20.87796084694223,21.184150226745842,5.414116033898076,21.0,0,-0.18415022674584236,21.153193718575146,20.5,21.5
240.0,20.87486807797962,21.181055536716663,5.415823381635518,21.0,0,-0.18105553671666286,21.150108636424868,20.5,21.5
241.0,20.871776269040353,21.177961807220665,5.417530412705367,21.0,0,-0.17796180722066524,21.14702451226069,20.5,21.5
242.0,20.868685419869085,21.174869038002925,5.419237125807643,21.0,0,-0.17486903800292453,21.143941345825517,20.5,21.5
243.0,20.86559553021027,21.171777228808317,5.420943519642611,21.0,0,-0.1717772288083168,21.14085913686224,20.5,21.5
244.0,20.862506599808157,21.1686863793815,5.422649592910777,21.0,0,-0.16868637938150144,21.137777885113348,20.5,21.5
245.0,20.85941862840678,21.16559648946693,5.424355344312892,21.0,0,-0.16559648946693173,21.134697590321235,20.5,21.5
246.0,20.85633161574996,21.162507558808855,5.4260607725499534,21.0,0,-0.16250755880885492,21.131618252228087,20.5,21.5
247.0,20.853245561581318,21.1594195871513,5.4277658763232015,21.0,0,-0.15941958715130156,21.128539870575768,20.5,21.5
248.0,20.850160465644265,21.1563325742381,5.429470654334127,21.0,0,-0.15633257423809965,21.12546244510608,20.5,21.5
249.0,20.847076327682004,21.15324651981287,5.431175105284466,21.0,0,-0.15324651981287118,21.122385975560587,20.5,21.5
250.0,20.843993147437523,21.150161423619018,5.432879227876206,21.0,0,-0.15016142361901785,21.119310461680485,20.5,21.5
251.0,20.84091092465361,21.14707728539975,5.434583020811583,21.0,0,-0.1470772853997495,21.116235903207066,20.5,21.5
252.0,20.837829659072842,21.143994104898052,5.4362864827930855,21.0,0,-0.1439941048980522,21.11316229988108,20.5,21.5
253.0,20.834749350437587,21.140911881856717,5.4379896125234515,21.0,0,-0.14091188185671655,21.11008965144336,20.5,21.5
254.0,20.831669998490003,21.13783061601832,5.439692408705675,21.0,0,-0.13783061601832003,21.107017957634355,20.5,21.5
255.0,20.828591602972047,21.134750307125223,5.441394870043002,21.0,0,-0.1347503071252234,21.103947218194257,20.5,21.5
256.0,20.82551416362546,21.131670954919592,5.4430969952389345,21.0,0,-0.13167095491959202,21.100877432863278,20.5,21.5
257.0,20.822437680191783,21.128592559143378,5.44479878299723,21.0,0,-0.12859255914337808,21.09780860138124,20.5,21.5
258.0,20.819362152412342,21.12551511953833,5.4465002320219025,21.0,0,-0.12551511953833128,21.094740723487863,20.5,21.5
259.0,20.816287580028263,21.122438635845988,5.448201341017225,21.0,0,-0.12243863584598813,21.091673798922557,20.5,21.5
260.0,20.81321396278046,21.11936310780767,5.44990210868773,21.0,0,-0.11936310780766846,21.08860782742447,20.5,21.5
261.0,20.81014130040964,21.116288535164507,5.451602533738208,21.0,0,-0.11628853516450732,21.085542808732896,20.5,21.5
262.0,20.807069592656305,21.11321491765741,5.45330261487371,21.0,0,-0.11321491765740888,21.082478742586424,20.5,21.5
263.0,20.80399883926075,21.110142255027093,5.455002350799552,21.0,0,-0.11014225502709252,21.07941562872393,20.5,21.5
264.0,20.80092903996306,21.107070547014054,5.456701740221312,21.0,0,-0.10707054701405383,21.076353466883667,20.5,21.5
265.0,20.79786019450311,21.103999793358582,5.458400781844828,21.0,0,-0.10399979335858234,21.073292256803867,20.5,21.5
266.0,20.79479230262058,21.10092999380077,5.460099474376209,21.0,0,-0.10092999380076861,21.07023199822263,20.5,21.5
267.0,20.79172536405493,21.097861148080494,5.461797816521825,21.0,0,-0.09786114808049362,21.067172690877744,20.5,21.5
268.0,20.78865937854542,21.09479325593743,5.463495806988314,21.0,0,-0.09479325593742871,21.06411433450678,20.5,21.5
269.0,20.78559434583111,21.09172631711104,5.465193444482585,21.0,0,-0.09172631711103918,21.061056928847144,20.5,21.5
270.0,20.78253026565084,21.088660331340584,5.466890727711811,21.0,0,-0.08866033134058426,21.058000473636035,20.5,21.5
271.0,20.779467137743254,21.08559529836512,5.468587655383438,21.0,0,-0.0855952983651207,21.054944968610485,20.5,21.5
272.0,20.776404961846783,21.082531217923492,5.47028422620518,21.0,0,-0.08253121792349205,21.051890413507206,20.5,21.5
273.0,20.773343737699655,21.07946808975434,5.471980438885026,21.0,0,-0.07946808975433939,21.048836808062813,20.5,21.5
274.0,20.770283465039892,21.076405913596098,5.473676292131238,21.0,0,-0.07640591359609772,21.04578415201368,20.5,21.5
275.0,20.76722414360531,21.07334468918699,5.475371784652346,21.0,0,-0.07334468918698889,21.0427324450959,20.5,21.5
276.0,20.76416577313352,21.070284416265046,5.477066915157161,21.0,0,-0.07028441626504645,21.039681687045622,20.5,21.5
277.0,20.761108353361927,21.067225094568073,5.478761682354769,21.0,0,-0.06722509456807302,21.03663187759834,20.5,21.5
278.0,20.758051884027726,21.064166723833686,5.480456084954527,21.0,0,-0.06416672383368649,21.03358301648982,20.5,21.5
279.0,20.75499636486791,21.061109303799288,5.482150121666077,21.0,0,-0.06110930379928803,21.030535103455303,20.5,21.5
280.0,20.75194179561927,21.05805283420208,5.483843791199336,21.0,0,-0.05805283420207985,21.027488138229998,20.5,21.5
281.0,20.748888176018387,21.05499731477905,5.485537092264499,21.0,0,-0.05499731477905101,21.024442120548763,20.5,21.5
282.0,20.745835505801637,21.05194274526699,5.487230023572045,21.0,0,-0.05194274526699161,21.021397050146398,20.5,21.5
283.0,20.74278378470519,21.048889125402486,5.488922583832733,21.0,0,-0.04888912540248569,21.018352926757427,20.5,21.5
284.0,20.739733012465013,21.045836454921904,5.490614771757605,21.0,0,-0.045836454921904135,21.01530975011609,20.5,21.5
285.0,20.736683188816873,21.042784733561426,5.492306586057986,21.0,0,-0.04278473356142598,21.012267519956644,20.5,21.5
286.0,20.73363431349632,21.03973396105701,5.493998025445486,21.0,0,-0.03973396105700999,21.00922623601285,20.5,21.5
287.0,20.73058638623871,21.036684137144427,5.495689088632,21.0,0,-0.03668413714442664,21.006185898018593,20.5,21.5
288.0,20.727539406779186,21.033635261559223,5.497379774329709,21.0,0,-0.033635261559222585,21.003146505707182,20.5,21.5
289.0,20.724493374852695,21.03058733403676,5.499070081251085,21.0,0,-0.030587334036759728,21.00010805881213,20.5,21.5
290.0,20.721448290193976,21.02754035431218,5.500760008108883,21.0,0,-0.027540354312179716,20.99707055706638,20.5,21.5
291.0,20.71840415253756,21.024494322120425,5.502449553616151,21.0,0,-0.024494322120425238,20.99403400020288,20.5,21.5
292.0,20.715360961617776,21.02144923719624,5.504138716486227,21.0,0,-0.021449237196240034,20.990998387954388,20.5,21.5
293.0,20.71231871716875,21.018405099274155,5.50582749543274,21.0,0,-0.01840509927415468,20.9879637200533,20.5,21.5
294.0,20.7092774189244,21.015361908088494,5.507515889169611,21.0,0,-0.015361908088493692,20.984929996231884,20.5,21.5
295.0,20.70623706661845,21.01231966337339,5.509203896411055,21.0,0,-0.012319663373389744,20.98189721622235,20.5,21.5
296.0,20.703197659984408,21.00927836486276,5.510891515871581,21.0,0,-0.009278364862758792,20.97886537975645,20.5,21.5
297.0,20.700159198755586,21.00623801229032,5.512578746265993,21.0,0,-0.006238012290321393,20.975834486565947,20.5,21.5
298.0,20.697121682665088,21.003198605389592,5.514265586309392,21.0,0,-0.0031986053895920463,20.9728045363823,20.5,21.5
299.0,20.694085111445816,21.000160143893872,5.515952034717176,21.0,0,-0.00016014389387208894,20.969775528936673,20.5,21.5
300.0,20.69104948483047,20.997122627536278,5.5176380902050415,21.0,0,0.0028773724637218834,20.96674746396034,20.5,21.5
301.0,20.688014802551542,20.994086056049703,5.519323751488983,21.0,0,0.005913943950297096,20.96372034118395,20.5,21.5
302.0,20.68498106434133,20.991050429166854,5.521009017285297,21.0,0,0.008949570833145515,20.96069416033837,20.5,21.5
303.0,20.68194826993192,20.98801574662022,5.522693886310579,21.0,0,0.011984253379779375,20.957668921153882,20.5,21.5
304.0,20.678916419055195,20.984982008142097,5.524378357281729,21.0,0,0.015017991857902757,20.954644623360863,20.5,21.5
305.0,20.67588551144284,20.98194921346457,5.5260624289159495,21.0,0,0.018050786535429353,20.951621266689305,20.5,21.5
306.0,20.672855546826334,20.978917362319528,5.527746099930746,21.0,0,0.021082637680471805,20.948598850869104,20.5,21.5
307.0,20.669826524936955,20.975886454438655,5.529429369043929,21.0,0,0.024113545561345262,20.94557737562992,20.5,21.5
308.0,20.666798445505776,20.972856489553426,5.531112234973618,21.0,0,0.02714351044657448,20.942556840701133,20.5,21.5
309.0,20.66377130826367,20.96982746739512,5.532794696438235,21.0,0,0.03017253260487962,20.93953724581207,20.5,21.5
310.0,20.660745112941303,20.966799387694813,5.534476752156514,21.0,0,0.033200612305186894,20.93651859069174,20.5,21.5
311.0,20.657719859269147,20.963772250183375,5.536158400847495,21.0,0,0.03622774981662502,20.933500875068994,20.5,21.5
312.0,20.65469554697746,20.960746054591475,5.537839641230532,21.0,0,0.039253945408525226,20.930484098672473,20.5,21.5
313.0,20.65167217579631,20.957720800649586,5.539520472025284,21.0,0,0.04227919935041413,20.927468261230697,20.5,21.5
314.0,20.648649745455558,20.95469648808796,5.5412008919517275,21.0,0,0.04530351191203863,20.924453362471716,20.5,21.5
315.0,20.64562825568486,20.95167311663667,5.542880899730148,21.0,0,0.04832688336333035,20.921439402123752,20.5,21.5
316.0,20.642607706213667,20.948650686025573,5.544560494081149,21.0,0,0.05134931397442699,20.918426379914607,20.5,21.5
317.0,20.63958809677124,20.94562919598433,5.546239673725643,21.0,0,0.05437080401566874,20.915414295571914,20.5,21.5
318.0,20.63656942708663,20.942608646242395,5.547918437384865,21.0,0,0.0573913537576054,20.912403148823028,20.5,21.5
319.0,20.63355169688869,20.93958903652902,5.549596783780361,21.0,0,0.06041096347097863,20.90939293939529,20.5,21.5
320.0,20.63053490590607,20.93657036657326,5.551274711633998,21.0,0,0.06342963342673968,20.90638366701565,20.5,21.5
321.0,20.627519053867218,20.933552636103972,5.5529522196679615,21.0,0,0.06644736389602812,20.903375331411088,20.5,21.5
322.0,20.624504140500378,20.930535844849796,5.554629306604756,21.0,0,0.06946415515020377,20.90036793230804,20.5,21.5
323.0,20.621490165533597,20.927519992539192,5.556305971167205,21.0,0,0.07248000746080763,20.897361469433154,20.5,21.5
324.0,20.618477128694725,20.9245050789004,5.557982212078459,21.0,0,0.07549492109960099,20.894355942512465,20.5,21.5
325.0,20.6154650297114,20.921491103661463,5.5596580280619845,21.0,0,0.07850889633853697,20.891351351272103,20.5,21.5
326.0,20.61245386831107,20.918478066550236,5.561333417841576,21.0,0,0.0815219334497641,20.888347695437965,20.5,21.5
327.0,20.609443644220978,20.91546596729436,5.563008380141351,21.0,0,0.08453403270564053,20.885344974735595,20.5,21.5
328.0,20.606434357168162,20.912454805621273,5.564682913685753,21.0,0,0.08754519437872688,20.88234318889041,20.5,21.5
329.0,20.603426006879467,20.90944458125822,5.566357017199552,21.0,0,0.09055541874177919,20.879342337627698,20.5,21.5
330.0,20.600418593081532,20.906435293932244,5.568030689407845,21.0,0,0.09356470606775602,20.876342420672476,20.5,21.5
331.0,20.5974121155008,20.90342694337019,5.569703929036058,21.0,0,0.0965730566298113,20.873343437749636,20.5,21.5
332.0,20.594406573863505,20.900419529298695,5.571376734809947,21.0,0,0.09958047070130505,20.870345388583758,20.5,21.5
333.0,20.591401967895695,20.897413051444197,5.573049105455596,21.0,0,0.1025869485558033,20.867348272899214,20.5,21.5
334.0,20.588398297323206,20.894407509532947,5.5747210396994245,21.0,0,0.10559249046705332,20.864352090420446,20.5,21.5
335.0,20.58539556187168,20.891402903290974,5.5763925362681785,21.0,0,0.10859709670902618,20.861356840871245,20.5,21.5
336.0,20.582393761266562,20.88839923244413,5.578063593888944,21.0,0,0.11160076755587056,20.858362523975686,20.5,21.5
337.0,20.579392895233088,20.885396496718045,5.579734211289135,21.0,0,0.11460350328195545,20.855369139457196,20.5,21.5
338.0,20.5763929634963,20.882394695838165,5.581404387196505,21.0,0,0.11760530416183457,20.852376687039374,20.5,21.5
339.0,20.57339396578104,20.879393829529736,5.583074120339143,21.0,0,0.12060617047026412,20.84938516644544,20.5,21.5
340.0,20.570395901811953,20.87639389751779,5.5847434094454735,21.0,0,0.12360610248220993,20.846394577398332,20.5,21.5
341.0,20.567398771313478,20.87339489952717,5.58641225324426,21.0,0,0.1266051004728297,20.843404919620973,20.5,21.5
342.0,20.564402574009865,20.870396835282527,5.588080650464608,21.0,0,0.1296031647174729,20.840416192836095,20.5,21.5
343.0,20.561407309625157,20.867399704508294,5.589748599835957,21.0,0,0.13260029549170582,20.837428396765965,20.5,21.5
344.0,20.558412977883197,20.864403506928728,5.591416100088093,21.0,0,0.1355964930712723,20.834441531133063,20.5,21.5
345.0,20.55541957850764,20.861408242267863,5.593083149951142,21.0,0,0.1385917577321365,20.83145559565922,20.5,21.5
346.0,20.552427111221927,20.858413910249553,5.5947497481555715,21.0,0,0.14158608975044729,20.828470590066445,20.5,21.5
347.0,20.549435575749314,20.85542051059744,5.596415893432196,21.0,0,0.1445794894025596,20.825486514076317,20.5,21.5
348.0,20.54644497181285,20.85242804303498,5.598081584512173,21.0,0,0.14757195696502023,20.822503367410373,20.5,21.5
349.0,20.54345529913539,20.849436507285418,5.599746820127006,21.0,0,0.15056349271458203,20.8195211497898,20.5,21.5
350.0,20.540466557439586,20.846445903071807,5.6014115990085465,21.0,0,0.15355409692819322,20.816539860935695,20.5,21.5
351.0,20.5374787464479,20.843456230117003,5.603075919888991,21.0,0,0.15654376988299745,20.81355950056896,20.5,21.5
352.0,20.534491865882586,20.840467488143656,5.604739781500889,21.0,0,0.15953251185634443,20.810580068410186,20.5,21.5
353.0,20.53150591546571,20.837479676874228,5.606403182577136,21.0,0,0.16252032312577214,20.80760156417995,20.5,21.5
354.0,20.528520894919133,20.83449279603098,5.608066121850981,21.0,0,0.16550720396902108,20.80462398759849,20.5,21.5
355.0,20.52553680396452,20.831506845335966,5.609728598056021,21.0,0,0.16849315466403425,20.801647338385834,20.5,21.5
356.0,20.522553642323338,20.828521824511053,5.611390609926211,21.0,0,0.1714781754889465,20.79867161626193,20.5,21.5
357.0,20.519571409716857,20.82553773327791,5.613052156195855,21.0,0,0.17446226672209164,20.795696820946457,20.5,21.5
358.0,20.516590105866154,20.822554571357998,5.6147132355996145,21.0,0,0.1774454286420024,20.79272295215889,20.5,21.5
359.0,20.5136097304921,20.81957233847259,5.616373846872503,21.0,0,0.18042766152741052,20.78975000961851,20.5,21.5
360.0,20.510630283315376,20.81659103434276,5.618033988749895,21.0,0,0.18340896565723952,20.78677799304447,20.5,21.5
361.0,20.50765176405646,20.813610658689385,5.619693659967519,21.0,0,0.18638934131061546,20.783806902155625,20.5,21.5
362.0,20.504674172435642,20.81063121123314,5.621352859261464,21.0,0,0.1893687887668598,20.780836736670697,20.5,21.5
363.0,20.501697508173006,20.80765269169451,5.623011585368176,21.0,0,0.1923473083054894,20.777867496308215,20.5,21.5
364.0,20.498721770988446,20.80467509979378,5.624669837024465,21.0,0,0.19532490020622006,20.774899180786473,20.5,21.5
365.0,20.495746960601654,20.801698435251037,5.626327612967499,21.0,0,0.198301564748963,20.771931789823608,20.5,21.5
366.0,20.492773076732128,20.79872269778617,5.62798491193481,21.0,0,0.20127730221382834,20.768965323137518,20.5,21.5
367.0,20.48980011909917,20.79574788711888,5.629641732664292,21.0,0,0.20425211288112166,20.765999780445945,20.5,21.5
368.0,20.48682808742188,20.792774002968653,5.631298073894205,21.0,0,0.20722599703134748,20.763035161466394,20.5,21.5
369.0,20.483856981419176,20.789801045054798,5.632953934363172,21.0,0,0.21019895494520213,20.76007146591625,20.5,21.5
370.0,20.480886800809767,20.786829013096423,5.634609312810184,21.0,0,0.2131709869035774,20.75710869351267,20.5,21.5
371.0,20.477917545312167,20.78385790681243,5.636264207974598,21.0,0,0.21614209318757105,20.754146843972492,20.5,21.5
372.0,20.4749492146447,20.780887725921538,5.63791861859614,21.0,0,0.21911227407846212,20.751185917012627,20.5,21.5
373.0,20.471981808525488,20.777918470142257,5.6395725434149035,21.0,0,0.22208152985774277,20.74822591234945,20.5,21.5
374.0,20.469015326672466,20.774950139192914,5.6412259811713525,21.0,0,0.22504986080708633,20.745266829699478,20.5,21.5
375.0,20.466049768803366,20.771982732791635,5.642878930606323,21.0,0,0.22801726720836513,20.742308668778847,20.5,21.5
376.0,20.463085134635726,20.769016250656346,5.644531390461022,21.0,0,0.23098374934365395,20.739351429303458,20.5,21.5
377.0,20.460121423886893,20.766050692504784,5.646183359477029,21.0,0,0.23394930749521592,20.736395110989164,20.5,21.5
378.0,20.45715863627401,20.76308605805449,5.6478348363962985,21.0,0,0.23691394194550952,20.733439713551554,20.5,21.5
379.0,20.454196771514034,20.760122347022804,5.649485819961159,21.0,0,0.23987765297719577,20.730485236705942,20.5,21.5
380.0,20.451235829323725,20.757159559126872,5.651136308914314,21.0,0,0.2428404408731275,20.727531680167555,20.5,21.5
381.0,20.44827580941964,20.754197694083654,5.652786301998844,21.0,0,0.2458023059163459,20.72457904365147,20.5,21.5
382.0,20.445316711518156,20.751236751609905,5.654435797958207,21.0,0,0.24876324839009456,20.72162732687242,20.5,21.5
383.0,20.442358535335444,20.74827673142219,5.656084795536243,21.0,0,0.251723268577809,20.718676529545046,20.5,21.5
384.0,20.439401280587486,20.745317633236883,5.6577332934771665,21.0,0,0.2546823667631166,20.715726651383807,20.5,21.5
385.0,20.436444946990065,20.742359456770153,5.659381290525575,21.0,0,0.2576405432298472,20.712777692102847,20.5,21.5
386.0,20.433489534258772,20.73940220173798,5.661028785426446,21.0,0,0.2605977982620189,20.709829651416264,20.5,21.5
387.0,20.430535042109007,20.73644586785615,5.662675776925142,21.0,0,0.2635541321438488,20.706882529037852,20.5,21.5
388.0,20.42758147025597,20.733490454840258,5.664322263767406,21.0,0,0.26650954515974234,20.703936324681322,20.5,21.5
389.0,20.42462881841467,20.730535962405693,5.665968244699369,21.0,0,0.26946403759430737,20.700991038060042,20.5,21.5
390.0,20.42167708629993,20.727582390267667,5.667613718467542,21.0,0,0.272417609732333,20.69804666888741,20.5,21.5
391.0,20.418726273626362,20.724629738141186,5.669258683818827,21.0,0,0.2753702618588143,20.695103216876372,20.5,21.5
392.0,20.4157763801084,20.72167800574106,5.67090313950051,21.0,0,0.27832199425893833,20.69216068173982,20.5,21.5
393.0,20.41282740546028,20.718727192781923,5.672547084260268,21.0,0,0.2812728072180768,20.68921906319054,20.5,21.5
394.0,20.40987934939604,20.7157772989782,5.674190516846164,21.0,0,0.28422270102180036,20.686278360940964,20.5,21.5
395.0,20.40693221162953,20.712828324044118,5.675833436006654,21.0,0,0.2871716759558822,20.6833385747033,20.5,21.5
396.0,20.403985991874407,20.709880267693727,5.677475840490583,21.0,0,0.2901197323062732,20.680399704189817,20.5,21.5
397.0,20.40104068984413,20.706933129640873,5.679117729047188,21.0,0,0.2930668703591266,20.67746174911234,20.5,21.5
398.0,20.398096305251972,20.703986909599212,5.6807591004261,21.0,0,0.2960130904007876,20.674524709182602,20.5,21.5
399.0,20.395152837811008,20.701041607282207,5.6823999533773435,21.0,0,0.29895839271779323,20.67158858411215,20.5,21.5
400.0,20.39221028723412,20.698097222403124,5.684040286651338,21.0,0,0.3019027775968759,20.668653373612297,20.5,21.5
401.0,20.389268653234005,20.695153754675044,5.685680098998897,21.0,0,0.3048462453249563,20.66571907739424,20.5,21.5
402.0,20.38632793552316,20.69221120381085,5.687319389171233,21.0,0,0.30778879618915056,20.662785695168907,20.5,21.5
403.0,20.383388133813888,20.689269569523237,5.688958155919954,21.0,0,0.3107304304767631,20.65985322664711,20.5,21.5
404.0,20.38044924781831,20.686328851524696,5.690596397997069,21.0,0,0.3136711484753043,20.656921671539283,20.5,21.5
405.0,20.377511277248345,20.68338904952754,5.692234114154986,21.0,0,0.3166109504724588,20.653991029555996,20.5,21.5
406.0,20.374574221815728,20.680450163243883,5.693871303146512,21.0,0,0.31954983675611714,20.6510613004073,20.5,21.5
407.0,20.371638081231993,20.67751219238565,5.695507963724856,21.0,0,0.32248780761435114,20.64813248380331,20.5,21.5
408.0,20.36870285520849,20.67457513666457,5.6971440946436305,21.0,0,0.3254248633354315,20.645204579453765,20.5,21.5
409.0,20.365768543456376,20.671638995792183,5.69877969465685,21.0,0,0.32836100420781733,20.642277587068325,20.5,21.5
410.0,20.362835145686617,20.668703769479837,5.7004147625189345,21.0,0,0.331296230520163,20.63935150635638,20.5,21.5
411.0,20.359902661609983,20.66576945743869,5.702049296984709,21.0,0,0.33423054256131124,20.636426337027206,20.5,21.5
412.0,20.35697109093706,20.662836059379703,5.703683296809404,21.0,0,0.33716394062029664,20.63350207878985,20.5,21.5
413.0,20.354040433378234,20.65990357501365,5.705316760748657,21.0,0,0.3400964249863492,20.630578731353125,20.5,21.5
414.0,20.351110688643708,20.65697200405112,5.706949687558514,21.0,0,0.34302799594888,20.62765629442581,20.5,21.5
415.0,20.34818185644349,20.654041346202494,5.708582075995432,21.0,0,0.34595865379750634,20.62473476771623,20.5,21.5
416.0,20.3452539364874,20.65111160117798,5.710213924816274,21.0,0,0.3488883988220195,20.62181415093285,20.5,21.5
417.0,20.342326928485065,20.64818276868758,5.711845232778318,21.0,0,0.3518172313124204,20.61889444378357,20.5,21.5
418.0,20.339400832145923,20.64525484844112,5.71347599863925,21.0,0,0.3547451515588804,20.61597564597652,20.5,21.5
419.0,20.33647564717922,20.64232784014822,5.715106221157173,21.0,0,0.3576721598517807,20.613057757219217,20.5,21.5
420.0,20.333551373294018,20.639401743518327,5.716735899090601,21.0,0,0.36059825648167276,20.610140777219407,20.5,21.5
421.0,20.330628010199177,20.636476558260682,5.718365031198462,21.0,0,0.36352344173931783,20.60722470568423,20.5,21.5
422.0,20.327705557603377,20.633552284084345,5.719993616240102,21.0,0,0.3664477159156547,20.604309542320976,20.5,21.5
423.0,20.324784015215105,20.630628920698182,5.7216216529752835,21.0,0,0.3693710793018177,20.601395286836553,20.5,21.5
424.0,20.321863382742656,20.62770646781087,5.723249140164184,21.0,0,0.3722935321891292,20.598481938937756,20.5,21.5
425.0,20.31894365989414,20.624784925130893,5.724876076567403,21.0,0,0.3752150748691072,20.595569498331113,20.5,21.5
426.0,20.316024846377474,20.621864292366553,5.726502460945957,21.0,0,0.3781357076334473,20.592657964723152,20.5,21.5
427.0,20.313106941900386,20.618944569225953,5.728128292061283,21.0,0,0.38105543077404747,20.58974733781995,20.5,21.5
428.0,20.310189946170418,20.61602575541702,5.729753568675239,21.0,0,0.3839742445829799,20.586837617327696,20.5,21.5
429.0,20.30727385889492,20.613107850647474,5.731378289550109,21.0,0,0.38689214935252636,20.58392880295201,20.5,21.5
430.0,20.30435867978105,20.610190854624854,5.733002453448594,21.0,0,0.3898091453751462,20.581020894398655,20.5,21.5
431.0,20.301444408535783,20.607274767056516,5.734626059133825,21.0,0,0.3927252329434836,20.578113891373143,20.5,21.5
432.0,20.298531044865904,20.60435958764962,5.736249105369356,21.0,0,0.3956404123503816,20.57520779358064,20.5,21.5
433.0,20.295618588478003,20.601445316111135,5.737871590919164,21.0,0,0.3985546838888645,20.572302600726307,20.5,21.5
434.0,20.292707039078493,20.59853195214785,5.739493514547658,21.0,0,0.4014680478521484,20.569398312515013,20.5,21.5
435.0,20.289796396373585,20.59561949546636,5.741114875019672,21.0,0,0.40438050453364127,20.56649492865143,20.5,21.5
436.0,20.286886660069314,20.592707945773064,5.742735671100469,21.0,0,0.4072920542269358,20.56359244884012,20.5,21.5
437.0,20.28397782987152,20.589797302774187,5.7443559015557435,21.0,0,0.41020269722581304,20.560690872785415,20.5,21.5
438.0,20.281069905485857,20.586887566175758,5.745975565151618,21.0,0,0.41311243382424223,20.557790200191466,20.5,21.5
439.0,20.27816288661779,20.58397873568362,5.747594660654649,21.0,0,0.416021264316381,20.55489043076223,20.5,21.5
440.0,20.275256772972597,20.58107081100342,5.749213186831824,21.0,0,0.4189291889965787,20.551991564201444,20.5,21.5
441.0,20.27235156425537,20.57816379184063,5.750831142450566,21.0,0,0.4218362081593696,20.54909360021272,20.5,21.5
442.0,20.26944726017101,20.57525767790053,5.752448526278731,21.0,0,0.42474232209946905,20.546196538499537,20.5,21.5
443.0,20.266543860424232,20.572352468888205,5.7540653370846115,21.0,0,0.4276475311117949,20.543300378764947,20.5,21.5
444.0,20.263641364719565,20.569448164508565,5.7556815736369344,21.0,0,0.4305518354914355,20.54040512071216,20.5,21.5
445.0,20.260739772761347,20.566544764466315,5.757297234704866,21.0,0,0.43345523553368537,20.537510764043816,20.5,21.5
446.0,20.257839084253735,20.563642268465987,5.75891231905801,21.0,0,0.436357731534013,20.53461730846271,20.5,21.5
447.0,20.254939298900695,20.560740676211925,5.7605268254664095,21.0,0,0.4392593237880753,20.531724753671302,20.5,21.5
448.0,20.252040416406007,20.55783998740828,5.762140752700548,21.0,0,0.4421600125917209,20.528833099371823,20.5,21.5
449.0,20.249142436473267,20.554940201759024,5.763754099531349,21.0,0,0.4450597982409761,20.525942345266472,20.5,21.5
450.0,20.24624535880588,20.55204131896793,5.765366864730179,21.0,0,0.4479586810320697,20.523052491056994,20.5,21.5
451.0,20.243349183107064,20.549143338738595,5.766979047068848,21.0,0,0.45085666126140467,20.520163536445246,20.5,21.5
452.0,20.240453909079857,20.546246260774428,5.768590645319607,21.0,0,0.45375373922557216,20.517275481132753,20.5,21.5
453.0,20.237559536427106,20.54335008477865,5.770201658255156,21.0,0,0.4566499152213517,20.514388324820853,20.5,21.5
454.0,20.23466606485147,20.540454810454293,5.771812084648637,21.0,0,0.45954518954570744,20.511502067210735,20.5,21.5
455.0,20.23177349405543,20.537560437504204,5.7734219232736415,21.0,0,0.46243956249579554,20.508616708003323,20.5,21.5
456.0,20.228881823741276,20.534666965631043,5.775031172904206,21.0,0,0.4653330343689568,20.50573224689943,20.5,21.5
457.0,20.225991053611107,20.531774394537294,5.776639832314817,21.0,0,0.4682256054627061,20.5028486835998,20.5,21.5
458.0,20.223101183366847,20.528882723925243,5.778247900280412,21.0,1,0.4711172760747573,20.49996601780473,20.5,21.5
459.0,20.24021221271023,20.529991953496996,5.779855375576377,21.0,1,0.4700080465030041,20.541084249214528,20.5,21.5
460.0,20.257320141342802,20.535101282954468,5.781462256978547,21.0,1,0.4648987170455321,20.586194577529188,20.5,21.5
461.0,20.274424969765928,20.5442099121594,5.783068543263215,21.0,1,0.45579008784060093,20.63529620420871,20.5,21.5
462.0,20.291526698480627,20.557317041133302,5.784674233207123,21.0,1,0.4426829588666976,20.688388330872336,20.5,21.5
463.0,20.308625327987574,20.574421870057446,5.786279325587468,21.0,1,0.4255781299425543,20.74547015929888,20.5,21.5
464.0,20.325720858787093,20.59152359927282,5.787883819181902,21.0,1,0.4084764007271815,20.762540891426546,20.5,21.5
465.0,20.342813291379173,20.608622229280094,5.789487712768534,21.0,1,0.391377770719906,20.77960852935285,20.5,21.5
466.0,20.35990262626345,20.625717760579597,5.79109100512593,21.0,1,0.3742822394204026,20.79667307357463,20.5,21.5
467.0,20.376988863939225,20.642810193671316,5.792693695033112,21.0,1,0.3571898063286838,20.813734524588504,20.5,21.5
468.0,20.394072004905443,20.659899529054893,5.794295781269561,21.0,1,0.34010047094510654,20.830792882890666,20.5,21.5
469.0,20.411152049660714,20.676985767229617,5.79589726261522,21.0,1,0.3230142327703831,20.84784814897685,20.5,21.5
470.0,20.428228998703304,20.694068908694444,5.797498137850493,21.0,1,0.3059310913055562,20.864900323342713,20.5,21.5
471.0,20.445302852531132,20.71114895394798,5.79909840575624,21.0,1,0.28885104605202017,20.88194940648334,20.5,21.5
472.0,20.462373611641777,20.72822590348849,5.80069806511379,21.0,1,0.2717740965115105,20.898995398893586,20.5,21.5
473.0,20.47944127653247,20.745299757813893,5.802297114704932,21.0,1,0.2547002421861073,20.916038301067925,20.5,21.5
474.0,20.496505847700103,20.762370517421772,5.8038955533119205,21.0,1,0.23762948257822814,20.933078113500564,20.5,21.5
475.0,20.513567325641226,20.779438182809358,5.805493379717475,21.0,1,0.22056181719064227,20.950114836685216,20.5,21.5
476.0,20.530625710852043,20.79650275447354,5.80709059270478,21.0,1,0.2034972455264601,20.96714847111536,20.5,21.5
477.0,20.547681003828412,20.813564232910867,5.80868719105749,21.0,1,0.186435767089133,20.984179017284138,20.5,21.5
478.0,20.564733205065856,20.830622618617546,5.810283173559725,21.0,1,0.1693773813824535,21.00120647568434,20.5,21.5
479.0,20.581782315059556,20.847677912089434,5.811878538996075,21.0,1,0.15232208791056578,21.01823084680831,20.5,21.5
480.0,20.598828334304343,20.864730113822056,5.8134732861516,21.0,1,0.13526988617794444,21.03525213114827,20.5,21.5
481.0,20.615871263294714,20.88177922431059,5.815067413811831,21.0,1,0.1182207756894087,21.05227032919595,20.5,21.5
482.0,20.63291110252482,20.89882524404987,5.81666092076277,21.0,1,0.10117475595012948,21.069285441442663,20.5,21.5
483.0,20.649947852488467,20.915868173534392,5.818253805790892,21.0,1,0.08413182646560813,21.086297468379605,20.5,21.5
484.0,20.666981513679126,20.932908013258306,5.819846067683145,21.0,1,0.06709198674169414,21.103306410497446,20.5,21.5
485.0,20.684012086589927,20.949944763715425,5.821437705226955,21.0,1,0.050055236284574534,21.12031226828662,20.5,21.5
486.0,20.701039571713654,20.966978425399212,5.823028717210217,21.0,1,0.03302157460078803,21.137315042237077,20.5,21.5
487.0,20.718063969542754,20.9840089988028,5.82461910242131,21.0,1,0.015991001197200205,21.154314732838678,20.5,21.5
488.0,20.73508528056933,21.001036484418975,5.826208859649084,21.0,1,-0.001036484418975192,21.17131134058073,20.5,21.5
489.0,20.752103505285145,21.01806088274018,5.827797987682869,21.0,1,-0.018060882740179807,21.188304865952226,20.5,21.5
490.0,20.769118644181624,21.035082194258518,5.829386485312478,21.0,1,-0.035082194258517774,21.205295309441897,20.5,21.5
491.0,20.78613069774985,21.052100419465756,5.830974351328199,21.0,1,-0.05210041946575572,21.222282671538135,20.5,21.5
492.0,20.803139666480565,21.06911555885332,5.8325615845208025,21.0,1,-0.06911555885331921,21.239266952728954,20.5,21.5
493.0,20.820145550864172,21.086127612912286,5.834148183681542,21.0,1,-0.08612761291228566,21.25624815350195,20.5,21.5
494.0,20.837148351390734,21.103136582133402,5.835734147602153,21.0,1,-0.10313658213340204,21.273226274344566,20.5,21.5
495.0,20.854148068549975,21.12014246700707,5.837319475074856,21.0,1,-0.12014246700707076,21.290201315743758,20.5,21.5
496.0,20.87114470283128,21.137145268023357,5.838904164892354,21.0,1,-0.1371452680233567,21.307173278186216,20.5,21.5
497.0,20.888138254723692,21.154144985671984,5.840488215847837,21.0,1,-0.15414498567198365,21.324142162158253,20.5,21.5
498.0,20.90512872471592,21.171141620442334,5.842071626734982,21.0,1,-0.17114162044233439,21.34110796814584,20.5,21.5
499.0,20.922116113296322,21.188135172823454,5.843654396347952,21.0,1,-0.18813517282345416,21.358070696634652,20.5,21.5
500.0,20.939100420952933,21.205125643304047,5.8452365234813985,21.0,1,-0.20512564330404714,21.375030348109977,20.5,21.5
501.0,20.956081648173438,21.222113032372476,5.846818006930464,21.0,1,-0.22211303237247648,21.39198692305677,20.5,21.5
502.0,20.973059795445188,21.239097340516775,5.84839884549078,21.0,1,-0.2390973405167749,21.40894042195976,20.5,21.5
503.0,20.990034863255197,21.25607856822463,5.8499790379584695,21.0,1,-0.2560785682246305,21.425890845303186,20.5,21.5
504.0,21.007006852090136,21.273056715983394,5.851558583130146,21.0,1,-0.27305671598339387,21.442838193571028,20.5,21.5
505.0,21.023975762436343,21.290031784280078,5.853137479802917,21.0,1,-0.29003178428007814,21.45978246724692,20.5,21.5
506.0,21.040941594779817,21.307003773601355,5.854715726774385,21.0,1,-0.30700377360135533,21.476723666814127,20.5,21.5
507.0,21.057904349606215,21.32397268443356,5.856293322842646,21.0,1,-0.32397268443356,21.493661792755606,20.5,21.5
508.0,21.074864027400864,21.340938517262693,5.857870266806292,21.0,0,-0.34093851726269264,21.51059684555402,20.5,21.5
509.0,21.071820628648744,21.35390127257441,5.859446557464411,21.0,0,-0.3539012725744115,21.4835288256916,20.5,21.5
510.0,21.068778153834508,21.362861750854044,5.8610221936165905,21.0,0,-0.3628617508540444,21.452466533650373,20.5,21.5
511.0,21.065736602642463,21.36782075242657,5.8625971740629135,21.0,0,-0.36782075242657086,21.417410768151836,20.5,21.5
512.0,21.062695974756746,21.368779077456676,5.864171497603965,21.0,0,-0.3687790774566757,21.378362327757724,20.5,21.5
513.0,21.059656269861314,21.365737525948767,5.8657451630408275,21.0,0,-0.3657375259487665,21.335322010869675,20.5,21.5
514.0,21.05661748763995,21.362696897747007,5.867318169175088,21.0,0,-0.3626968977470071,21.332290615729413,20.5,21.5
515.0,21.05357962777626,21.35965719253536,5.868890514808834,21.0,0,-0.35965719253535866,21.329260140418874,20.5,21.5
516.0,21.050542689953666,21.3566184099976,5.870462198744655,21.0,0,-0.3566184099976013,21.326230584620028,20.5,21.5
517.0,21.047506673855423,21.353580549817337,5.872033219785646,21.0,0,-0.35358054981733744,21.3232019480147,20.5,21.5
518.0,21.04447157916461,21.350543611677995,5.8736035767354045,21.0,0,-0.3505436116779954,21.320174230284575,20.5,21.5
519.0,21.041437405564125,21.347507595262833,5.875173268398037,21.0,0,-0.34750759526283304,21.31714743111121,20.5,21.5
520.0,21.038404152736693,21.344472500254916,5.876742293578155,21.0,0,-0.34447250025491627,21.31412155017575,20.5,21.5
521.0,21.035371820364862,21.34143832633716,5.878310651080877,21.0,0,-0.3414383263371583,21.31109658715958,20.5,21.5
522.0,21.032340408131006,21.338405073192277,5.87987833971183,21.0,0,-0.338405073192277,21.308072541743464,20.5,21.5
523.0,21.029309915717324,21.335372740502823,5.881445358277152,21.0,0,-0.33537274050282306,21.305049413608284,20.5,21.5
524.0,21.026280342805837,21.332341327951163,5.88301170558349,21.0,0,-0.33234132795116267,21.30202720243456,20.5,21.5
525.0,21.023251689078393,21.329310835219502,5.884577380438002,21.0,0,-0.329310835219502,21.299005907902895,20.5,21.5
526.0,21.020223954216664,21.326281261989863,5.88614238164836,21.0,0,-0.3262812619898625,21.295985529693468,20.5,21.5
527.0,21.01719713790215,21.32325260794409,5.887706708022744,21.0,0,-0.3232526079440916,21.292966067486383,20.5,21.5
528.0,21.014171239816175,21.320224872763863,5.889270358369855,21.0,0,-0.3202248727638626,21.289947520961572,20.5,21.5
529.0,21.011146259639887,21.31719805613067,5.890833331498904,21.0,0,-0.3171980561306711,21.286929889798756,20.5,21.5
530.0,21.00812219705426,21.314172157725846,5.892395626219617,21.0,0,-0.31417215772584584,21.283913173677593,20.5,21.5
531.0,21.005099051740093,21.31114717723053,5.8939572413422425,21.0,0,-0.31114717723053076,21.28089737227738,20.5,21.5
532.0,21.00207682337801,21.308123114325703,5.895518175677539,21.0,0,-0.30812311432570283,21.277882485277424,20.5,21.5
533.0,20.99905551164847,21.305099968692165,5.89707842803679,21.0,0,-0.30509996869216494,21.274868512356786,20.5,21.5
534.0,20.99603511623175,21.30207774001054,5.898637997231793,21.0,0,-0.3020777400105388,21.271855453194277,20.5,21.5
535.0,20.99301563680795,21.299056427961276,5.90019688207487,21.0,0,-0.2990564279612755,21.268843307468643,20.5,21.5
536.0,20.989997073057005,21.296036032224656,5.9017550813788615,21.0,0,-0.2960360322246558,21.26583207485846,20.5,21.5
537.0,20.98697942465867,21.293016552480786,5.903312593957131,21.0,0,-0.2930165524807862,21.26282175504209,20.5,21.5
538.0,20.98396269129253,21.2899979884096,5.904869418623566,21.0,0,-0.2899979884095991,21.25981234769773,20.5,21.5
539.0,20.980946872637997,21.28698033969085,5.906425554192575,21.0,0,-0.28698033969084946,21.256803852503353,20.5,21.5
540.0,20.977931968374307,21.283963606004118,5.9079809994790935,21.0,0,-0.28396360600411796,21.253796269136803,20.5,21.5
541.0,20.974917978180528,21.280947787028822,5.9095357532985835,21.0,0,-0.28094778702882195,21.250789597275862,20.5,21.5
542.0,20.971904901735552,21.277932882444198,5.911089814467031,21.0,0,-0.27793288244419756,21.247783836597954,20.5,21.5
543.0,20.9688927387181,21.27491889192931,5.912643181800951,21.0,0,-0.2749188919293104,21.24477898678044,20.5,21.5
544.0,20.965881488806716,21.271905815163056,5.914195854117389,21.0,0,-0.27190581516305556,21.241775047500507,20.5,21.5
545.0,20.962871151679778,21.26889365182415,5.915747830233913,21.0,0,-0.2688936518241505,21.2387720184351,20.5,21.5
546.0,20.95986172701549,21.265882401591142,5.9172991089686295,21.0,0,-0.26588240159114207,21.235769899261058,20.5,21.5
547.0,20.95685321449188,21.262872064142407,5.918849689140171,21.0,0,-0.2628720641424067,21.232768689655053,20.5,21.5
548.0,20.953845613786807,21.259862639156147,5.920399569567703,21.0,0,-0.2598626391561467,21.229768389293547,20.5,21.5
549.0,20.950838924577965,21.256854126310397,5.921948749070925,21.0,0,-0.2568541263103974,21.226768997852904,20.5,21.5
550.0,20.947833146542862,21.253846525283016,5.923497226470068,21.0,0,-0.25384652528301643,21.223770515009207,20.5,21.5
551.0,20.94482827935885,21.250839835751687,5.9250450005859,21.0,0,-0.25083983575168745,21.220772940438398,20.5,21.5
552.0,20.941824322703095,21.24783405739393,5.926592070239724,21.0,0,-0.2478340573939306,21.217776273816362,20.5,21.5
553.0,20.938821276252604,21.244829189887092,5.928138434253378,21.0,0,-0.244829189887092,21.214780514818706,20.5,21.5
554.0,20.935819139684202,21.24182523290834,5.929684091449239,21.0,0,-0.24182523290834013,21.21178566312082,20.5,21.5
555.0,20.932817912674555,21.238822186134676,5.931229040650223,21.0,0,-0.23882218613467643,21.20879171839804,20.5,21.5
556.0,20.92981759490015,21.23582004924294,5.932773280679783,21.0,0,-0.23582004924293898,21.205798680325564,20.5,21.5
557.0,20.926818186037305,21.23281882190978,5.934316810361912,21.0,0,-0.2328188219097811,21.202806548578202,20.5,21.5
558.0,20.92381968576217,21.229818503811693,5.935859628521147,21.0,0,-0.22981850381169266,21.19981532283081,20.5,21.5
559.0,20.920822093750722,21.226819094624993,5.937401733982563,21.0,0,-0.22681909462499306,21.196825002757997,20.5,21.5
560.0,20.91782540967877,21.223820594025835,5.9389431255717815,21.0,0,-0.22382059402583465,21.19383558803425,20.5,21.5
561.0,20.91482963322195,21.220823001690196,5.940483802114964,21.0,0,-0.22082300169019575,21.190847078333807,20.5,21.5
562.0,20.911834764055726,21.217826317293877,5.94202376243882,21.0,0,-0.21782631729387703,21.18785947333069,20.5,21.5
563.0,20.9088408018554,21.214830540512526,5.943563005370601,21.0,0,-0.21483054051252637,21.18487277269902,20.5,21.5
564.0,20.905847746296104,21.2118356710216,5.945101529738108,21.0,0,-0.21183567102159984,21.181886976112335,20.5,21.5
565.0,20.902855597052792,21.208841708496404,5.946639334369687,21.0,0,-0.20884170849640427,21.17890208324445,20.5,21.5
566.0,20.899864353800254,21.205848652612065,5.948176418094232,21.0,0,-0.2058486526120653,21.175918093768676,20.5,21.5
567.0,20.89687401621311,21.20285650304354,5.949712779741189,21.0,0,-0.20285650304354164,21.172935007358305,20.5,21.5
568.0,20.893884583965818,21.199865259465625,5.95124841814055,21.0,0,-0.19986525946562494,21.169952823686458,20.5,21.5
569.0,20.890896056732654,21.196874921552936,5.952783332122861,21.0,0,-0.1968749215529364,21.16697154242605,20.5,21.5
570.0,20.887908434187732,21.193885488979923,5.954317520519217,21.0,0,-0.19388548897992308,21.16399116324979,20.5,21.5
571.0,20.884921716005,21.190896961420872,5.955850982161267,21.0,0,-0.1908969614208722,21.161011685830363,20.5,21.5
572.0,20.88193590185823,21.187909338549893,5.957383715881214,21.0,0,-0.18790933854989333,21.158033109840105,20.5,21.5
573.0,20.878950991421036,21.184922620040936,5.958915720511813,21.0,0,-0.18492262004093618,21.155055434951365,20.5,21.5
574.0,20.875966984366855,21.181936805567776,5.960446994886378,21.0,0,-0.18193680556777636,21.152078660836178,20.5,21.5
575.0,20.87298388036896,21.178951894804023,5.961977537838775,21.0,0,-0.17895189480402252,21.149102787166484,20.5,21.5
576.0,20.870001679100454,21.17596788742311,5.96350734820343,21.0,0,-0.1759678874231092,21.146127813613976,20.5,21.5
577.0,20.867020380234276,21.17298478309832,5.9650364248153265,21.0,0,-0.17298478309832177,21.143153739850447,20.5,21.5
578.0,20.86403998344319,21.17000258150275,5.966564766510005,21.0,0,-0.17000258150275016,21.140180565547034,20.5,21.5
579.0,20.861060488399804,21.167021282309342,5.968092372123566,21.0,0,-0.1670212823093422,21.137208290375263,20.5,21.5
580.0,20.85808189477655,21.164040885190865,5.969619240492674,21.0,0,-0.16404088519086457,21.134236914006088,20.5,21.5
581.0,20.855104202245695,21.161061389819913,5.9711453704545505,21.0,0,-0.16106138981991336,21.1312664361104,20.5,21.5
582.0,20.852127410479337,21.158082795868925,5.972670760846981,21.0,0,-0.15808279586892482,21.12829685635904,20.5,21.5
583.0,20.849151519149412,21.155105103010168,5.974195410508315,21.0,0,-0.15510510301016822,21.125328174422602,20.5,21.5
584.0,20.846176527927685,21.152128310915742,5.9757193182774655,21.0,0,-0.1521283109157423,21.122360389971483,20.5,21.5
585.0,20.843202436485754,21.149152419257582,5.97724248299391,21.0,0,-0.14915241925758238,21.119393502675983,20.5,21.5
586.0,20.840229244495056,21.146177427707453,5.978764903497693,21.0,0,-0.14617742770745323,21.11642751220616,20.5,21.5
587.0,20.837256951626856,21.143203335936956,5.980286578629424,21.0,0,-0.14320333593695622,21.113462418231986,20.5,21.5
588.0,20.834285557552256,21.140230143617526,5.981807507230282,21.0,0,-0.14023014361752573,21.11049822042322,20.5,21.5
589.0,20.831315061942192,21.13725785042043,5.983327688142013,21.0,0,-0.13725785042042915,21.107534918449463,20.5,21.5
590.0,20.828345464467432,21.134286456016763,5.984847120206934,21.0,0,-0.13428645601676337,21.104572511980106,20.5,21.5
591.0,20.82537676479858,21.131315960077465,5.986365802267931,21.0,0,-0.13131596007746538,21.101611000684485,20.5,21.5
592.0,20.822408962606076,21.128346362273312,5.987883733168462,21.0,0,-0.1283463622733123,21.09865038423178,20.5,21.5
593.0,20.819442057560188,21.125377662274897,5.989400911752556,21.0,0,-0.12537766227489655,21.09569066229074,20.5,21.5
594.0,20.816476049331026,21.122409859752665,5.990917336864815,21.0,0,-0.12240985975266483,21.092731834530348,20.5,21.5
595.0,20.813510937588532,21.119442954376886,5.992433007350416,21.0,0,-0.11944295437688623,21.0897739006191,20.5,21.5
596.0,20.810546722002485,21.116476945817663,5.993947922055111,21.0,0,-0.11647694581766288,21.08681686022543,20.5,21.5
597.0,20.807583402242496,21.113511833744948,5.9954620798252245,21.0,0,-0.11351183374494767,21.083860713017796,20.5,21.5
598.0,20.80462097797801,21.110547617828512,5.99697547950766,21.0,0,-0.1105476178285123,21.08090545866416,20.5,21.5
599.0,20.80165944887832,21.107584297737972,5.9984881199499,21.0,0,-0.10758429773797218,21.07795109683257,20.5,21.5
600.0,20.798698814612532,21.104621873142772,-9.0,21.0,0,-0.10462187314277216,21.074997627190772,20.5,21.5
601.0,20.79273907484961,21.1010603437122,-8.998488881493401,21.0,0,-0.10106034371219863,21.065445049406463,20.5,21.5
602.0,20.78678082925834,21.096899829115365,-8.996978525681087,21.0,0,-0.09689982911536532,21.055294683147032,20.5,21.5
603.0,20.780824077387354,21.092140448997235,-8.995468933713255,21.0,0,-0.09214044899723461,21.044546647815928,20.5,21.5
604.0,20.774868818785134,21.0867823229786,-8.99396010673953,21.0,0,-0.08678232297859978,21.03320106279225,20.5,21.5
605.0,20.76891505300003,21.080825570656096,-8.992452045908948,21.0,0,-0.08082557065609564,21.021258047431054,20.5,21.5
606.0,20.762962779580246,21.074870311602222,-8.990944752369963,21.0,0,-0.07487031160222202,21.015317721063486,20.5,21.5
607.0,20.757011998073857,21.068916545365326,-8.98943822727044,21.0,0,-0.06891654536532599,21.009378882996366,20.5,21.5
608.0,20.751062708028787,21.062964271493616,-8.987932471757674,21.0,0,-0.06296427149361605,21.003441532776517,20.5,21.5
609.0,20.74511490899283,21.057013489535155,-8.986427486978352,21.0,0,-0.05701348953515506,20.997505669950545,20.5,21.5
610.0,20.739168600513633,21.051064199037874,-8.984923274078593,21.0,0,-0.0510641990378744,20.991571294065068,20.5,21.5
611.0,20.733223782138715,21.04511639954957,-8.983419834203914,21.0,0,-0.045116399549570474,20.98563840466653,20.5,21.5
612.0,20.727280453415446,21.039170090617887,-8.981917168499258,21.0,0,-0.0391700906178869,20.97970700130105,20.5,21.5
613.0,20.721338613891064,21.033225271790343,-8.980415278108964,21.0,0,-0.03322527179034296,20.973777083514904,20.5,21.5
614.0,20.715398263112665,21.027281942614312,-8.97891416417679,21.0,0,-0.02728194261431227,20.967848650854005,20.5,21.5
615.0,20.709459400627207,21.021340102637026,-8.977413827845897,21.0,0,-0.021340102637026348,20.961921702864167,20.5,21.5
616.0,20.703522025981513,21.015399751405585,-8.975914270258857,21.0,0,-0.015399751405585249,20.955996239091174,20.5,21.5
617.0,20.697586138722265,21.00946088846695,-8.97441549255765,21.0,0,-0.009460888466950479,20.950072259080603,20.5,21.5
618.0,20.691651738396008,21.00352351336794,-8.97291749588366,21.0,0,-0.003523513367941433,20.94414976237785,20.5,21.5
619.0,20.685718824549152,20.99758762565524,-8.971420281377675,21.0,0,0.002412374344761048,20.938228748528214,20.5,21.5
620.0,20.679787396727967,20.991653224875392,-8.969923850179892,21.0,0,0.008346775124607575,20.932309217076927,20.5,21.5
621.0,20.673857454478586,20.98572031057481,-8.968428203429905,21.0,0,0.014279689425190867,20.926391167568976,20.5,21.5
622.0,20.667928997347005,20.979788882299754,-8.966933342266717,21.0,0,0.02021111770024575,20.920474599549205,20.5,21.5
623.0,20.662002024879083,20.97385893959637,-8.965439267828728,21.0,0,0.0261410604036314,20.914559512562512,20.5,21.5
624.0,20.656076536620542,20.967930482010647,-8.96394598125374,21.0,0,0.03206951798935265,20.908645906153435,20.5,21.5
625.0,20.650152532116966,20.962003509088447,-8.962453483678956,21.0,0,0.03799649091155288,20.902733779866445,20.5,21.5
626.0,20.644230010913805,20.95607802037549,-8.960961776240982,21.0,0,0.0439219796245105,20.896823133245913,20.5,21.5
627.0,20.638308972556374,20.95015401541736,-8.959470860075811,21.0,0,0.04984598458263889,20.890913965836077,20.5,21.5
628.0,20.63238941658985,20.944231493759517,-8.957980736318847,21.0,0,0.05576850624048291,20.885006277181077,20.5,21.5
629.0,20.626471342559267,20.938310454947263,-8.956491406104881,21.0,0,0.061689545052736605,20.879100066824726,20.5,21.5
630.0,20.620554750009536,20.932390898525778,-8.955002870568102,21.0,0,0.06760910147422194,20.873195334310925,20.5,21.5
631.0,20.61463963848542,20.926472824040104,-8.953515130842096,21.0,0,0.07352717595989589,20.867292079183365,20.5,21.5
632.0,20.608726007531555,20.920556231035143,-8.952028188059842,21.0,0,0.0794437689648575,20.861390300985526,20.5,21.5
633.0,20.602813856692435,20.91464111905566,-8.95054204335371,21.0,0,0.08535888094434085,20.855489999260826,20.5,21.5
634.0,20.596903185512428,20.908727487646292,-8.949056697855465,21.0,0,0.09127251235370792,20.84959117355262,20.5,21.5
635.0,20.590993993535754,20.902815336351534,-8.94757215269626,21.0,0,0.09718466364846634,20.84369382340395,20.5,21.5
636.0,20.58508628030651,20.896904664715752,-8.946088409006645,21.0,0,0.10309533528424808,20.837797948357935,20.5,21.5
637.0,20.579180045368645,20.89099547228317,-8.944605467916553,21.0,0,0.10900452771683078,20.831903547957342,20.5,21.5
638.0,20.57327528826599,20.88508775859788,-8.943123330555306,21.0,0,0.11491224140211997,20.826010621744988,20.5,21.5
639.0,20.567372008542225,20.87918152320384,-8.941641998051619,21.0,0,0.12081847679615976,20.820119169263442,20.5,21.5
640.0,20.561470205740907,20.87327676564487,-8.94016147153359,21.0,0,0.12672323435512922,20.814229190055176,20.5,21.5
641.0,20.555569879405454,20.86737348546466,-8.938681752128705,21.0,0,0.1326265145353389,20.808340683662564,20.5,21.5
642.0,20.549671029079146,20.861471682206762,-8.937202840963835,21.0,0,0.13852831779323793,20.802453649627772,20.5,21.5
643.0,20.543773654305138,20.85557135541459,-8.935724739165233,21.0,0,0.14442864458541038,20.796568087492865,20.5,21.5
644.0,20.537877754626443,20.849672504631435,-8.93424744785854,21.0,0,0.1503274953685647,20.790683996799892,20.5,21.5
645.0,20.531983329585945,20.843775129400438,-8.932770968168777,21.0,0,0.15622487059956214,20.784801377090464,20.5,21.5
646.0,20.526090378726394,20.837879229264626,-8.931295301220347,21.0,0,0.162120770735374,20.778920227906507,20.5,21.5
647.0,20.520198901590405,20.83198480376688,-8.929820448137036,21.0,0,0.1680151962331209,20.77304054878941,20.5,21.5
648.0,20.514308897720458,20.82609185244994,-8.928346410042007,21.0,0,0.17390814755005835,20.767162339280567,20.5,21.5
649.0,20.508420366658907,20.820200374856434,-8.926873188057804,21.0,0,0.1797996251435663,20.761285598921354,20.5,21.5
650.0,20.502533307947964,20.81431037052884,-8.925400783306353,21.0,0,0.18568962947115963,20.755410327252907,20.5,21.5
651.0,20.496647721129712,20.808421839009505,-8.92392919690895,21.0,0,0.1915781609904954,20.749536523816147,20.5,21.5
652.0,20.490763605746103,20.80253477984065,-8.922458429986275,21.0,0,0.19746522015935142,20.74366418815209,20.5,21.5
653.0,20.484880961338956,20.79664919256435,-8.920988483658377,21.0,0,0.20335080743565115,20.73779331980135,20.5,21.5
654.0,20.478999787449958,20.790765076722558,-8.91951935904469,21.0,0,0.20923492327744242,20.731923918304645,20.5,21.5
655.0,20.47312008362066,20.7848824318571,-8.918051057264012,21.0,0,0.21511756814290095,20.726055983202514,20.5,21.5
656.0,20.467241849392483,20.779001257509652,-8.916583579434521,21.0,0,0.22099874249034812,20.72018951403518,20.5,21.5
657.0,20.461365084306717,20.773121553221774,-8.915116926673763,21.0,0,0.2268784467782261,20.714324510342994,20.5,21.5
658.0,20.455489787904522,20.767243318534888,-8.913651100098658,21.0,0,0.23275668146511208,20.708460971666028,20.5,21.5
659.0,20.44961595972692,20.761366552990278,-8.9121861008255,21.0,0,0.23863344700972178,20.70259889754418,20.5,21.5
660.0,20.44374359931481,20.75549125612911,-8.910721929969945,21.0,0,0.24450874387089172,20.69673828751741,20.5,21.5
661.0,20.437872706208953,20.7496174274924,-8.909258588647027,21.0,0,0.25038257250760054,20.69087914112531,20.5,21.5
662.0,20.43200327994998,20.743745066621052,-8.907796077971142,21.0,0,0.25625493337894767,20.68502145790758,20.5,21.5
663.0,20.426135320078398,20.737874173055825,-8.906334399056055,21.0,0,0.26212582694417463,20.679165237403556,20.5,21.5
664.0,20.42026882613457,20.732004746337356,-8.9048735530149,21.0,0,0.26799525366264376,20.673310479152665,20.5,21.5
665.0,20.41440379765874,20.726136786006144,-8.903413540960173,21.0,0,0.27386321399385594,20.667457182694022,20.5,21.5
666.0,20.408540234191015,20.720270291602553,-8.901954364003736,21.0,0,0.27972970839744704,20.661605347566642,20.5,21.5
667.0,20.402678135271376,20.714405262666837,-8.900496023256819,21.0,0,0.2855947373331631,20.655754973309676,20.5,21.5
668.0,20.39681750043967,20.70854169873909,-8.89903851983001,21.0,0,0.29145830126091,20.64990605946162,20.5,21.5
669.0,20.390958329235616,20.7026795993593,-8.897581854833259,21.0,0,0.2973204006407002,20.644058605561398,20.5,21.5
670.0,20.385100621198802,20.69681896406731,-8.896126029375884,21.0,0,0.3031810359326883,20.63821261114743,20.5,21.5
671.0,20.379244375868687,20.690959792402847,-8.894671044566557,21.0,0,0.3090402075971532,20.632368075758198,20.5,21.5
672.0,20.3733895927846,20.68510208390549,-8.893216901513313,21.0,0,0.3148979160945089,20.626524998931934,20.5,21.5
673.0,20.367536271485744,20.679245838114706,-8.891763601323543,21.0,0,0.3207541618852936,20.62068338020686,20.5,21.5
674.0,20.36168441151118,20.67339105456982,-8.890311145104,21.0,0,0.3266089454301806,20.61484321912095,20.5,21.5
675.0,20.355834012399857,20.667537732810032,-8.888859533960796,21.0,0,0.3324622671899675,20.609004515212163,20.5,21.5
676.0,20.349985073690586,20.661685872374413,-8.88740876899939,21.0,0,0.338314127625587,20.60316726801822,20.5,21.5
677.0,20.34413759492205,20.6558354728019,-8.885958851324606,21.0,0,0.34416452719809953,20.597331477076775,20.5,21.5
678.0,20.338291575632798,20.649986533631314,-8.88450978204062,21.0,0,0.35001346636868647,20.591497141925444,20.5,21.5
679.0,20.332447015361264,20.64413905440133,-8.883061562250958,21.0,0,0.3558609455986712,20.58566426210148,20.5,21.5
680.0,20.32660391364574,20.63829303465051,-8.881614193058507,21.0,0,0.36170696534949087,20.579832837142312,20.5,21.5
681.0,20.3207622700244,20.63244847391727,-8.880167675565497,21.0,0,0.36755152608272823,20.574002866584898,20.5,21.5
682.0,20.31492208403528,20.62660537173992,-8.878722010873517,21.0,0,0.37339462826007974,20.568174349966405,20.5,21.5
683.0,20.3090833552163,20.620763727656616,-8.877277200083501,21.0,0,0.379236272343384,20.562347286823574,20.5,21.5
684.0,20.30324608310524,20.61492354120541,-8.87583324429574,21.0,0,0.3850764587945896,20.556521676693354,20.5,21.5
685.0,20.29741026723976,20.609084811924212,-8.874390144609862,21.0,0,0.3909151880757875,20.550697519112234,20.5,21.5
686.0,20.291575907157387,20.60324753935081,-8.872947902124857,21.0,0,0.39675246064918923,20.544874813616794,20.5,21.5
687.0,20.28574300239553,20.597411723022862,-8.871506517939052,21.0,0,0.40258827697713784,20.539053559743376,20.5,21.5
688.0,20.279911552491463,20.591577362477896,-8.870065993150124,21.0,0,0.4084226375221043,20.53323375702823,20.5,21.5
689.0,20.274081556982335,20.585744457253316,-8.868626328855097,21.0,0,0.41425554274668386,20.52741540500752,20.5,21.5
690.0,20.26825301540517,20.579913006886397,-8.867187526150335,21.0,0,0.4200869931136033,20.521598503217202,20.5,21.5
691.0,20.262425927296857,20.57408301091429,-8.86574958613155,21.0,0,0.4259169890857102,20.51578305119322,20.5,21.5
692.0,20.25660029219417,20.56825446887402,-8.864312509893796,21.0,0,0.4317455311259799,20.509969048471323,20.5,21.5
693.0,20.250776109633755,20.562427380302477,-8.862876298531472,21.0,0,0.4375726196975229,20.504156494587047,20.5,21.5
694.0,20.244953379152122,20.556601744736433,-8.861440953138311,21.0,1,0.4433982552635669,20.498345389075993,20.5,21.5
695.0,20.259132100285665,20.554777561712534,-8.860006474807394,21.0,1,0.4452224382874661,20.536535731473542,20.5,21.5
696.0,20.273308272570645,20.556954030767294,-8.858572864631137,21.0,1,0.4430459692327062,20.578718721314893,20.5,21.5
697.0,20.287481896343206,20.5631303515971,-8.857140123701296,21.0,1,0.4368696484029009,20.624893559895153,20.5,21.5
698.0,20.3016529719392,20.573305724058187,-8.855708253108968,21.0,1,0.42669427594181286,20.675059448669067,20.5,21.5
699.0,20.315821499694188,20.587479348166603,-8.854277253944582,21.0,1,0.4125206518333968,20.729215589250764,20.5,21.5
700.0,20.329987479943462,20.60165042409816,-8.852847127297908,21.0,1,0.3983495759018396,20.743361183413732,20.5,21.5
701.0,20.344150913022013,20.615818952188437,-8.851417874258049,21.0,1,0.3841810478115626,20.757504233091208,20.5,21.5
702.0,20.358311799264555,20.629984932772707,-8.849989495913443,21.0,1,0.3700150672272926,20.771644738615407,20.5,21.5
703.0,20.37247013900552,20.64414836618597,-8.848561993351863,21.0,1,0.35585163381403007,20.785782700318595,20.5,21.5
704.0,20.38662593257905,20.65830925276294,-8.847135367660414,21.0,1,0.3416907472370596,20.799918118532645,20.5,21.5
705.0,20.400779180319002,20.67246759283805,-8.845709619925533,21.0,1,0.3275324071619501,20.814050993589145,20.5,21.5
706.0,20.414929882558955,20.68662338674544,-8.84428475123299,21.0,1,0.3133766132545617,20.828181325819322,20.5,21.5
707.0,20.429078039632195,20.70077663481897,-8.842860762667883,21.0,1,0.29922336518103165,20.84230911555427,20.5,21.5
708.0,20.443223651871733,20.714927337392208,-8.841437655314643,21.0,1,0.2850726626077922,20.856434363124603,20.5,21.5
709.0,20.457366719610295,20.729075494798458,-8.840015430257026,21.0,1,0.2709245052015419,20.87055706886096,20.5,21.5
710.0,20.471507243180323,20.743221107370722,-8.83859408857812,21.0,1,0.2567788926292778,20.884677233093363,20.5,21.5
711.0,20.48564522291397,20.75736417544173,-8.83717363136034,21.0,1,0.24263582455827049,20.898794856151802,20.5,21.5
712.0,20.499780659143116,20.771504699343915,-8.83575405968542,21.0,1,0.22849530065608548,20.912909938365765,20.5,21.5
713.0,20.51391355219935,20.785642679409438,-8.834335374634433,21.0,1,0.21435732059056178,20.927022480064675,20.5,21.5
714.0,20.528043902413984,20.799778115970174,-8.832917577287766,21.0,1,0.2002218840298262,20.94113248157753,20.5,21.5
715.0,20.542171710118044,20.813911009357717,-8.83150066872513,21.0,1,0.18608899064228268,20.955239943233153,20.5,21.5
716.0,20.556296975642276,20.828041359903377,-8.830084650025569,21.0,1,0.17195864009662287,20.969344865359975,20.5,21.5
717.0,20.570419699317142,20.84216916793818,-8.82866952226744,21.0,1,0.15783083206181914,20.983447248286218,20.5,21.5
718.0,20.584539881472825,20.856294433792876,-8.827255286528422,21.0,1,0.1437055662071245,20.997547092339822,20.5,21.5
719.0,20.598657522439225,20.870417157797924,-8.82584194388552,21.0,1,0.12958284220207616,21.011644397848407,20.5,21.5
720.0,20.61277262254596,20.884537340283504,6.175570504584947,21.0,1,0.11546265971649561,21.02573916513931,20.5,21.5
721.0,20.62988518212237,20.899254981579524,6.176982057807334,21.0,1,0.10074501842047567,21.046431394539724,20.5,21.5
722.0,20.646994601497507,20.914569962015598,6.178392714706684,21.0,1,0.08543003798440196,21.067719766376335,20.5,21.5
723.0,20.66410088112015,20.930482161945058,6.179802474208721,21.0,1,0.06951783805494216,21.089604161239656,20.5,21.5
724.0,20.681204021438766,20.946991461744968,6.181211335239851,21.0,1,0.05300853825503182,21.11208445974407,20.5,21.5
725.0,20.698304022901528,20.964097741816083,6.1826192967271645,21.0,1,0.03590225818391701,21.13516054252723,20.5,21.5
726.0,20.715400885956292,20.98120088258287,6.184026357598439,21.0,1,0.018799117417131583,21.152232290250723,20.5,21.5
727.0,20.73249461105062,20.998300884493492,6.185432516782136,21.0,1,0.001699115506507809,21.16930090359973,20.5,21.5
728.0,20.749585198631767,21.015397747995813,6.186837773207403,21.0,1,-0.01539774799581295,21.18636638301902,20.5,21.5
729.0,20.76667264914668,21.032491473537398,6.188242125804077,21.0,1,-0.03249147353739801,21.20342872895325,20.5,21.5
730.0,20.783756963042013,21.049582061565495,6.189645573502682,21.0,1,-0.04958206156549494,21.220487941846464,20.5,21.5
731.0,20.800838140764103,21.066669512527056,6.191048115234433,21.0,1,-0.06666951252705644,21.23754402214267,20.5,21.5
732.0,20.817916182758996,21.08375382686873,6.192449749931232,21.0,1,-0.08375382686872967,21.254596970285462,20.5,21.5
733.0,20.83499108947243,21.100835005036863,6.1938504765256726,21.0,1,-0.10083500503686338,21.2716467867182,20.5,21.5
734.0,20.852062861349843,21.117913047477494,6.195250293951043,21.0,1,-0.11791304747749365,21.288693471883796,20.5,21.5
735.0,20.869131498836364,21.134987954636365,6.196649201141318,21.0,1,-0.13498795463636526,21.30573702622508,20.5,21.5
736.0,20.886197002376825,21.152059726958907,6.198047197031172,21.0,1,-0.1520597269589068,21.322777450184322,20.5,21.5
737.0,20.903259372415757,21.16912836489026,6.199444280555968,21.0,1,-0.16912836489025906,21.33981474420378,20.5,21.5
738.0,20.920318609397384,21.186193868875247,6.200840450651768,21.0,1,-0.1861938688752467,21.356848908725123,20.5,21.5
739.0,20.937374713765635,21.203256239358403,6.202235706255326,21.0,1,-0.20325623935840298,21.373879944189966,20.5,21.5
740.0,20.954427685964134,21.22031547678396,6.203630046304096,21.0,1,-0.22031547678395924,21.390907851039522,20.5,21.5
741.0,20.971477526436203,21.23737158159583,6.2050234697362265,21.0,1,-0.2373715815958306,21.407932629714544,20.5,21.5
742.0,20.988524235624862,21.25442455423765,6.206415975490565,21.0,1,-0.25442455423765153,21.42495428065586,20.5,21.5
743.0,21.005567813972835,21.271474395152744,6.207807562506657,21.0,1,-0.27147439515274385,21.441972804303667,20.5,21.5
744.0,21.022608261922542,21.288521104784124,6.209198229724749,21.0,1,-0.28852110478412385,21.458988201097924,20.5,21.5
745.0,21.0396455799161,21.30556468357452,6.2105879760857885,21.0,1,-0.30556468357452005,21.476000471478482,20.5,21.5
746.0,21.056679768395334,21.32260513196635,6.211976800531422,21.0,1,-0.3226051319663483,21.49300961588463,20.5,21.5
747.0,21.07371082780176,21.339642450401726,6.213364702003999,21.0,0,-0.33964245040172614,21.510015634755504,20.5,21.5
748.0,21.070738758576603,21.352676639322482,6.214751679446573,21.0,0,-0.35267663932248183,21.48301852853004,20.5,21.5
749.0,21.067767561160778,21.361708499170128,6.216137731802901,21.0,0,-0.3617084991701276,21.452027097646585,20.5,21.5
750.0,21.064797235194906,21.36673883022589,6.217522858017441,21.0,0,-0.3667388302258914,21.41704214078353,20.5,21.5
751.0,21.06182778031947,21.367768432610717,6.218907057035362,21.0,0,-0.3677684326107169,21.378064456458972,20.5,21.5
752.0,21.05885919617481,21.364798106285328,6.220290327802536,21.0,0,-0.3647981062853276,21.335094843031435,20.5,21.5
753.0,21.055891482401137,21.361828651050235,6.22167266926554,21.0,0,-0.3618286510502351,21.33213409869931,20.5,21.5
754.0,21.05292463863851,21.35886006654578,6.2230540803716625,21.0,0,-0.3588600665457804,21.329174221501233,20.5,21.5
755.0,21.049958664526855,21.355892352412173,6.224434560068898,21.0,0,-0.3558923524121731,21.3262152110761,20.5,21.5
756.0,21.046993559705964,21.35292550828947,6.225814107305953,21.0,0,-0.35292550828947,21.32325706706244,20.5,21.5
757.0,21.044029323815483,21.349959533817604,6.227192721032241,21.0,0,-0.3499595338176036,21.32029978909894,20.5,21.5
758.0,21.041065956494926,21.346994428636364,6.228570400197887,21.0,0,-0.3469944286363642,21.31734337682397,20.5,21.5
759.0,21.038103457383666,21.344030192385397,6.229947143753728,21.0,0,-0.34403019238539656,21.31438782987572,20.5,21.5
760.0,21.03514182612094,21.341066824704214,6.231322950651316,21.0,0,-0.3410668247042139,21.311433147892387,20.5,21.5
761.0,21.03218106234585,21.338104325232187,6.2326978198429135,21.0,0,-0.33810432523218736,21.308479330511922,20.5,21.5
762.0,21.029221165697347,21.33514269360856,6.2340717502814975,21.0,0,-0.3351426936085602,21.30552637737229,20.5,21.5
763.0,21.026262135814264,21.332181929472426,6.23544474092076,21.0,0,-0.3321819294724264,21.30257428811109,20.5,21.5
764.0,21.023303972335285,21.32922203246275,6.236816790715109,21.0,0,-0.3292220324627486,21.29962306236597,20.5,21.5
765.0,21.02034667489896,21.32626300221835,6.2381878986196675,21.0,0,-0.3262630022183508,21.296672699774373,20.5,21.5
766.0,21.017390243143705,21.323304838377922,6.23955806359028,21.0,0,-0.323304838377922,21.293723199973634,20.5,21.5
767.0,21.014434676707793,21.32034754058001,6.240927284583504,21.0,0,-0.32034754058000914,21.29077456260088,20.5,21.5
768.0,21.011479975229367,21.317391108463035,6.24229556055662,21.0,0,-0.31739110846303475,21.28782678729329,20.5,21.5
769.0,21.008526138346433,21.314435541665265,6.2436628904676255,21.0,0,-0.3144355416652651,21.28487987368757,20.5,21.5
770.0,21.005573165696855,21.311480839824846,6.2450292732752395,21.0,0,-0.31148083982484565,21.28193382142065,20.5,21.5
771.0,21.002621056918372,21.308527002579776,6.246394707938901,21.0,0,-0.30852700257977617,21.27898863012908,20.5,21.5
772.0,20.999669811648577,21.305574029567932,6.247759193418772,21.0,0,-0.3055740295679321,21.27604429944949,20.5,21.5
773.0,20.99671942952493,21.302621920427043,6.249122728675739,21.0,0,-0.3026219204270433,21.273100829018155,20.5,21.5
774.0,20.99376991018476,21.299670674794708,6.25048531267141,21.0,0,-0.299670674794708,21.270158218471355,20.5,21.5
775.0,20.990821253265256,21.296720292308386,6.251846944368118,21.0,0,-0.29672029230838604,21.267216467445166,20.5,21.5
776.0,20.987873458403477,21.29377077260541,6.253207622728921,21.0,0,-0.2937707726054093,21.264275575575642,20.5,21.5
777.0,20.984926525236343,21.290822115322964,6.254567346717603,21.0,0,-0.290822115322964,21.26133554249851,20.5,21.5
778.0,20.981980453400638,21.287874320098105,6.255926115298676,21.0,0,-0.2878743200981049,21.258396367849514,20.5,21.5
779.0,20.97903524253302,21.28492738656776,6.257283927437378,21.0,0,-0.28492738656775884,21.2554580512643,20.5,21.5
780.0,20.97609089227,21.28198131436871,6.258640782099675,21.0,0,-0.28198131436871066,21.25252059237823,20.5,21.5
781.0,20.973147402247967,21.279036103137607,6.259996678252264,21.0,0,-0.2790361031376065,21.249583990826565,20.5,21.5
782.0,20.97020477210317,21.276091752510972,6.261351614862573,21.0,0,-0.27609175251097184,21.246648246244625,20.5,21.5
783.0,20.96726300147172,21.27314826212519,6.262705590898755,21.0,0,-0.27314826212518994,21.24371335826737,20.5,21.5
784.0,20.964322089989608,21.270205631616506,6.264058605329701,21.0,0,-0.27020563161650557,21.240779326529662,20.5,21.5
785.0,20.961382037292676,21.26726386062104,6.265410657125032,21.0,0,-0.26726386062103913,21.237846150666375,20.5,21.5
786.0,20.95844284301664,21.264322948774772,6.2667617452551,21.0,0,-0.26432294877477247,21.234913830312106,20.5,21.5
787.0,20.955504506797087,21.26138289571356,6.268111868690994,21.0,0,-0.26138289571355955,21.23198236510143,20.5,21.5
788.0,20.952567028269467,21.25844370107311,6.269461026404535,21.0,0,-0.25844370107310866,21.2290517546686,20.5,21.5
789.0,20.949630407069094,21.255505364489004,6.2708092173682815,21.0,0,-0.25550536448900374,21.226121998647955,20.5,21.5
790.0,20.946694642831154,21.2525678855967,6.272156440555528,21.0,0,-0.25256788559670085,21.223193096673672,20.5,21.5
791.0,20.9437597351907,21.249631264031514,6.273502694940304,21.0,0,-0.24963126403151392,21.220265048379645,20.5,21.5
792.0,20.94082568378265,21.246695499428625,6.2748479794973795,21.0,0,-0.24669549942862545,21.21733785339974,20.5,21.5
793.0,20.93789248824179,21.24376059142309,6.276192293202261,21.0,0,-0.24376059142309003,21.214411511367736,20.5,21.5
794.0,20.934960148202784,21.240826539649827,6.277535635031195,21.0,0,-0.24082653964982725,21.2114860219172,20.5,21.5
795.0,20.932028663300148,21.23789334374363,6.27887800396117,21.0,0,-0.2378933437436288,21.208561384681644,20.5,21.5
796.0,20.92909803316828,21.234961003339144,6.280219398969911,21.0,0,-0.23496100333914427,21.2056375992943,20.5,21.5
797.0,20.92616825744144,21.232029518070906,6.2815598190358894,21.0,0,-0.232029518070906,21.202714665388523,20.5,21.5
798.0,20.92323933575376,21.229098887573297,6.282899263138315,21.0,0,-0.2290988875732971,21.19979258259721,20.5,21.5
799.0,20.920311267739237,21.226169111480587,6.2842377302571455,21.0,0,-0.22616911148058705,21.196871350553486,20.5,21.5
800.0,20.91738405303174,21.223240189426907,6.2855752193730785,21.0,0,-0.2232401894269067,21.193950968890103,20.5,21.5
801.0,20.914457691265007,21.220312121046252,6.286911729467558,21.0,0,-0.22031212104625197,21.191031437239705,20.5,21.5
802.0,20.911532182072648,21.21738490597249,6.288247259522773,21.0,0,-0.21738490597249083,21.18811275523488,20.5,21.5
803.0,20.908607525088136,21.214458543839367,6.28958180852166,21.0,0,-0.2144585438393669,21.185194922508128,20.5,21.5
804.0,20.90568371994482,21.211533034280485,6.290915375447901,21.0,0,-0.2115330342804853,21.18227793869167,20.5,21.5
805.0,20.90276076627592,21.208608376929323,6.292247959285928,21.0,0,-0.2086083769293232,21.179361803417702,20.5,21.5
806.0,20.899838663714522,21.205684571419226,6.293579559020919,21.0,0,-0.20568457141922636,21.176446516318258,20.5,21.5
807.0,20.896917411893583,21.202761617383413,6.2949101736388045,21.0,0,-0.20276161738341258,21.173532077025275,20.5,21.5
808.0,20.893997010445933,21.199839514454972,6.296239802126262,21.0,0,-0.19983951445497183,21.170618485170564,20.5,21.5
809.0,20.89107745900427,21.19691826226686,6.297568443470722,21.0,0,-0.19691826226685905,21.16770574038573,20.5,21.5
810.0,20.88815875720116,21.19399786045191,6.298896096660367,21.0,0,-0.19399786045190837,21.1647938423024,20.5,21.5
811.0,20.885240904669054,21.191078308642812,6.3002227606841315,21.0,0,-0.19107830864281183,21.161882790551847,20.5,21.5
812.0,20.882323901040255,21.188159606472148,6.301548434531702,21.0,0,-0.1881596064721478,21.158972584765507,20.5,21.5
813.0,20.879407745946953,21.185241753572353,6.302873117193521,21.0,0,-0.1852417535723525,21.1560632245744,20.5,21.5
814.0,20.876492439021202,21.18232474957574,6.304196807660785,21.0,0,-0.1823247495757414,21.15315470960963,20.5,21.5
815.0,20.87357797989493,21.179408594114495,6.305519504925445,21.0,0,-0.17940859411449495,21.15024703950203,20.5,21.5
816.0,20.870664368199936,21.17649328682067,6.306841207980211,21.0,0,-0.17649328682066923,21.147340213882412,20.5,21.5
817.0,20.867751603567893,21.173578827326196,6.308161915818548,21.0,0,-0.173578827326196,21.144434232381464,20.5,21.5
818.0,20.864839685630344,21.170665215262876,6.309481627434679,21.0,0,-0.1706652152628756,21.14152909462967,20.5,21.5
819.0,20.861928614018705,21.167752450262377,6.310800341823588,21.0,0,-0.16775245026237684,21.13862480025739,20.5,21.5
820.0,20.859018388364266,21.16484053195624,6.3121180579810146,21.0,0,-0.1648405319562407,21.13572134889488,20.5,21.5
821.0,20.85610900829819,21.16192945997589,6.313434774903461,21.0,0,-0.16192945997589092,21.132818740172393,20.5,21.5
822.0,20.853200473451512,21.159019233952613,6.314750491588192,21.0,0,-0.15901923395261264,21.12991697371983,20.5,21.5
823.0,20.85029278345514,21.156109853517574,6.316065207033229,21.0,0,-0.15610985351757378,21.127016049167185,20.5,21.5
824.0,20.847385937939855,21.153201318301804,6.317378920237361,21.0,0,-0.15320131830180372,21.124115966144103,20.5,21.5
825.0,20.844479936536313,21.150293627936215,6.318691630200138,21.0,0,-0.1502936279362146,21.121216724280323,20.5,21.5
826.0,20.841574778875046,21.147386782051587,6.320003335921873,21.0,0,-0.14738678205158706,21.11831832320531,20.5,21.5
827.0,20.838670464586457,21.144480780278577,6.321314036403647,21.0,0,-0.14448078027857747,21.11542076254848,20.5,21.5
828.0,20.83576699330082,21.14157562224771,6.322623730647304,21.0,0,-0.1415756222477107,21.112524041939043,20.5,21.5
829.0,20.832864364648287,21.138671307589398,6.323932417655453,21.0,0,-0.13867130758939794,21.10962816100627,20.5,21.5
830.0,20.82996257825889,21.135767835933912,6.325240096431475,21.0,0,-0.13576783593391184,21.10673311937905,20.5,21.5
831.0,20.827061633762526,21.132865206911408,6.326546765979513,21.0,0,-0.1328652069114078,21.103838916686367,20.5,21.5
832.0,20.82416153078897,21.12996342015191,6.327852425304483,21.0,0,-0.12996342015190976,21.10094555255693,20.5,21.5
833.0,20.821262268967875,21.12706247528532,6.329157073412068,21.0,0,-0.12706247528532089,21.098053026619432,20.5,21.5
834.0,20.818363847928765,21.124162371941416,6.3304607093087215,21.0,0,-0.12416237194141644,21.095161338502372,20.5,21.5
835.0,20.81546626730104,21.12126310974985,6.331763332001668,21.0,0,-0.12126310974985088,21.092270487834195,20.5,21.5
836.0,20.812569526713983,21.118364688340144,6.333064940498905,21.0,0,-0.11836468834014369,21.08938047424307,20.5,21.5
837.0,20.80967362579674,21.115467107341697,6.3343655338091995,21.0,0,-0.11546710734169707,21.08649129735723,20.5,21.5
838.0,20.806778564178344,21.11257036638379,6.335665110942093,21.0,0,-0.11257036638378892,21.083602956804707,20.5,21.5
839.0,20.8038843414877,21.109674465095576,6.3369636709079025,21.0,0,-0.10967446509557632,21.08071545221345,20.5,21.5
840.0,20.800990957353584,21.106779403106085,6.3382612127177165,21.0,0,-0.10677940310608491,21.07782878321117,20.5,21.5
841.0,20.798098411404656,21.10388518004422,6.339557735383401,21.0,0,-0.10388518004421954,21.074942949425566,20.5,21.5
842.0,20.79520670326945,21.10099179553876,6.340853237917598,21.0,0,-0.1009917955387607,21.072057950484172,20.5,21.5
843.0,20.792315832576378,21.098099249218368,6.342147719333726,21.0,0,-0.0980992492183681,21.069173786014442,20.5,21.5
844.0,20.78942579895373,21.095207540711574,6.34344117864598,21.0,0,-0.09520754071157356,21.066290455643628,20.5,21.5
845.0,20.786536602029667,21.092316669646788,6.344733614869336,21.0,0,-0.09231666964678809,21.063407958998933,20.5,21.5
846.0,20.783648241432235,21.089426635652302,6.346025027019547,21.0,0,-0.08942663565230191,21.06052629570744,20.5,21.5
847.0,20.780760716789352,21.08653743835628,6.347315414113146,21.0,0,-0.08653743835628092,21.05764546539607,20.5,21.5
848.0,20.777874027728817,21.083649077386774,6.348604775167447,21.0,0,-0.08364907738677374,21.054765467691702,20.5,21.5
849.0,20.774988173878306,21.08076155237169,6.349893109200545,21.0,0,-0.08076155237169047,21.051886302220858,20.5,21.5
850.0,20.77210315486537,21.07787486293883,6.351180415231321,21.0,0,-0.07787486293883106,21.049007968610237,20.5,21.5
851.0,20.769218970317443,21.074989008715875,6.352466692279431,21.0,0,-0.07498900871587466,21.04613046648631,20.5,21.5
852.0,20.766335619861835,21.07210398933037,6.3537519393653215,21.0,0,-0.07210398933036899,21.043253795475312,20.5,21.5
853.0,20.763453103125734,21.069219804409755,6.35503615551022,21.0,0,-0.06921980440975517,21.040377955203617,20.5,21.5
854.0,20.760571419736213,21.066336453581336,6.3563193397361415,21.0,0,-0.06633645358133577,21.037502945297142,20.5,21.5
855.0,20.757690569320214,21.063453936472307,6.357601491065884,21.0,0,-0.0634539364723068,21.034628765382017,20.5,21.5
856.0,20.754810551504562,21.060572252709726,6.358882608523033,21.0,0,-0.06057225270972566,21.031755415083914,20.5,21.5
857.0,20.751931365915965,21.057691401920554,6.360162691131963,21.0,0,-0.057691401920553886,21.028882894028836,20.5,21.5
858.0,20.749053012181008,21.054811383731607,6.361441737917835,21.0,0,-0.05481138373160732,21.02601120184214,20.5,21.5
859.0,20.746175489926156,21.051932197769595,6.3627197479066,21.0,0,-0.051932197769595234,21.023140338149474,20.5,21.5
860.0,20.74329879877775,21.049053843661103,6.363996720124997,21.0,0,-0.04905384366110255,21.020270302576176,20.5,21.5
861.0,20.74042293836202,21.046176321032593,6.365272653600556,21.0,0,-0.04617632103259339,21.017401094747502,20.5,21.5
862.0,20.737547908305068,21.043299629510415,6.3665475473615984,21.0,0,-0.04329962951041466,21.014532714288627,20.5,21.5
863.0,20.73467370823288,21.04042376872079,6.367821400437236,21.0,0,-0.0404237687207889,21.01166516082453,20.5,21.5
864.0,20.731800337771322,21.03754873828982,6.3690942118573775,21.0,0,-0.037548738289821415,21.008798433980147,20.5,21.5
865.0,20.728927796546138,21.034674537843497,6.370365980652718,21.0,0,-0.03467453784349672,21.00593253338025,20.5,21.5
866.0,20.72605608418296,21.03180116700769,6.371636705854753,21.0,0,-0.0318011670076892,21.003067458649614,20.5,21.5
867.0,20.723185200307295,21.028928625408135,6.372906386495767,21.0,0,-0.02892862540813468,21.00020320941259,20.5,21.5
868.0,20.720315144544532,21.026056912670462,6.3741750216088455,21.0,0,-0.026056912670462395,20.99733978529374,20.5,21.5
869.0,20.717445916519946,21.02318602842019,6.375442610227868,21.0,0,-0.023186028420191462,20.994477185917482,20.5,21.5
870.0,20.714577515858686,21.0203159722827,6.376709151387508,21.0,0,-0.02031597228269888,20.991615410907773,20.5,21.5
871.0,20.71170994218579,21.017446743883266,6.377974644123241,21.0,0,-0.017446743883265725,20.988754459888934,20.5,21.5
872.0,20.708843195126178,21.01457834284704,6.37923908747134,21.0,0,-0.014578342847041625,20.9858943324848,20.5,21.5
873.0,20.705977274304647,21.011710768799066,6.380502480468874,21.0,0,-0.011710768799066074,20.98303502831931,20.5,21.5
874.0,20.70311217934588,21.00884402136425,6.381764822153716,21.0,0,-0.008844021364250665,20.980176547016097,20.5,21.5
875.0,20.70024790987444,21.005978100167404,6.383026111564538,21.0,0,-0.005978100167403966,20.977318888198937,20.5,21.5
876.0,20.69738446551478,21.003113004833203,6.384286347740813,21.0,0,-0.0031130048332030924,20.974462051491194,20.5,21.5
877.0,20.694521845891224,21.00024873498621,6.385545529722816,21.0,0,-0.00024873498621147405,20.971606036516295,20.5,21.5
878.0,20.69166005062799,20.99738529025088,6.386803656551626,21.0,0,0.002614709749121147,20.968750842897553,20.5,21.5
879.0,20.688799079349177,20.994522670251538,6.3880607272691226,21.0,0,0.005477329748462267,20.965896470258127,20.5,21.5
880.0,20.685938931678763,20.9916608746124,6.3893167409179945,21.0,0,0.008339125387600177,20.96304291822102,20.5,21.5
881.0,20.68307960724061,20.988799902957567,6.3905716965417305,21.0,0,0.011200097042433299,20.960190186409235,20.5,21.5
882.0,20.68022110565847,20.985939754911016,6.391825593184628,21.0,0,0.014060245088984402,20.957338274445505,20.5,21.5
883.0,20.677363426555978,20.983080430096614,6.393078429891791,21.0,0,0.01691956990338639,20.954487181952594,20.5,21.5
884.0,20.674506569556645,20.980221928138103,6.394330205709129,21.0,0,0.019778071861896507,20.951636908553002,20.5,21.5
885.0,20.671650534283874,20.977364248659125,6.39558091968336,21.0,0,0.022635751340875032,20.94878745386934,20.5,21.5
886.0,20.668795320360953,20.974507391283193,6.3968305708620115,21.0,0,0.025492608716806586,20.945938817523878,20.5,21.5
887.0,20.665940927411054,20.97165135563371,6.39807915829342,21.0,0,0.028348644366289477,20.94309099913888,20.5,21.5
888.0,20.66308735505723,20.96879614133396,6.39932668102673,21.0,0,0.031203858666039253,20.940243998336463,20.5,21.5
889.0,20.660234602922422,20.96594174800712,6.400573138111902,21.0,0,0.034058251992881594,20.937397814738695,20.5,21.5
890.0,20.65738267062946,20.963088175276233,6.401818528599701,21.0,0,0.03691182472376653,20.934552447967384,20.5,21.5
891.0,20.654531557801054,20.960235422764253,6.403062851541711,21.0,0,0.03976457723574711,20.931707897644447,20.5,21.5
892.0,20.651681264059803,20.957383490094003,6.404306105990325,21.0,0,0.04261650990599719,20.928864163391502,20.5,21.5
893.0,20.64883178902819,20.954532376888196,6.40554829099875,21.0,0,0.0454676231118043,20.926021244830125,20.5,21.5
894.0,20.645983132328585,20.951682082769427,6.406789405621008,21.0,0,0.048317917230573215,20.923179141581738,20.5,21.5
895.0,20.643135293583242,20.94883260736018,6.408029448911937,21.0,0,0.05116739263981884,20.920337853267725,20.5,21.5
896.0,20.640288272414306,20.945983950282834,6.409268419927189,21.0,0,0.054016049717166226,20.91749737950936,20.5,21.5
897.0,20.637442068443807,20.943136111159635,6.410506317723235,21.0,0,0.05686388884036475,20.91465771992765,20.5,21.5
898.0,20.63459668129366,20.94028908961273,6.411743141357362,21.0,0,0.05971091038727039,20.911818874143673,20.5,21.5
899.0,20.631752110585673,20.937442885264147,6.412978889887674,21.0,0,0.06255711473585279,20.908980841778323,20.5,21.5
900.0,20.628908355941533,20.934597497735805,6.414213562373095,21.0,0,0.0654025022641953,20.90614362245238,20.5,21.5
901.0,20.62606541698282,20.93175292664951,6.415447157873368,21.0,0,0.0682470733504914,20.903307215786548,20.5,21.5
902.0,20.623223293330998,20.928909171626948,6.416679675449058,21.0,0,0.0710908283730518,20.900471621401344,20.5,21.5
903.0,20.620381984607423,20.926066232289696,6.417911114161547,21.0,0,0.07393376771030447,20.89763683891717,20.5,21.5
904.0,20.617541490433332,20.923224108259227,6.419141473073042,21.0,0,0.07677589174077326,20.89480286795454,20.5,21.5
905.0,20.61470181042986,20.920382799156894,6.420370751246571,21.0,0,0.07961720084310642,20.891969708133562,20.5,21.5
906.0,20.611862944218025,20.917542304603934,6.421598947745985,21.0,0,0.08245769539606584,20.88913735907434,20.5,21.5
907.0,20.60902489141873,20.91470262422148,6.422826061635959,21.0,0,0.08529737577852003,20.886305820396938,20.5,21.5
908.0,20.606187651652775,20.91186375763055,6.424052091981993,21.0,0,0.08813624236945117,20.883475091721238,20.5,21.5
909.0,20.60335122454084,20.909025704452052,6.425277037850411,21.0,0,0.090974295547948,20.880645172667084,20.5,21.5
910.0,20.600515609703503,20.90618846430678,6.426500898308364,21.0,0,0.0938115356932201,20.87781606285406,20.5,21.5
911.0,20.597680806761225,20.90335203681542,6.427723672423827,21.0,0,0.09664796318458002,20.87498776190182,20.5,21.5
912.0,20.594846815334357,20.900516421598546,6.428945359265606,21.0,0,0.09948357840145405,20.872160269429806,20.5,21.5
913.0,20.592013635043145,20.89768161827662,6.430165957903335,21.0,0,0.10231838172337859,20.869333585057376,20.5,21.5
914.0,20.589181265507715,20.894847626469996,6.4313854674074715,21.0,0,0.10515237353000373,20.866507708403745,20.5,21.5
915.0,20.586349706348095,20.892014445798914,6.432603886849308,21.0,0,0.10798555420108613,20.86368263908809,20.5,21.5
916.0,20.583518957184197,20.889182075883507,6.4338212153009655,21.0,0,0.1108179241164926,20.860858376729443,20.5,21.5
917.0,20.58068901763582,20.8863505163438,6.435037451835394,21.0,0,0.11364948365620009,20.858034920946725,20.5,21.5
918.0,20.57785988732266,20.8835197667997,6.436252595526378,21.0,0,0.11648023320029921,20.85521227135871,20.5,21.5
919.0,20.5750315658643,20.88068982687102,6.437466645448531,21.0,0,0.11931017312898007,20.85239042758421,20.5,21.5
920.0,20.572204052880217,20.877860696177443,6.438679600677302,21.0,0,0.12213930382255711,20.849569389241672,20.5,21.5
921.0,20.569377347989775,20.875032374338563,6.439891460288973,21.0,0,0.12496762566143715,20.846749155949762,20.5,21.5
922.0,20.566551450812234,20.872204860973845,6.4411022233606605,21.0,0,0.1277951390261549,20.843929727326667,20.5,21.5
923.0,20.563726360966744,20.869378155702666,6.442311888970315,21.0,0,0.13062184429733392,20.841111102990876,20.5,21.5
924.0,20.560902078072345,20.866552258144274,6.443520456196724,21.0,0,0.1334477418557256,20.838293282560358,20.5,21.5
925.0,20.55807860174797,20.863727167917823,6.444727924119511,21.0,0,0.13627283208217733,20.835476265653305,20.5,21.5
926.0,20.555255931612443,20.86090288464236,6.445934291819136,21.0,0,0.13909711535763947,20.83266005188774,20.5,21.5
927.0,20.552434067284484,20.85807940793681,6.4471395583768984,21.0,0,0.1419205920631903,20.8298446408813,20.5,21.5
928.0,20.549613008382703,20.85525673742,6.4483437228749345,21.0,0,0.14474326258000048,20.827030032251898,20.5,21.5
929.0,20.5467927545256,20.852434872710653,6.4495467843962215,21.0,0,0.14756512728934723,20.824216225617185,20.5,21.5
930.0,20.543973305331576,20.849613813427375,6.450748742024575,21.0,0,0.15038618657262504,20.821403220594597,20.5,21.5
931.0,20.541154660418915,20.846793559188665,6.451949594844653,21.0,0,0.15320644081133494,20.818591016801566,20.5,21.5
932.0,20.5383368194058,20.84397410961293,6.453149341941952,21.0,0,0.15602589038707038,20.815779613855575,20.5,21.5
933.0,20.535519781910306,20.84115546431845,6.454347982402814,21.0,0,0.1588445356815491,20.812969011373664,20.5,21.5
934.0,20.532703547550405,20.83833762292341,6.455545515314421,21.0,0,0.16166237707658837,20.81015920897302,20.5,21.5
935.0,20.529888115943958,20.835520585045888,6.4567419397648,21.0,0,0.164479414954112,20.80735020627065,20.5,21.5
936.0,20.527073486708723,20.83270435030385,6.4579372548428235,21.0,0,0.1672956496961504,20.804542002883466,20.5,21.5
937.0,20.52425965946235,20.82988891831516,6.459131459638204,21.0,0,0.17011108168484057,20.801734598428258,20.5,21.5
938.0,20.521446633822382,20.827074288697577,6.460324553241504,21.0,0,0.1729257113024225,20.798927992521758,20.5,21.5
939.0,20.518634409406268,20.82426046106875,6.461516534744132,21.0,0,0.17573953893124994,20.796122184780476,20.5,21.5
940.0,20.515822985831335,20.821447435046224,6.4627074032383405,21.0,0,0.17855256495377603,20.793317174820963,20.5,21.5
941.0,20.513012362714814,20.818635210247443,6.463897157817232,21.0,0,0.181364789752557,20.790512962259633,20.5,21.5
942.0,20.510202539673834,20.81582378628974,6.4650857975747575,21.0,0,0.18417621371025916,20.78770954671272,20.5,21.5
943.0,20.507393516325415,20.813013162790348,6.466273321605715,21.0,0,0.18698683720965192,20.78490692779642,20.5,21.5
944.0,20.50458529228647,20.81020333936639,6.4674597290057525,21.0,0,0.18979666063361122,20.782105105126796,20.5,21.5
945.0,20.501777867173814,20.807394315634888,6.468645018871371,21.0,0,0.1926056843651125,20.779304078319875,20.5,21.5
946.0,20.498971240604153,20.804586091212755,6.46982919029992,21.0,0,0.19541390878724485,20.77650384699143,20.5,21.5
947.0,20.49616541219409,20.801778665716807,6.471012242389601,21.0,0,0.19822133428319333,20.773704410757322,20.5,21.5
948.0,20.49336038156013,20.79897203876375,6.472194174239469,21.0,0,0.20102796123624955,20.770905769233188,20.5,21.5
949.0,20.490556148318667,20.79616620997019,6.47337498494943,21.0,0,0.20383379002981172,20.768107922034567,20.5,21.5
950.0,20.487752712085992,20.793361178952626,6.474554673620248,21.0,0,0.20663882104737397,20.765310868777004,20.5,21.5
951.0,20.4849500724783,20.790556945327456,6.475733239353537,21.0,0,0.2094430546725441,20.762514609075755,20.5,21.5
952.0,20.482148229111672,20.78775350871097,6.476910681251767,21.0,0,0.2122464912890294,20.759719142546118,20.5,21.5
953.0,20.4793471816021,20.784950868719367,6.478086998418267,21.0,0,0.21504913128063308,20.75692446880333,20.5,21.5
954.0,20.476546929565465,20.782149024968724,6.479262189957219,21.0,0,0.2178509750312756,20.7541305874623,20.5,21.5
955.0,20.473747472617543,20.779347977075037,6.4804362549736645,21.0,0,0.22065202292496267,20.751337498138167,20.5,21.5
956.0,20.470948810374015,20.776547724654183,6.4816091925735,21.0,0,0.22345227534581724,20.748545200445637,20.5,21.5
957.0,20.468150942450453,20.773748267321942,6.482781001863485,21.0,0,0.2262517326780582,20.745753693999532,20.5,21.5
958.0,20.465353868462337,20.77094960469399,6.483951681951233,21.0,0,0.229050395306011,20.74296297841446,20.5,21.5
959.0,20.462557588025035,20.7681517363859,6.485121231945222,21.0,0,0.2318482636141006,20.740173053305003,20.5,21.5
960.0,20.45976210075382,20.765354662013156,6.486289650954788,21.0,0,0.23464533798684428,20.73738391828572,20.5,21.5
961.0,20.45696740626386,20.76255838119112,6.487456938090131,21.0,0,0.23744161880888015,20.73459557297076,20.5,21.5
962.0,20.454173504170225,20.759762893535076,6.4886230924623085,21.0,0,0.24023710646492447,20.731808016974632,20.5,21.5
963.0,20.451380394087884,20.756968198660186,6.489788113183244,21.0,0,0.24303180133981428,20.729021249911288,20.5,21.5
964.0,20.448588075631704,20.75417429618152,6.490951999365724,21.0,0,0.245825703818479,20.726235271394874,20.5,21.5
965.0,20.44579654841645,20.751381185714045,6.492114750123399,21.0,0,0.24861881428595467,20.72345008103929,20.5,21.5
966.0,20.443005812056793,20.74858886687263,6.493276364570782,21.0,0,0.2514111331273696,20.72066567845848,20.5,21.5
967.0,20.440215866167296,20.745797339272045,6.494436841823255,21.0,0,0.2542026607279553,20.717882063266188,20.5,21.5
968.0,20.437426710362427,20.743006602526954,6.4955961809970635,21.0,0,0.25699339747304606,20.715099235076046,20.5,21.5
969.0,20.434638344256555,20.740216656251924,6.49675438120932,21.0,0,0.2597833437480759,20.712317193501626,20.5,21.5
970.0,20.431850767463946,20.737427500061422,6.497911441578005,21.0,0,0.2625724999385781,20.7095359381564,20.5,21.5
971.0,20.42906397959877,20.734639133569818,6.499067361221965,21.0,0,0.2653608664301821,20.70675546865378,20.5,21.5
972.0,20.426277980275096,20.731851556391376,6.500222139260919,21.0,0,0.26814844360862367,20.70397578460696,20.5,21.5
973.0,20.423492769106893,20.72906476814027,6.501375774815453,21.0,0,0.2709352318597311,20.701196885629194,20.5,21.5
974.0,20.420708345708036,20.726278768430568,6.502528267007023,21.0,0,0.2737212315694322,20.698418771333557,20.5,21.5
975.0,20.417924709692297,20.723493556876235,6.503679614957955,21.0,0,0.2765064431237647,20.69564144133291,20.5,21.5
976.0,20.41514186067335,20.72070913309115,6.504829817791449,21.0,0,0.2792908669088483,20.692864895240316,20.5,21.5
977.0,20.412359798264774,20.717925496689084,6.505978874631575,21.0,0,0.2820745033109162,20.690089132668405,20.5,21.5
978.0,20.409578522080047,20.715142647283717,6.507126784603276,21.0,0,0.28485735271628343,20.687314153230044,20.5,21.5
979.0,20.406798031732553,20.712360584488618,6.508273546832369,21.0,0,0.28763941551138217,20.68453995653763,20.5,21.5
980.0,20.404018326835573,20.709579307917274,6.509419160445544,21.0,0,0.29042069208272636,20.68176654220383,20.5,21.5
981.0,20.401239407002294,20.706798817183063,6.510563624570367,21.0,0,0.2932011828169365,20.678993909840962,20.5,21.5
982.0,20.398461271845807,20.70401911189927,6.511706938335279,21.0,0,0.2959808881007291,20.676222059061345,20.5,21.5
983.0,20.395683920979106,20.701240191679084,6.512849100869596,21.0,0,0.2987598083209164,20.67345098947721,20.5,21.5
984.0,20.392907354015083,20.69846205613559,6.513990111303513,21.0,0,0.30153794386441035,20.67068070070065,20.5,21.5
985.0,20.390131570566542,20.695684704881778,6.515129968768099,21.0,0,0.3043152951182222,20.66791119234366,20.5,21.5
986.0,20.387356570246183,20.69290813753056,6.516268672395304,21.0,0,0.3070918624694414,20.665142464018366,20.5,21.5
987.0,20.384582352666612,20.690132353694718,6.517406221317956,21.0,0,0.30986764630528185,20.662374515336314,20.5,21.5
988.0,20.381808917440342,20.687357352986968,6.518542614669761,21.0,0,0.3126426470130319,20.659607345909468,20.5,21.5
989.0,20.37903626417979,20.68458313501991,6.519677851585308,21.0,0,0.31541686498009014,20.656840955349328,20.5,21.5
990.0,20.37626439249727,20.681809699406056,6.520811931200062,21.0,0,0.31819030059394393,20.654075343267518,20.5,21.5
991.0,20.37349330200501,20.679037045757823,6.521944852650374,21.0,0,0.3209629542421766,20.651310509275497,20.5,21.5
992.0,20.370722992315137,20.67626517368753,6.523076615073474,21.0,0,0.32373482631247086,20.648546452984586,20.5,21.5
993.0,20.36795346303969,20.6734940828074,6.524207217607476,21.0,0,0.32650591719259836,20.645783174006127,20.5,21.5
994.0,20.365184713790605,20.670723772729566,6.525336659391376,21.0,0,0.3292762272704337,20.643020671951213,20.5,21.5
995.0,20.362416744179725,20.667954243066056,6.526464939565058,21.0,0,0.3320457569339439,20.640258946430954,20.5,21.5
996.0,20.3596495538188,20.665185493428815,6.527592057269285,21.0,0,0.3348145065711847,20.637497997056407,20.5,21.5
997.0,20.356883142319493,20.66241752342969,6.528718011645708,21.0,0,0.3375824765703115,20.63473782343842,20.5,21.5
998.0,20.354117509293356,20.65965033268042,6.529842801836864,21.0,0,0.34034966731957894,20.631978425187746,20.5,21.5
999.0,20.351352654351864,20.656883920792673,6.5309664269861765,21.0,0,0.3431160792073271,20.62921980191519,20.5,21.5
1000.0,20.34858857710639,20.654118287378004,6.532088886237956,21.0,0,0.3458817126219955,20.62646195323132,20.5,21.5
1001.0,20.345825277168217,20.651353432047888,6.533210178737401,21.0,0,0.34864656795211246,20.623704878746718,20.5,21.5
1002.0,20.34306275414853,20.648589354413694,6.534330303630599,21.0,0,0.35141064558630575,20.62094857807176,20.5,21.5
1003.0,20.340301007658425,20.645826054086708,6.535449260064525,21.0,0,0.354173945913292,20.618193050816846,20.5,21.5
1004.0,20.337540037308905,20.643063530678116,6.536567047187047,21.0,0,0.3569364693218837,20.6154382965922,20.5,21.5
1005.0,20.33477984271088,20.640301783799014,6.537683664146919,21.0,0,0.35969821620098585,20.612684315007993,20.5,21.5
1006.0,20.332020423475168,20.637540813060404,6.53879911009379,21.0,0,0.36245918693959567,20.609931105674306,20.5,21.5
1007.0,20.32926177921249,20.6347806180732,6.539913384178199,21.0,0,0.36521938192679926,20.607178668201165,20.5,21.5
1008.0,20.326503909533486,20.63202119844821,6.541026485551578,21.0,0,0.3679788015517893,20.60442700219831,20.5,21.5
1009.0,20.32374681404869,20.629262553796167,6.542138413366253,21.0,0,0.3707374462038331,20.60167610727573,20.5,21.5
1010.0,20.320990492368555,20.6265046837277,6.54324916677544,21.0,0,0.3734953162723009,20.59892598304302,20.5,21.5
1011.0,20.318234944103438,20.62374758785335,6.544358744933254,21.0,0,0.3762524121466484,20.596176629109877,20.5,21.5
1012.0,20.315480168863605,20.620991265783573,6.545467146994702,21.0,0,0.379008734216427,20.593428045085787,20.5,21.5
1013.0,20.31272616625923,20.618235717128723,6.546574372115688,21.0,0,0.38176428287127706,20.590680230580222,20.5,21.5
1014.0,20.309972935900404,20.615480941499065,6.5476804194530125,21.0,0,0.3845190585009348,20.587933185202488,20.5,21.5
1015.0,20.307220477397117,20.612726938504778,6.548785288164371,21.0,0,0.3872730614952218,20.58518690856191,20.5,21.5
1016.0,20.30446879035927,20.609973707755948,6.54988897740836,21.0,0,0.39002629224405183,20.582441400267648,20.5,21.5
1017.0,20.30171787439668,20.60722124886256,6.5509914863444685,21.0,0,0.3927787511374383,20.579696659928697,20.5,21.5
1018.0,20.29896772911907,20.604469561434527,6.552092814133092,21.0,0,0.39553043856547276,20.576952687154183,20.5,21.5
1019.0,20.296218354136073,20.60171864508166,6.553192959935519,21.0,0,0.39828135491833905,20.574209481552998,20.5,21.5
1020.0,20.293469749057234,20.598968499413683,6.554291922913942,21.0,0,0.401031500586317,20.571467042733904,20.5,21.5
1021.0,20.290721913492007,20.596219124040232,6.555389702231452,21.0,0,0.4037808759597681,20.56872537030572,20.5,21.5
1022.0,20.287974847049753,20.593470518570847,6.556486297052042,21.0,0,0.40652948142915335,20.565984463876994,20.5,21.5
1023.0,20.285228549339752,20.590722682614985,6.557581706540608,21.0,0,0.4092773173850155,20.563244323056363,20.5,21.5
1024.0,20.282483019971192,20.587975615782007,6.5586759298629485,21.0,0,0.41202438421799314,20.56050494745223,20.5,21.5
1025.0,20.27973825855317,20.585229317681197,6.559768966185763,21.0,0,0.4147706823188031,20.557766336673097,20.5,21.5
1026.0,20.276994264694697,20.58248378792174,6.560860814676659,21.0,0,0.4175162120782616,20.555028490327153,20.5,21.5
1027.0,20.274251038004692,20.579739026112726,6.561951474504146,21.0,0,0.4202609738872738,20.552291408022604,20.5,21.5
1028.0,20.271508578091993,20.576995031863174,6.5630409448376374,21.0,0,0.4230049681368264,20.549555089367647,20.5,21.5
1029.0,20.26876688456534,20.574251804782005,6.564129224847456,21.0,0,0.4257481952179951,20.546819533970318,20.5,21.5
1030.0,20.2660259570334,20.571509344478052,6.565216313704828,21.0,0,0.42849065552194787,20.544084741438525,20.5,21.5
1031.0,20.263285795104732,20.568767650560055,6.566302210581888,21.0,0,0.43123234943994504,20.541350711380083,20.5,21.5
1032.0,20.260546398387827,20.566026722636686,6.56738691465168,21.0,0,0.4339732773633145,20.53861744340299,20.5,21.5
1033.0,20.25780776649108,20.563286560316502,6.568470425088152,21.0,0,0.43671343968349774,20.53588493711467,20.5,21.5
1034.0,20.2550698990228,20.560547163207993,6.569552741066166,21.0,0,0.4394528367920074,20.533153192122896,20.5,21.5
1035.0,20.252332795591208,20.55780853091955,6.57063386176149,21.0,0,0.4421914690804485,20.53042220803514,20.5,21.5
1036.0,20.249596455804443,20.555070663059496,6.571713786350804,21.0,0,0.44492933694050407,20.52769198445894,20.5,21.5
1037.0,20.246860879270553,20.55233355923604,6.572792514011698,21.0,0,0.44766644076396034,20.524962521001477,20.5,21.5
1038.0,20.244126065597502,20.549597219057326,6.573870043922675,21.0,0,0.4504027809426745,20.522233817270184,20.5,21.5
1039.0,20.241392014393167,20.5468616421314,6.574946375263147,21.0,0,0.4531383578685997,20.51950587287215,20.5,21.5
1040.0,20.238658725265342,20.544126828066226,6.576021507213444,21.0,0,0.4558731719337743,20.51677868741448,20.5,21.5
1041.0,20.235926197821733,20.541392776469685,6.577095438954804,21.0,0,0.4586072235303149,20.51405226050428,20.5,21.5
1042.0,20.23319443166996,20.538659486949562,6.5781681696693814,21.0,0,0.46134051305043755,20.511326591748336,20.5,21.5
1043.0,20.23046342641756,20.535926959113574,6.5792396985402455,21.0,0,0.46407304088642576,20.508601680753692,20.5,21.5
1044.0,20.227733181671987,20.533195192569337,6.58031002475138,21.0,0,0.46680480743066255,20.50587752712697,20.5,21.5
1045.0,20.225003697040602,20.530464186924387,6.581379147487686,21.0,0,0.46953581307561265,20.503154130474886,20.5,21.5
1046.0,20.22227497213069,20.527733941786177,6.58244706593498,21.0,0,0.4722660582138225,20.50043149040408,20.5,21.5
1047.0,20.21954700654945,20.525004456762076,6.583513779279994,21.0,1,0.4749955432379238,20.497709606521063,20.5,21.5
1048.0,20.236819799903998,20.52627573145936,6.584579286710381,21.0,1,0.4737242685406393,20.538988478432206,20.5,21.5
1049.0,20.25408935180136,20.531546965485237,6.58564358741471,21.0,1,0.46845303451476283,20.584259305744002,20.5,21.5
1050.0,20.27135566264848,20.540817358606812,6.58670668058247,21.0,1,0.45918264139318765,20.633521289822564,20.5,21.5
1051.0,20.28861873285207,20.55408611075109,6.587768565404069,21.0,1,0.44591388924891007,20.686773632193866,20.5,21.5
1052.0,20.305878562818577,20.571352422004914,6.588829241070837,21.0,1,0.42864757799508624,20.744015534543152,20.5,21.5
1053.0,20.32313515295423,20.58861549261496,6.58988870677502,21.0,1,0.4113845073850406,20.761246198715416,20.5,21.5
1054.0,20.340388503664993,20.605875322987686,6.5909469617097916,21.0,1,0.39412467701231435,20.77847362671495,20.5,21.5
1055.0,20.357638615356603,20.62313191352931,6.592004005069244,21.0,1,0.37686808647069014,20.795697818945552,20.5,21.5
1056.0,20.374885488434547,20.640385264645808,6.5930598360483925,21.0,1,0.3596147353541923,20.812918775810786,20.5,21.5
1057.0,20.39212912330407,20.657635376742906,6.594114453843176,21.0,1,0.3423646232570938,20.83013649771389,20.5,21.5
1058.0,20.409369520370177,20.674882250226094,6.595167857650457,21.0,1,0.32511774977390573,20.847350985057975,20.5,21.5
1059.0,20.426606680037633,20.692125885500623,6.596220046668023,21.0,1,0.30787411449937707,20.86456223824591,20.5,21.5
1060.0,20.44384060271096,20.709366282971494,6.597271020094586,21.0,1,0.2906337170285056,20.88177025768021,20.5,21.5
1061.0,20.461071288794436,20.726603443043473,6.598320777129784,21.0,1,0.2733965569565271,20.898975043763258,20.5,21.5
1062.0,20.478298738692104,20.743837366121078,6.599369316974181,21.0,1,0.25616263387892246,20.916176596897124,20.5,21.5
1063.0,20.49552295280776,20.761068052608596,6.6004166388292695,21.0,1,0.23893194739140355,20.933374917483786,20.5,21.5
1064.0,20.512743931544964,20.778295502910062,6.601462741897467,21.0,1,0.221704497089938,20.950570005924718,20.5,21.5
1065.0,20.529961675307035,20.795519717429276,6.602507625382121,21.0,1,0.20448028257072437,20.967761862621412,20.5,21.5
1066.0,20.54717618449705,20.812740696569797,6.603551288487508,21.0,1,0.1872593034302028,20.984950487975013,20.5,21.5
1067.0,20.56438745951785,20.82995844073495,6.6045937304188325,21.0,1,0.1700415592650515,21.00213588238646,20.5,21.5
1068.0,20.58159550077203,20.847172950327806,6.605634950382229,21.0,1,0.15282704967219374,21.019318046256384,20.5,21.5
1069.0,20.59880030866195,20.864384225751202,6.606674947584764,21.0,1,0.135615774248798,21.03649697998516,20.5,21.5
1070.0,20.616001883589735,20.88159226740774,6.607713721234434,21.0,1,0.11840773259226012,21.05367268397312,20.5,21.5
1071.0,20.633200225957264,20.898797075699783,6.608751270540169,21.0,1,0.10120292430021749,21.07084515862021,20.5,21.5
1072.0,20.65039533616618,20.915998651029447,6.609787594711828,21.0,1,0.08400134897055267,21.088014404326096,20.5,21.5
1073.0,20.66758721461789,20.933196993798617,6.610822692960206,21.0,1,0.06680300620138269,21.105180421490317,20.5,21.5
1074.0,20.684775861713558,20.95039210440894,6.611856564497032,21.0,1,0.04960789559105905,21.122343210512177,20.5,21.5
1075.0,20.701961277854114,20.967583983261818,6.612889208534965,21.0,1,0.03241601673818195,21.13950277179059,20.5,21.5
1076.0,20.71914346344025,20.984772630758417,6.613920624287604,21.0,1,0.015227369241582522,21.15665910572441,20.5,21.5
1077.0,20.73632241887242,21.001958047299663,6.6149508109694795,21.0,1,-0.0019580472996629794,21.173812212712118,20.5,21.5
1078.0,20.75349814455084,21.019140233286254,6.615979767796061,21.0,1,-0.01914023328625447,21.19096209315217,20.5,21.5
1079.0,20.770670640875487,21.03631918911864,6.617007493983752,21.0,1,-0.03631918911863963,21.20810874744249,20.5,21.5
1080.0,20.78783990824611,21.053494915197042,6.618033988749895,21.0,1,-0.0534949151970423,21.22525217598107,20.5,21.5
1081.0,20.80500594706221,21.07066741192143,6.619059251312769,21.0,1,-0.07066741192143056,21.242392379165313,20.5,21.5
1082.0,20.82216875772306,21.08783667969156,6.620083280891592,21.0,1,-0.08783667969155928,21.259529357392847,20.5,21.5
1083.0,20.83932834062769,21.105002718906928,6.621106076706521,21.0,1,-0.10500271890692758,21.27666311106061,20.5,21.5
1084.0,20.856484696174906,21.122165529966814,6.622127637978653,21.0,1,-0.12216552996681429,21.29379364056568,20.5,21.5
1085.0,20.873637824763268,21.139325113270246,6.623147963930025,21.0,1,-0.139325113270246,21.310920946304563,20.5,21.5
1086.0,20.8907877267911,21.156481469216025,6.624167053783612,21.0,1,-0.15648146921602546,21.32804502867382,20.5,21.5
1087.0,20.907934402656497,21.173634598202714,6.6251849067633355,21.0,1,-0.17363459820271387,21.345165888069598,20.5,21.5
1088.0,20.92507785275732,21.190784500628638,6.626201522094055,21.0,1,-0.19078450062863794,21.36228352488788,20.5,21.5
1089.0,20.942218077491187,21.207931176891897,6.627216899001574,21.0,1,-0.207931176891897,21.379397939524488,20.5,21.5
1090.0,20.959355077255488,21.22507462739034,6.628231036712639,21.0,1,-0.22507462739034167,21.39650913237479,20.5,21.5
1091.0,20.97648885244738,21.2422148525216,6.629243934454938,21.0,1,-0.2422148525215988,21.41361710383417,20.5,21.5
1092.0,20.99361940346378,21.259351852683057,6.630255591457108,21.0,1,-0.25935185268305716,21.43072185429764,20.5,21.5
1093.0,21.010746730701378,21.276485628271868,6.631266006948728,21.0,1,-0.2764856282718675,21.44782338415997,20.5,21.5
1094.0,21.027870834556627,21.293616179684957,6.63227518016032,21.0,1,-0.2936161796849568,21.46492169381585,20.5,21.5
1095.0,21.04499171542575,21.31074350731901,6.633283110323358,21.0,1,-0.31074350731901035,21.482016783659546,20.5,21.5
1096.0,21.06210937370473,21.32786761157048,6.634289796670257,21.0,1,-0.32786761157047906,21.499108654085166,20.5,21.5
1097.0,21.079223809789323,21.34498849283559,6.635295238434383,21.0,0,-0.34498849283558997,21.5161973054867,20.5,21.5
1098.0,21.07633502407505,21.358106151510324,6.636299434850047,21.0,0,-0.35810615151032366,21.48928273825766,20.5,21.5
1099.0,21.073447016957203,21.36722138799044,6.637302385152511,21.0,0,-0.36722138799044046,21.45837375279161,20.5,21.5
1100.0,21.07055978803084,21.37233500251146,6.638304088577984,21.0,0,-0.3723350025114591,21.423471147721646,20.5,21.5
1101.0,21.06767333689095,21.373447795148707,6.639304544363625,21.0,0,-0.3734477951487065,21.38457572152118,20.5,21.5
1102.0,21.064787663132446,21.370560565817335,6.640303751747544,21.0,0,-0.37056056581733543,21.341688272503625,20.5,21.5
1103.0,21.06190276635017,21.367674114272358,6.641301709968801,21.0,0,-0.36767411427235785,21.338809598822582,20.5,21.5
1104.0,21.05901864613889,21.3647884401087,6.6422984182674085,21.0,0,-0.3647884401087005,21.335931698472127,20.5,21.5
1105.0,21.056135302093317,21.36190354292119,6.643293875884327,21.0,0,-0.36190354292119054,21.33305457104609,20.5,21.5
1106.0,21.053252733808076,21.35901942230462,6.6442880820614745,21.0,0,-0.3590194223046197,21.33017821613891,20.5,21.5
1107.0,21.050370940877727,21.356136077853673,6.64528103604172,21.0,0,-0.35613607785367307,21.327302633344207,20.5,21.5
1108.0,21.04748992289676,21.353253509162993,6.646272737068884,21.0,0,-0.35325350916299314,21.324427822256194,20.5,21.5
1109.0,21.044609679459594,21.350371715827137,6.647263184387744,21.0,0,-0.3503717158271371,21.321553782468577,20.5,21.5
1110.0,21.04173021016058,21.347490697440588,6.648252377244031,21.0,0,-0.3474906974405876,21.318680513575092,20.5,21.5
1111.0,21.038851514593997,21.34461045359777,6.649240314884432,21.0,0,-0.3446104535977703,21.315808015169598,20.5,21.5
1112.0,21.035973592354054,21.341730983893036,6.65022699655659,21.0,0,-0.34173098389303647,21.312936286845698,20.5,21.5
1113.0,21.033096443034896,21.338852287920663,6.651212421509103,21.0,0,-0.3388522879206626,21.310065328196924,20.5,21.5
1114.0,21.03022006623059,21.33597436527486,6.6521965889915275,21.0,0,-0.33597436527486124,21.307195138816848,20.5,21.5
1115.0,21.027344461535144,21.333097215549774,6.653179498254377,21.0,0,-0.333097215549774,21.3043257182989,20.5,21.5
1116.0,21.024469628542487,21.33022083833947,6.654161148549123,21.0,0,-0.33022083833947136,21.301457066236445,20.5,21.5
1117.0,21.02159556684649,21.32734523323796,6.655141539128198,21.0,0,-0.32734523323795983,21.298589182222845,20.5,21.5
1118.0,21.018722276040947,21.324470399839168,6.656120669244989,21.0,0,-0.3244703998391678,21.295722065851248,20.5,21.5
1119.0,21.01584975571959,21.32159633773697,6.657098538153847,21.0,0,-0.3215963377369704,21.292855716714996,20.5,21.5
1120.0,21.012978005476075,21.318723046525157,6.658075145110083,21.0,0,-0.31872304652515737,21.289990134407027,20.5,21.5
1121.0,21.010107024904002,21.315850525797458,6.659050489369968,21.0,0,-0.3158505257974582,21.287125318520467,20.5,21.5
1122.0,21.007236813596894,21.312978775147535,6.6600245701907355,21.0,0,-0.3129787751475348,21.2842612686483,20.5,21.5
1123.0,21.004367371148213,21.310107794168992,6.660997386830578,21.0,0,-0.31010779416899226,21.281397984383567,20.5,21.5
1124.0,21.001498697151348,21.307237582455343,6.6619689385486565,21.0,0,-0.30723758245534327,21.278535465318853,20.5,21.5
1125.0,20.998630791199627,21.30436813960005,6.662939224605091,21.0,0,-0.3043681396000508,21.275673711047126,20.5,21.5
1126.0,20.995763652886307,21.301499465196514,6.663908244260965,21.0,0,-0.30149946519651394,21.272812721161145,20.5,21.5
1127.0,20.99289728180458,21.298631558838053,6.6648759967783295,21.0,0,-0.2986315588380535,21.26995249525345,20.5,21.5
1128.0,20.990031677547574,21.295764420117926,6.665842481420199,21.0,0,-0.29576442011792636,21.267093032916655,20.5,21.5
1129.0,20.987166839708348,21.292898048629326,6.666807697450553,21.0,0,-0.29289804862932556,21.264234333743318,20.5,21.5
1130.0,20.984302767879896,21.29003244396538,6.667771644134336,21.0,0,-0.2900324439653801,21.261376397325925,20.5,21.5
1131.0,20.981439461655146,21.287167605719144,6.668734320737463,21.0,0,-0.28716760571914435,21.258519223256787,20.5,21.5
1132.0,20.978576920626963,21.28430353348362,6.669695726526813,21.0,0,-0.2843035334836195,21.25566281112837,20.5,21.5
1133.0,20.975715144388143,21.281440226851736,6.670655860770234,21.0,0,-0.28144022685173553,21.252807160532896,20.5,21.5
1134.0,20.97285413253142,21.278577685416348,6.671614722736541,21.0,0,-0.278577685416348,21.249952271062472,20.5,21.5
1135.0,20.969993884649462,21.275715908770263,6.672572311695519,21.0,0,-0.27571590877026253,21.247098142309408,20.5,21.5
1136.0,20.96713440033487,21.27285489650621,6.673528626917923,21.0,0,-0.2728548965062103,21.244244773865688,20.5,21.5
1137.0,20.964275679180187,21.269994648216855,6.674483667675478,21.0,0,-0.2699946482168549,21.2413921653233,20.5,21.5
1138.0,20.961417720777884,21.267135163494803,6.6754374332408775,21.0,0,-0.26713516349480315,21.238540316274285,20.5,21.5
1139.0,20.958560524720376,21.264276441932594,6.676389922887788,21.0,0,-0.26427644193259425,21.235689226310505,20.5,21.5
1140.0,20.95570409060001,21.261418483122704,6.677341135890848,21.0,0,-0.26141848312270355,21.232838895023797,20.5,21.5
1141.0,20.952848418009065,21.258561286657542,6.678291071525667,21.0,0,-0.2585612866575424,21.22998932200593,20.5,21.5
1142.0,20.94999350653977,21.25570485212946,6.679239729068827,21.0,0,-0.25570485212945826,21.227140506848617,20.5,21.5
1143.0,20.947139355784277,21.252849179130735,6.680187107797884,21.0,0,-0.25284917913073457,21.224292449143498,20.5,21.5
1144.0,20.94428596533468,21.249994267253594,6.681133206991369,21.0,0,-0.24999426725359442,21.221445148482193,20.5,21.5
1145.0,20.94143333478301,21.247140116090197,6.682078025928785,21.0,0,-0.24714011609019693,21.218598604456222,20.5,21.5
1146.0,20.93858146372124,21.24428672523263,6.6830215638906125,21.0,0,-0.24428672523263018,21.215752816656963,20.5,21.5
1147.0,20.935730351741274,21.241434094272932,6.683963820158306,21.0,0,-0.2414340942729325,21.212907784675956,20.5,21.5
1148.0,20.932879998434956,21.238582222803068,6.684904794014296,21.0,0,-0.23858222280306762,21.21006350810442,20.5,21.5
1149.0,20.93003040339407,21.235731110414946,6.685844484741989,21.0,0,-0.235731110414946,21.20721998653373,20.5,21.5
1150.0,20.92718156621034,21.23288075670041,6.686782891625771,21.0,0,-0.23288075670041053,21.204377219555056,20.5,21.5
1151.0,20.924333486475422,21.230031161251247,6.687720013951005,21.0,0,-0.23003116125124734,21.201535206759615,20.5,21.5
1152.0,20.92148616378092,21.22718232365918,6.688655851004031,21.0,0,-0.22718232365917856,21.19869394773849,20.5,21.5
1153.0,20.918639597718364,21.224334243515862,6.689590402072167,21.0,0,-0.2243342435158624,21.1958534420827,20.5,21.5
1154.0,20.915793787879235,21.221486920412893,6.690523666443712,21.0,0,-0.22148692041289308,21.1930136893832,20.5,21.5
1155.0,20.912948733854947,21.218640353941815,6.691455643407947,21.0,0,-0.21864035394181514,21.190174689231036,20.5,21.5
1156.0,20.910104435236857,21.215794543694102,6.692386332255128,21.0,0,-0.215794543694102,21.18733644121697,20.5,21.5
1157.0,20.90726089161626,21.21294948926117,6.693315732276497,21.0,0,-0.2129494892611703,21.184498944931853,20.5,21.5
1158.0,20.904418102584394,21.210105190234376,6.6942438427642745,21.0,0,-0.21010519023437624,21.181662199966436,20.5,21.5
1159.0,20.90157606773243,21.207261646205016,6.695170663011664,21.0,0,-0.20726164620501564,21.17882620591141,20.5,21.5
1160.0,20.898734786651488,21.204418856764324,6.696096192312852,21.0,0,-0.20441885676432392,21.175990962357407,20.5,21.5
1161.0,20.89589425893262,21.201576821503476,6.697020429963008,21.0,0,-0.2015768215034761,21.173156468894998,20.5,21.5
1162.0,20.89305448416683,21.19873554001359,6.697943375258283,21.0,0,-0.1987355400135904,21.170322725114733,20.5,21.5
1163.0,20.890215461945047,21.195895011885717,6.698865027495816,21.0,0,-0.19589501188571745,21.167489730606988,20.5,21.5
1164.0,20.887377191858157,21.193055236710865,6.699785385973728,21.0,0,-0.19305523671086533,21.164657484962344,20.5,21.5
1165.0,20.88453967349698,21.190216214079964,6.700704449991125,21.0,0,-0.19021621407996392,21.16182598777095,20.5,21.5
1166.0,20.88170290645228,21.187377943583893,6.701622218848103,21.0,0,-0.18737794358389337,21.158995238623188,20.5,21.5
1167.0,20.878866890314757,21.18454042481348,6.702538691845737,21.0,0,-0.18454042481348054,21.156165237109352,20.5,21.5
1168.0,20.876031624675065,21.181703657359485,6.703453868286095,21.0,0,-0.1817036573594848,21.153335982819527,20.5,21.5
1169.0,20.873197109123787,21.17886764081261,6.704367747472231,21.0,0,-0.17886764081260864,21.150507475343847,20.5,21.5
1170.0,20.870363343251455,21.1760323747635,6.705280328708184,21.0,0,-0.1760323747635013,21.147679714272428,20.5,21.5
1171.0,20.867530326648545,21.17319785880276,6.706191611298986,21.0,0,-0.17319785880275873,21.144852699195333,20.5,21.5
1172.0,20.864698058905475,21.170364092520902,6.707101594550655,21.0,0,-0.17036409252090223,21.142026429702337,20.5,21.5
1173.0,20.861866539612603,21.16753107550841,6.708010277770198,21.0,0,-0.1675310755084105,21.139200905383493,20.5,21.5
1174.0,20.859035768360233,21.1646988073557,6.708917660265615,21.0,0,-0.1646988073556983,21.136376125828576,20.5,21.5
1175.0,20.856205744738613,21.16186728765313,6.709823741345893,21.0,0,-0.16186728765313063,21.133552090627454,20.5,21.5
1176.0,20.853376468337935,21.15903651599101,6.710728520321013,21.0,0,-0.15903651599100854,21.130728799369788,20.5,21.5
1177.0,20.85054793874833,21.15620649195958,6.711631996501946,21.0,0,-0.1562064919595798,21.127906251645292,20.5,21.5
1178.0,20.84772015555988,21.153377215149035,6.712534169200657,21.0,0,-0.15337721514903535,21.12508444704359,20.5,21.5
1179.0,20.84489311836261,21.15054868514951,6.713435037730099,21.0,0,-0.15054868514950925,21.12226338515425,20.5,21.5
1180.0,20.842066826746482,21.147720901551086,6.714334601404225,21.0,0,-0.14772090155108586,21.119443065566852,20.5,21.5
1181.0,20.83924128030141,21.144893863943782,6.715232859537975,21.0,0,-0.144893863943782,21.116623487870744,20.5,21.5
1182.0,20.83641647861726,21.14206757191757,6.716129811447289,21.0,0,-0.14206757191756836,21.113804651655432,20.5,21.5
1183.0,20.833592421283825,21.139242025062355,6.717025456449098,21.0,0,-0.13924202506235517,21.110986556510223,20.5,21.5
1184.0,20.83076910789086,21.136417222968003,6.717919793861329,21.0,0,-0.13641722296800296,21.10816920202448,20.5,21.5
1185.0,20.827946538028055,21.13359316522432,6.718812823002906,21.0,0,-0.13359316522431897,21.10535258778748,20.5,21.5
1186.0,20.82512471128505,21.130769851421046,6.719704543193747,21.0,0,-0.13076985142104647,21.10253671338832,20.5,21.5
1187.0,20.82230362725143,21.12794728114788,6.72059495375477,21.0,0,-0.127947281147879,21.099721578416204,20.5,21.5
1188.0,20.81948328551673,21.125125453994464,6.721484054007887,21.0,0,-0.12512545399446395,21.096907182460313,20.5,21.5
1189.0,20.816663685670427,21.122304369550378,6.722371843276012,21.0,0,-0.1223043695503776,21.094093525109514,20.5,21.5
1190.0,20.81384482730195,21.119484027405157,6.723258320883051,21.0,0,-0.11948402740515718,21.091280605952953,20.5,21.5
1191.0,20.811026710000665,21.116664427148276,6.724143486153917,21.0,0,-0.11666442714827596,21.088468424579464,20.5,21.5
1192.0,20.808209333355894,21.113845568369168,6.725027338414515,21.0,0,-0.11384556836916815,21.08565698057809,20.5,21.5
1193.0,20.805392696956904,21.1110274506572,6.7259098769917545,21.0,0,-0.11102745065720043,21.082846273537523,20.5,21.5
1194.0,20.80257680039291,21.108210073601697,6.726791101213543,21.0,0,-0.10821007360169688,21.08003630304666,20.5,21.5
1195.0,20.799761643253074,21.10539343679192,6.727671010408791,21.0,0,-0.10539343679192115,21.077227068694164,20.5,21.5
1196.0,20.796947225126505,21.102577539817094,6.7285496039074095,21.0,0,-0.10257753981709428,21.074418570068826,20.5,21.5
1197.0,20.79413354560226,21.09976238226637,6.72942688104031,21.0,0,-0.0997623822663698,21.071610806759125,20.5,21.5
1198.0,20.791320604269348,21.09694796372886,6.730302841139409,21.0,0,-0.09694796372885861,21.068803778353747,20.5,21.5
1199.0,20.788508400716722,21.094134283793622,6.731177483537624,21.0,0,-0.09413428379362188,21.065997484441255,20.5,21.5
1200.0,20.785696934533288,21.091321342049664,6.732050807568877,21.0,0,-0.09132134204966391,21.063191924610084,20.5,21.5
1201.0,20.782886205307896,21.088509138085943,6.732922812568094,21.0,0,-0.08850913808594285,21.060387098448732,20.5,21.5
1202.0,20.78007621262935,21.08569767149136,6.733793497871206,21.0,0,-0.08569767149135998,21.05758300554553,20.5,21.5
1203.0,20.777266956086397,21.08288694185477,6.734662862815146,21.0,0,-0.08288694185477041,21.054779645488875,20.5,21.5
1204.0,20.774458435267743,21.080076948764976,6.735530906737857,21.0,0,-0.08007694876497595,21.05197701786703,20.5,21.5
1205.0,20.771650649762037,21.077267691810725,6.736397628978285,21.0,0,-0.07726769181072513,21.049175122268217,20.5,21.5
1206.0,20.76884359915788,21.07445917058072,6.737263028876383,21.0,0,-0.07445917058072027,21.04637395828067,20.5,21.5
1207.0,20.766037283043822,21.071651384663618,6.738127105773111,21.0,0,-0.07165138466361753,21.04357352549259,20.5,21.5
1208.0,20.76323170100837,21.068844333648013,6.738989859010438,21.0,0,-0.06884433364801268,21.040773823491964,20.5,21.5
1209.0,20.76042685263997,21.06603801712246,6.739851287931339,21.0,0,-0.06603801712245883,21.03797485186692,20.5,21.5
1210.0,20.75762273752703,21.06323243467546,6.740711391879799,21.0,0,-0.06323243467545936,21.035176610205465,20.5,21.5
1211.0,20.7548193552579,21.06042758589546,6.741570170200811,21.0,0,-0.06042758589546082,21.032379098095475,20.5,21.5
1212.0,20.75201670542089,21.057623470370878,6.7424276222403785,21.0,0,-0.05762347037087778,21.029582315125047,20.5,21.5
1213.0,20.749214787604252,21.054820087690054,6.743283747345514,21.0,0,-0.054820087690053754,21.026786260881813,20.5,21.5
1214.0,20.7464136013962,21.0520174374413,6.744138544864241,21.0,0,-0.052017437441300274,21.023990934953765,20.5,21.5
1215.0,20.74361314638489,21.049215519212872,6.744992014145594,21.0,0,-0.04921551921287204,21.02119633692859,20.5,21.5
1216.0,20.740813422158443,21.04641433259298,6.745844154539619,21.0,0,-0.04641433259298111,21.018402466394072,20.5,21.5
1217.0,20.73801442830492,21.043613877169786,6.746694965397374,21.0,0,-0.043613877169786264,21.015609322937838,20.5,21.5
1218.0,20.735216164412336,21.040814152531404,6.747544446070931,21.0,0,-0.040814152531403636,21.012816906147577,20.5,21.5
1219.0,20.73241863006867,21.038015158265896,6.74839259591337,21.0,0,-0.038015158265896076,21.01002521561082,20.5,21.5
1220.0,20.729621824861837,21.035216893961284,6.749239414278792,21.0,0,-0.0352168939612838,21.00723425091516,20.5,21.5
1221.0,20.72682574837972,21.03241935920554,6.750084900522305,21.0,0,-0.03241935920554084,21.00444401164811,20.5,21.5
1222.0,20.72403040021015,21.029622553586584,6.750929054000036,21.0,0,-0.029622553586584388,21.00165449739702,20.5,21.5
1223.0,20.72123577994091,21.0268264766923,6.751771874069124,21.0,0,-0.02682647669229965,20.998865707749452,20.5,21.5
1224.0,20.718441887159734,21.024031128110515,6.752613360087727,21.0,0,-0.024031128110515,20.99607764229267,20.5,21.5
1225.0,20.71564872145432,21.021236507429013,6.753453511415016,21.0,0,-0.02123650742901262,20.99329030061399,20.5,21.5
1226.0,20.71285628241231,21.018442614235532,6.754292327411178,21.0,0,-0.018442614235532062,20.990503682300726,20.5,21.5
1227.0,20.71006456962131,21.015649448117763,6.755129807437418,21.0,0,-0.015649448117763143,20.987717786940074,20.5,21.5
1228.0,20.707273582668872,21.012857008663353,6.755965950855961,21.0,0,-0.012857008663353042,20.984932614119252,20.5,21.5
1229.0,20.704483321142508,21.01006529545991,6.756800757030046,21.0,0,-0.010065295459909862,20.982148163425478,20.5,21.5
1230.0,20.701693784629686,21.007274308094985,6.7576342253239305,21.0,0,-0.00727430809498486,20.979364434445735,20.5,21.5
1231.0,20.698904972717823,21.004484046156087,6.758466355102894,21.0,0,-0.004484046156086663,20.976581426767105,20.5,21.5
1232.0,20.6961168849943,21.001694509230685,6.759297145733233,21.0,0,-0.0016945092306848153,20.973799139976666,20.5,21.5
1233.0,20.693329521046447,20.9989056969062,6.760126596582264,21.0,0,0.0010943030938008746,20.971017573661342,20.5,21.5
1234.0,20.690542880461553,20.99611760877001,6.760954707018324,21.0,0,0.003882391229989679,20.968236727408122,20.5,21.5
1235.0,20.687756962826864,20.993330244409446,6.761781476410771,21.0,0,0.0066697555905541606,20.9654566008038,20.5,21.5
1236.0,20.684971767729582,20.990543603411798,6.762606904129984,21.0,0,0.00945639658820241,20.962677193435315,20.5,21.5
1237.0,20.68218729475686,20.987757685364308,6.7634309895473645,21.0,0,0.012242314635692253,20.95989850488941,20.5,21.5
1238.0,20.67940354349582,20.98497248985418,6.7642537320353355,21.0,0,0.0150275101458206,20.957120534752896,20.5,21.5
1239.0,20.67662051353353,20.982188016468577,6.765075130967342,21.0,0,0.017811983531423436,20.954343282612548,20.5,21.5
1240.0,20.673838204457017,20.979404264794606,6.765895185717854,21.0,0,0.020595735205393595,20.951566748054905,20.5,21.5
1241.0,20.671056615853267,20.976621234419344,6.766713895662363,21.0,0,0.02337876558065588,20.94879093066672,20.5,21.5
1242.0,20.668275747309227,20.973838924929815,6.767531260177387,21.0,0,0.026161075070184836,20.946015830034526,20.5,21.5
1243.0,20.665495598411802,20.971057335913013,6.768347278640467,21.0,0,0.02894266408698698,20.94324144574499,20.5,21.5
1244.0,20.66271616874785,20.968276466955878,6.769161950430168,21.0,0,0.03172353304412212,20.940467777384526,20.5,21.5
1245.0,20.659937457904185,20.96549631764531,6.769975274926083,21.0,0,0.03450368235468915,20.93769482453964,20.5,21.5
1246.0,20.65715946546759,20.962716887568174,6.770787251508832,21.0,0,0.037283112431826027,20.934922586796805,20.5,21.5
1247.0,20.654382191024798,20.95993817631129,6.771597879560057,21.0,0,0.04006182368870981,20.932151063742452,20.5,21.5
1248.0,20.651605634162504,20.95716018346143,6.772407158462429,21.0,0,0.04283981653857083,20.92938025496282,20.5,21.5
1249.0,20.648829794467364,20.954382908605332,6.77321508759965,21.0,0,0.04561709139466785,20.926610160044362,20.5,21.5
1250.0,20.64605467152599,20.951606351329694,6.774021666356443,21.0,0,0.04839364867030582,20.923840778573314,20.5,21.5
1251.0,20.643280264924957,20.948830511221168,6.774826894118567,21.0,0,0.05116948877883232,20.921072110135903,20.5,21.5
1252.0,20.640506574250796,20.94605538786637,6.7756307702728025,21.0,0,0.05394461213363044,20.91830415431839,20.5,21.5
1253.0,20.63773359909,20.943280980851867,6.776433294206965,21.0,0,0.05671901914813304,20.91553691070684,20.5,21.5
1254.0,20.634961339029026,20.940507289764202,6.777234465309897,21.0,0,0.05949271023579783,20.912770378887554,20.5,21.5
1255.0,20.63218979365428,20.93773431418986,6.778034282971473,21.0,0,0.06226568581013936,20.910004558446445,20.5,21.5
1256.0,20.629418962552144,20.9349620537153,6.778832746582595,21.0,0,0.06503794628470061,20.907239448969687,20.5,21.5
1257.0,20.62664884530895,20.93219050792693,6.7796298555352,21.0,0,0.06780949207307074,20.904475050043228,20.5,21.5
1258.0,20.623879441510994,20.92941967641113,6.780425609222253,21.0,0,0.0705803235888709,20.901711361253128,20.5,21.5
1259.0,20.621110750744535,20.926649558754228,6.781220007037755,21.0,0,0.07335044124577195,20.898948382185218,20.5,21.5
1260.0,20.618342772595792,20.92388015454253,6.782013048376736,21.0,0,0.07611984545746964,20.896186112425553,20.5,21.5
1261.0,20.61557550665095,20.92111146336229,6.7828047326352605,21.0,0,0.07888853663770945,20.893424551559892,20.5,21.5
1262.0,20.612808952496145,20.91834348479973,6.783595059210428,21.0,0,0.08165651520026884,20.890663699174137,20.5,21.5
1263.0,20.610043109717488,20.915576218441032,6.784384027500369,21.0,0,0.0844237815589679,20.88790355485404,20.5,21.5
1264.0,20.607277977901045,20.912809663872334,6.785171636904251,21.0,0,0.0871903361276658,20.885144118185355,20.5,21.5
1265.0,20.604513556632845,20.910043820679746,6.785957886822274,21.0,0,0.08995617932025368,20.882385388753868,20.5,21.5
1266.0,20.601749845498883,20.90727868844933,6.786742776655675,21.0,0,0.09272131155066887,20.87962736614518,20.5,21.5
1267.0,20.598986844085115,20.904514266767126,6.787526305806726,21.0,0,0.09548573323287357,20.87687004994508,20.5,21.5
1268.0,20.59622455197746,20.90175055521912,6.788308473678736,21.0,0,0.09824944478087971,20.87411343973906,20.5,21.5
1269.0,20.593462968761802,20.898987553391272,6.78908927967605,21.0,0,0.10101244660872766,20.871357535112793,20.5,21.5
1270.0,20.590702094023985,20.8962252608695,6.78986872320405,21.0,0,0.10377473913050039,20.868602335651772,20.5,21.5
1271.0,20.58794192734982,20.893463677239687,6.790646803669156,21.0,0,0.10653632276031288,20.865847840941562,20.5,21.5
1272.0,20.585182468325083,20.89070280208768,6.791423520478826,21.0,0,0.10929719791231918,20.863094050567618,20.5,21.5
1273.0,20.582423716535516,20.88794263499929,6.7921988730415555,21.0,0,0.11205736500070884,20.860340964115395,20.5,21.5
1274.0,20.57966567156682,20.885183175560293,6.792972860766881,21.0,0,0.11481682443970698,20.85758858117031,20.5,21.5
1275.0,20.57690833300466,20.88242442335643,6.7937454830653765,21.0,0,0.11757557664357066,20.854836901317793,20.5,21.5
1276.0,20.574151700434673,20.8796663779734,6.794516739348657,21.0,0,0.12033362202659958,20.85208592414311,20.5,21.5
1277.0,20.571395773442454,20.876909038996875,6.795286629029377,21.0,0,0.12309096100312544,20.849335649231616,20.5,21.5
1278.0,20.568640551613573,20.874152406012488,6.796055151521231,21.0,0,0.12584759398751189,20.846586076168624,20.5,21.5
1279.0,20.565886034533555,20.871396478605835,6.7968223062389574,21.0,0,0.1286035213941652,20.8438372045393,20.5,21.5
1280.0,20.563132221787896,20.86864125636248,6.797588092598334,21.0,0,0.1313587436375201,20.84108903392893,20.5,21.5
1281.0,20.560379112962057,20.865886738867953,6.798352510016181,21.0,0,0.1341132611320468,20.838341563922686,20.5,21.5
1282.0,20.557626707641468,20.863132925707756,6.799115557910361,21.0,0,0.13686707429224398,20.835594794105784,20.5,21.5
1283.0,20.55487500541152,20.86037981646735,6.79987723569978,21.0,0,0.13962018353264938,20.832848724063297,20.5,21.5
1284.0,20.55212400585758,20.857627410732153,6.800637542804387,21.0,0,0.1423725892678469,20.830103353380178,20.5,21.5
1285.0,20.549373708564968,20.85487570808757,6.8013964786451755,21.0,0,0.14512429191243115,20.827358681641726,20.5,21.5
1286.0,20.546624113118984,20.852124708118954,6.802154042644183,21.0,0,0.14787529188104642,20.8246147084328,20.5,21.5
1287.0,20.54387521910489,20.849374410411635,6.802910234224491,21.0,0,0.15062558958836547,20.821871433338444,20.5,21.5
1288.0,20.541127026107915,20.846624814550914,6.803665052810228,21.0,0,0.1533751854490859,20.81912885594371,20.5,21.5
1289.0,20.538379533713258,20.843875920122052,6.804418497826564,21.0,0,0.15612407987794796,20.81638697583343,20.5,21.5
1290.0,20.53563274150608,20.841127726710276,6.805170568699721,21.0,0,0.15887227328972386,20.813645792592517,20.5,21.5
1291.0,20.53288664907152,20.838380233900786,6.805921264856963,21.0,0,0.16161976609921425,20.810905305805882,20.5,21.5
1292.0,20.53014125599468,20.83563344127874,6.806670585726602,21.0,0,0.16436655872125883,20.808165515058295,20.5,21.5
1293.0,20.527396561860623,20.832887348429285,6.807418530737997,21.0,0,0.1671126515707151,20.805426419934722,20.5,21.5
1294.0,20.5246525662544,20.83014195493751,6.808165099321556,21.0,0,0.16985804506249025,20.802688020019758,20.5,21.5
1295.0,20.521909268761014,20.8273972603885,6.808910290908736,21.0,0,0.17260273961149863,20.799950314898418,20.5,21.5
1296.0,20.519166668965443,20.82465326436728,6.809654104932039,21.0,0,0.17534673563271852,20.797213304155083,20.5,21.5
1297.0,20.516424766452637,20.821909966458875,6.810396540825019,21.0,0,0.17809003354112463,20.794476987374814,20.5,21.5
1298.0,20.51368356080751,20.819167366248255,6.811137598022279,21.0,0,0.18083263375174496,20.79174136414205,20.5,21.5
1299.0,20.510943051614955,20.816425463320364,6.811877275959471,21.0,0,0.18357453667963597,20.789006434041454,20.5,21.5
1300.0,20.508203238459824,20.813684257260128,6.8126155740733,21.0,0,0.18631574273987184,20.78627219665777,20.5,21.5
1301.0,20.50546412092695,20.81094374765243,6.813352491801518,21.0,0,0.1890562523475694,20.783538651575455,20.5,21.5
1302.0,20.50272569860112,20.808203934082126,6.81408802858293,21.0,0,0.1917960659178739,20.78080579837908,20.5,21.5
1303.0,20.499987971067117,20.805464816134048,6.814822183857394,21.0,0,0.19453518386595192,20.778073636653268,20.5,21.5
1304.0,20.497250937909676,20.802726393392994,6.815554957065817,21.0,0,0.19727360660700555,20.775342165982458,20.5,21.5
1305.0,20.494514598713508,20.799988665443728,6.816286347650163,21.0,0,0.2000113345562724,20.77261138595106,20.5,21.5
1306.0,20.491778953063296,20.797251631871,6.817016355053443,21.0,0,0.20274836812900077,20.769881296143716,20.5,21.5
1307.0,20.489044000543693,20.794515292259515,6.817744978719728,21.0,0,0.2054847077404851,20.76715189614467,20.5,21.5
1308.0,20.48630974073933,20.79177964619396,6.818472218094137,21.0,0,0.2082203538060412,20.764423185538398,20.5,21.5
1309.0,20.483576173234802,20.789044693258983,6.8191980726228465,21.0,0,0.2109553067410168,20.761695163909227,20.5,21.5
1310.0,20.48084329761468,20.78631043303922,6.819922541753087,21.0,0,0.213689566960781,20.758967830841577,20.5,21.5
1311.0,20.47811111346351,20.78357686511926,6.820645624933142,21.0,0,0.2164231348807384,20.756241185919688,20.5,21.5
1312.0,20.475379620365803,20.780843989083685,6.821367321612354,21.0,0,0.21915601091631487,20.75351522872792,20.5,21.5
1313.0,20.47264881790605,20.77811180451703,6.82208763124112,21.0,0,0.22188819548296834,20.750789958850497,20.5,21.5
1314.0,20.469918705668718,20.77538031100381,6.82280655327089,21.0,0,0.22461968899618867,20.748065375871608,20.5,21.5
1315.0,20.467189283238238,20.772649508128524,6.823524087154177,21.0,0,0.22735049187147638,20.745341479375647,20.5,21.5
1316.0,20.46446055019902,20.769919395475625,6.824240232344546,21.0,0,0.23008060452437462,20.742618268946643,20.5,21.5
1317.0,20.46173250613545,20.767189972629552,6.824954988296621,21.0,0,0.23281002737044787,20.73989574416882,20.5,21.5
1318.0,20.459005150631885,20.764461239174715,6.825668354466085,21.0,0,0.23553876082528546,20.73717390462634,20.5,21.5
1319.0,20.45627848327265,20.761733194695502,6.8263803303096795,21.0,0,0.23826680530449806,20.734452749903376,20.5,21.5
1320.0,20.453552503642058,20.759005838776268,6.8270909152852015,21.0,0,0.24099416122373185,20.73173227958393,20.5,21.5
1321.0,20.450827211324388,20.756279171001342,6.827800108851512,21.0,0,0.24372082899865788,20.729012493252082,20.5,21.5
1322.0,20.448102605903895,20.753553190955028,6.828507910468527,21.0,0,0.24644680904497207,20.726293390491886,20.5,21.5
1323.0,20.44537868696481,20.750827898221615,6.829214319597227,21.0,0,0.24917210177838456,20.72357497088749,20.5,21.5
1324.0,20.442655454091334,20.748103292385352,6.82991933569965,21.0,0,0.2518967076146481,20.720857234022716,20.5,21.5
1325.0,20.439932906867654,20.74537937303047,6.830622958238894,21.0,0,0.2546206269695297,20.718140179481654,20.5,21.5
1326.0,20.437211044877927,20.74265613974118,6.831325186679122,21.0,0,0.25734386025882117,20.715423806848264,20.5,21.5
1327.0,20.434489867706287,20.739933592101657,6.832026020485555,21.0,0,0.2600664078983428,20.71270811570644,20.5,21.5
1328.0,20.43176937493684,20.737211729696064,6.832725459124479,21.0,0,0.26278827030393614,20.70999310564013,20.5,21.5
1329.0,20.42904956615368,20.734490552108532,6.833423502063241,21.0,0,0.2655094478914677,20.707278776233217,20.5,21.5
1330.0,20.426330440940863,20.731770058923175,6.834120148770248,21.0,0,0.2682299410768252,20.7045651270696,20.5,21.5
1331.0,20.42361199888243,20.729050249724075,6.8348153987149765,21.0,0,0.2709497502759248,20.70185215773308,20.5,21.5
1332.0,20.420894239562394,20.7263311240953,6.835509251367962,21.0,0,0.27366887590470057,20.699139867807542,20.5,21.5
1333.0,20.418177162564756,20.72361268162088,6.836201706200806,21.0,0,0.27638731837911834,20.696428256876704,20.5,21.5
1334.0,20.415460767473483,20.72089492188484,6.836892762686174,21.0,0,0.2791050781151583,20.693717324524442,20.5,21.5
1335.0,20.412745053872527,20.718177844471178,6.837582420297796,21.0,0,0.28182215552882184,20.691007070334543,20.5,21.5
1336.0,20.41003002134581,20.715461448963854,6.838270678510469,21.0,0,0.284538551036146,20.688297493890612,20.5,21.5
1337.0,20.407315669477246,20.71274573494682,6.838957536800052,21.0,0,0.2872542650531784,20.685588594776497,20.5,21.5
1338.0,20.404601997850712,20.710030702004012,6.839642994643475,21.0,0,0.28996929799598803,20.682880372575916,20.5,21.5
1339.0,20.40188900605007,20.707316349719328,6.840327051518731,21.0,0,0.2926836502806722,20.680172826872486,20.5,21.5
1340.0,20.399176693659165,20.704602677676657,6.841009706904881,21.0,0,0.2953973223233426,20.677465957249954,20.5,21.5
1341.0,20.396465060261814,20.701889685459857,6.841690960282053,21.0,0,0.2981103145401427,20.674759763291856,20.5,21.5
1342.0,20.39375410544182,20.69917737265277,6.842370811131442,21.0,0,0.3008226273472303,20.672054244581894,20.5,21.5
1343.0,20.391043828782955,20.696465738839215,6.843049258935315,21.0,0,0.3035342611607845,20.669349400703673,20.5,21.5
1344.0,20.388334229868985,20.693754783603,6.843726303177001,21.0,0,0.30624521639699864,20.66664523124086,20.5,21.5
1345.0,20.385625308283647,20.691044506527895,6.844401943340904,21.0,0,0.30895549347210505,20.66394173577683,20.5,21.5
1346.0,20.38291706361066,20.688334907197664,6.8450761789124925,21.0,0,0.3116650928023361,20.661238913895353,20.5,21.5
1347.0,20.380209495433718,20.685625985196044,6.845749009378309,21.0,0,0.3143740148039562,20.658536765179843,20.5,21.5
1348.0,20.377502603336506,20.682917740106753,6.846420434225962,21.0,0,0.31708225989324745,20.65583528921384,20.5,21.5
1349.0,20.374796386902684,20.680210171513494,6.847090452944133,21.0,0,0.31978982848650617,20.653134485580907,20.5,21.5
1350.0,20.372090845715892,20.677503278999943,6.847759065022574,21.0,0,0.3224967210000571,20.650434353864433,20.5,21.5
1351.0,20.369385979359752,20.674797062149764,6.848426269952107,21.0,0,0.3252029378502357,20.64773489364798,20.5,21.5
1352.0,20.36668178741787,20.672091520546594,6.8490920672246265,21.0,0,0.32790847945340573,20.645036104514894,20.5,21.5
1353.0,20.363978269473833,20.669386653774062,6.849756456333099,21.0,0,0.3306133462259382,20.642337986048737,20.5,21.5
1354.0,20.361275425111206,20.666682461415768,6.850419436771564,21.0,0,0.3333175385842324,20.639640537832825,20.5,21.5
1355.0,20.358573253913537,20.66397894305529,6.851081008035132,21.0,0,0.3360210569447091,20.636943759450524,20.5,21.5
1356.0,20.35587175546436,20.661276098276215,6.85174116961999,21.0,0,0.3387239017237853,20.634247650485452,20.5,21.5
1357.0,20.35317092934719,20.65857392666208,6.852399921023393,21.0,0,0.34142607333792085,20.631552210520724,20.5,21.5
1358.0,20.350470775145524,20.655872427796417,6.8530572617436745,21.0,0,0.3441275722035826,20.6288574391398,20.5,21.5
1359.0,20.347771292442843,20.653171601262745,6.853713191280241,21.0,0,0.34682839873725513,20.62616333592602,20.5,21.5
1360.0,20.345072480822612,20.65047144664456,6.854367709133575,21.0,0,0.34952855335544086,20.623469900462702,20.5,21.5
1361.0,20.342374339868275,20.64777196352534,6.85502081480523,21.0,0,0.35222803647465994,20.62077713233315,20.5,21.5
1362.0,20.339676869163263,20.645073151488553,6.8556725077978395,21.0,0,0.35492684851144674,20.618085031120685,20.5,21.5
1363.0,20.33698006829099,20.64237501011765,6.856322787615111,21.0,0,0.3576249898823498,20.61539359640862,20.5,21.5
1364.0,20.334283936834854,20.639677538996054,6.856971653761827,21.0,0,0.36032246100394616,20.61270282778009,20.5,21.5
1365.0,20.33158847437824,20.636980737707177,6.857619105743849,21.0,0,0.36301926229282344,20.610012724818404,20.5,21.5
1366.0,20.328893680504514,20.634284605834427,6.858265143068112,21.0,0,0.36571539416557286,20.607323287106933,20.5,21.5
1367.0,20.326199554797025,20.63158914296118,6.8589097652426325,21.0,0,0.36841085703882115,20.604634514228696,20.5,21.5
1368.0,20.323506096839115,20.628894348670805,6.859552971776503,21.0,0,0.37110565132919504,20.601946405767066,20.5,21.5
1369.0,20.320813306214102,20.62620022254665,6.860194762179892,21.0,0,0.3737997774533497,20.599258961305104,20.5,21.5
1370.0,20.318121182505294,20.62350676417206,6.860835135964049,21.0,0,0.37649323582794025,20.596572180426154,20.5,21.5
1371.0,20.315429725295985,20.620813973130353,6.861474092641302,21.0,0,0.37918602686964675,20.59388606271329,20.5,21.5
1372.0,20.312738934169452,20.61812184900484,6.862111631725057,21.0,0,0.38187815099515987,20.59120060774971,20.5,21.5
1373.0,20.310048808708963,20.615430391378812,6.8627477527298,21.0,0,0.38456960862118805,20.58851581511853,20.5,21.5
1374.0,20.307359348497766,20.612739599835542,6.863382455171098,21.0,0,0.3872604001644575,20.585831684402848,20.5,21.5
1375.0,20.3046705531191,20.610049473958306,6.864015738565596,21.0,0,0.38995052604169445,20.583148215185936,20.5,21.5
1376.0,20.30198242215619,20.607360013330347,6.864647602431024,21.0,0,0.3926399866696535,20.580465407050756,20.5,21.5
1377.0,20.299294955192245,20.604671217534907,6.865278046286188,21.0,0,0.39532878246509284,20.577783259580514,20.5,21.5
1378.0,20.296608151810464,20.601983086155208,6.865907069650978,21.0,0,0.398016913844792,20.575101772358217,20.5,21.5
1379.0,20.29392201159403,20.59929561877446,6.866534672046365,21.0,0,0.4007043812255411,20.572420944966968,20.5,21.5
1380.0,20.29123653412612,20.596608814975866,6.867160852994403,21.0,0,0.40339118502413385,20.56974077698994,20.5,21.5
1381.0,20.288551718989893,20.593922674342604,6.867785612018229,21.0,0,0.40607732565739596,20.567061268009983,20.5,21.5
1382.0,20.2858675657685,20.591237196457854,6.868408948642059,21.0,0,0.408762803542146,20.564382417610354,20.5,21.5
1383.0,20.283184074045074,20.588552380904776,6.869030862391197,21.0,0,0.41144761909522387,20.561704225373997,20.5,21.5
1384.0,20.280501243402743,20.58586822726652,6.869651352792029,21.0,0,0.4141317727334801,20.559026690883957,20.5,21.5
1385.0,20.27781907342462,20.583184735126217,6.870270419372023,21.0,0,0.41681526487378306,20.556349813723187,20.5,21.5
1386.0,20.27513756369381,20.580501904067003,6.870888061659734,21.0,0,0.4194980959329975,20.55367359347486,20.5,21.5
1387.0,20.272456713793403,20.577819733671983,6.871504279184801,21.0,0,0.42218026632801653,20.550998029721793,20.5,21.5
1388.0,20.269776523306483,20.575138223524267,6.872119071477947,21.0,0,0.4248617764757334,20.548323122047098,20.5,21.5
1389.0,20.267096991816118,20.57245737320694,6.8727324380709796,21.0,0,0.4275426267930591,20.545648870033684,20.5,21.5
1390.0,20.26441811890537,20.569777182303092,6.873344378496795,21.0,0,0.43022281769690807,20.542975273264602,20.5,21.5
1391.0,20.261739904157288,20.567097650395787,6.873954892289374,21.0,0,0.4329023496042126,20.540302331322742,20.5,21.5
1392.0,20.259062347154913,20.56441877706809,6.874563978983783,21.0,0,0.4355812229319085,20.537630043791133,20.5,21.5
1393.0,20.25638544748128,20.561740561903047,6.875171638116177,21.0,0,0.4382594380969529,20.534958410252603,20.5,21.5
1394.0,20.253709204719407,20.559063004483708,6.875777869223795,21.0,0,0.4409369955162923,20.532287430290314,20.5,21.5
1395.0,20.251033618452308,20.556386104393095,6.8763826718449685,21.0,0,0.4436138956069051,20.529617103486967,20.5,21.5
1396.0,20.248358688262986,20.553709861214237,6.876986045519112,21.0,0,0.44629013878576274,20.52694742942566,20.5,21.5
1397.0,20.245684413734438,20.55103427453014,6.877587989786731,21.0,0,0.44896572546986135,20.524278407689152,20.5,21.5
1398.0,20.24301079444965,20.548359343923813,6.878188504189418,21.0,0,0.45164065607618653,20.52161003786056,20.5,21.5
1399.0,20.240337829991596,20.54568506897825,6.878787588269857,21.0,0,0.4543149310217487,20.51894231952263,20.5,21.5
1400.0,20.237665519943253,20.54301144927644,6.879385241571817,21.0,0,0.45698855072355826,20.516275252258346,20.5,21.5
1401.0,20.234993863887578,20.54033848440136,6.87998146364016,21.0,0,0.4596615155986399,20.513608835650544,20.5,21.5
1402.0,20.23232286140753,20.53766617393598,6.880576254020838,21.0,0,0.46233382606402174,20.51094306928216,20.5,21.5
1403.0,20.22965251208605,20.534994517463257,6.881169612260891,21.0,0,0.4650054825367427,20.508277952736048,20.5,21.5
1404.0,20.226982815506087,20.532323514566155,6.881761537908451,21.0,0,0.4676764854338451,20.50561348559513,20.5,21.5
1405.0,20.224313771250568,20.529653164827618,6.882352030512742,21.0,0,0.47034683517238207,20.50294966744225,20.5,21.5
1406.0,20.22164537890242,20.526983467830586,6.882941089624076,21.0,0,0.47301653216941375,20.50028649786027,20.5,21.5
1407.0,20.218977638044564,20.524314423157996,6.883528714793861,21.0,1,0.47568557684200385,20.497623976432095,20.5,21.5
1408.0,20.23631054825991,20.525646030392767,6.884114905574593,21.0,1,0.47435396960723253,20.53896210274048,20.5,21.5
1409.0,20.253640109131375,20.530977489117824,6.884699661519864,21.0,1,0.4690225108821764,20.584292076368385,20.5,21.5
1410.0,20.270966321041854,20.540307999076084,6.885282982184357,21.0,1,0.4596920009239156,20.633613098658692,20.5,21.5
1411.0,20.288289184374083,20.553636760170413,6.885864867123846,21.0,1,0.44636323982958714,20.686924371113697,20.5,21.5
1412.0,20.305608699510632,20.570962972463626,6.886445315895202,21.0,1,0.4290370275363742,20.744225095395755,20.5,21.5
1413.0,20.322924866833908,20.588285836178425,6.887024328056388,21.0,1,0.4117141638215749,20.761514473326418,20.5,21.5
1414.0,20.34023768672615,20.60560535169738,6.887601903166459,21.0,1,0.39439464830261883,20.77880050688694,20.5,21.5
1415.0,20.35754715956944,20.6229215194029,6.888178040785569,21.0,1,0.37707848059709903,20.7960831964581,20.5,21.5
1416.0,20.374853285745683,20.64023433967722,6.888752740474962,21.0,1,0.359765660322779,20.81336254242042,20.5,21.5
1417.0,20.39215606563663,20.657543812902418,6.889326001796981,21.0,1,0.3424561870975822,20.830638545154386,20.5,21.5
1418.0,20.409455499623864,20.674849939460408,6.889897824315062,21.0,1,0.32515006053959183,20.84791120504031,20.5,21.5
1419.0,20.426751588088802,20.69215271973294,6.890468207593736,21.0,1,0.30784728026706176,20.86518052245824,20.5,21.5
1420.0,20.4440443314127,20.709452154101587,6.891037151198633,21.0,1,0.29054784589841276,20.882446497788077,20.5,21.5
1421.0,20.46133372997666,20.72674824294778,6.8916046546964775,21.0,1,0.2732517570522184,20.899709131409725,20.5,21.5
1422.0,20.4786197841616,20.744040986652777,6.892170717655091,21.0,1,0.2559590133472227,20.916968423702734,20.5,21.5
1423.0,20.4959024943483,20.761330385597667,6.892735339643391,21.0,1,0.23866961440233325,20.93422437504656,20.5,21.5
1424.0,20.51318186091736,20.778616440163376,6.893298520231393,21.0,1,0.2213835598366245,20.951476985820463,20.5,21.5
1425.0,20.530457884249223,20.79589915073068,6.893860258990211,21.0,1,0.20410084926932015,20.968726256403723,20.5,21.5
1426.0,20.547730564724173,20.813178517680182,6.894420555492058,21.0,1,0.186821482319818,20.985972187175204,20.5,21.5
1427.0,20.564999902722327,20.830454541392328,6.894979409310242,21.0,1,0.16954545860767212,21.003214778513787,20.5,21.5
1428.0,20.582265898623646,20.847727222247396,6.895536820019172,21.0,1,0.15227277775260362,21.02045403079808,20.5,21.5
1429.0,20.599528552807925,20.864996560625507,6.8960927871943545,21.0,1,0.13500343937449344,21.03768994440661,20.5,21.5
1430.0,20.616787865654803,20.882262556906625,6.896647310412399,21.0,1,0.1177374430933753,21.054922519717806,20.5,21.5
1431.0,20.634043837543754,20.89952521147054,6.897200389251009,21.0,1,0.10047478852946057,21.072151757109687,20.5,21.5
1432.0,20.651296468854095,20.916784524696894,6.897752023288993,21.0,1,0.08321547530310625,21.089377656960437,20.5,21.5
1433.0,20.66854575996498,20.93404049696516,6.898302212106257,21.0,1,0.06595950303483988,21.106600219647824,20.5,21.5
1434.0,20.68579171125541,20.95129312865466,6.898850955283807,21.0,1,0.04870687134533824,21.123819445549678,20.5,21.5
1435.0,20.703034323104212,20.96854242014454,6.8993982524037545,21.0,1,0.03145757985545927,21.14103533504333,20.5,21.5
1436.0,20.720273595890074,20.985788371813804,6.899944103049305,21.0,1,0.014211628186195924,21.158247888506438,20.5,21.5
1437.0,20.737509529991506,21.00303098404129,6.900488506804772,21.0,1,-0.0030309840412883204,21.17545710631613,20.5,21.5
1438.0,20.75474212578687,21.020270257205667,6.901031463255567,21.0,1,-0.020270257205666553,21.19266298884945,20.5,21.5
1439.0,20.771971383654364,21.03750619168546,6.901572971988207,21.0,1,-0.0375061916854591,21.209865536483385,20.5,21.5
1440.0,20.78919730397203,21.05473878785902,6.902113032590307,21.0,1,-0.05473878785901931,21.22706474959462,20.5,21.5
1441.0,20.806419887117755,21.071968046104555,6.9026516446505894,21.0,1,-0.07196804610455487,21.24426062855991,20.5,21.5
1442.0,20.82363913346926,21.089193966800106,6.903188807758877,21.0,1,-0.0891939668001065,21.261453173755623,20.5,21.5
1443.0,20.84085504340412,21.106416550323555,6.903724521506096,21.0,1,-0.10641655032355501,21.27864238555804,20.5,21.5
1444.0,20.85806761729974,21.12363579705263,6.904258785484277,21.0,1,-0.1236357970526285,21.295828264343363,20.5,21.5
1445.0,20.875276855533375,21.1408517073649,6.904791599286557,21.0,1,-0.14085170736489872,21.3130108104876,20.5,21.5
1446.0,20.892482758482124,21.158064281637774,6.905322962507173,21.0,1,-0.15806428163777397,21.330190024366527,20.5,21.5
1447.0,20.90968532652293,21.17527352024851,6.905852874741469,21.0,1,-0.17527352024850984,21.34736590635587,20.5,21.5
1448.0,20.926884560032573,21.192479423574202,6.906381335585894,21.0,1,-0.192479423574202,21.364538456831124,20.5,21.5
1449.0,20.944080459387685,21.209681991991793,6.906908344638003,21.0,1,-0.20968199199179338,21.381707676167707,20.5,21.5
1450.0,20.961273024964736,21.226881225878067,6.907433901496454,21.0,1,-0.22688122587806703,21.398873564740803,20.5,21.5
1451.0,20.97846225714004,21.244077125609646,6.907958005761014,21.0,1,-0.24407712560964612,21.416036122925437,20.5,21.5
1452.0,20.995648156289764,21.26126969156301,6.908480657032554,21.0,1,-0.2612696915630117,21.433195351096668,20.5,21.5
1453.0,21.012830722789914,21.27845892411448,6.909001854913052,21.0,1,-0.2784589241144815,21.45035124962918,20.5,21.5
1454.0,21.03000995701634,21.29564482364021,6.909521599005595,21.0,1,-0.2956448236402096,21.46750381889749,20.5,21.5
1455.0,21.047185859344737,21.312827390516212,6.910039888914373,21.0,1,-0.3128273905162118,21.484653059276233,20.5,21.5
1456.0,21.06435843015065,21.330006625118337,6.910556724244687,21.0,0,-0.33000662511833667,21.501798971139586,20.5,21.5
1457.0,21.06152766980947,21.34318252782228,6.911072104602944,21.0,0,-0.34318252782227887,21.4749415548617,20.5,21.5
1458.0,21.05869757869643,21.35235589900358,6.91158602959666,21.0,0,-0.3523558990035802,21.444089610816594,20.5,21.5
1459.0,21.055868156386612,21.357527538877637,6.9120984988344585,21.0,0,-0.3575275388776369,21.409243937618204,20.5,21.5
1460.0,21.053039402455102,21.35869824749971,6.912609511926071,21.0,0,-0.35869824749971,21.37040533372044,20.5,21.5
1461.0,21.050211316476997,21.35586882476498,6.91311906848234,21.0,0,-0.35586882476497905,21.32757459741767,20.5,21.5
1462.0,21.047383898027398,21.353040070408564,6.913627168115215,21.0,0,-0.35304007040856433,21.324752526844417,20.5,21.5
1463.0,21.044557146681417,21.35021198400556,6.9141338104377565,21.0,0,-0.3502119840055613,21.32193111997553,20.5,21.5
1464.0,21.04173106201417,21.347384565131073,6.914638995064134,21.0,0,-0.3473845651310725,21.319110376386185,20.5,21.5
1465.0,21.038905643600778,21.34455781336021,6.915142721609628,21.0,0,-0.3445578133602112,21.316290295651598,20.5,21.5
1466.0,21.03608089101638,21.341731728268083,6.91564498969063,21.0,0,-0.3417317282680834,21.313470877346806,20.5,21.5
1467.0,21.033256803836114,21.338906309429824,6.916145798924639,21.0,0,-0.3389063094298237,21.310652121047227,20.5,21.5
1468.0,21.03043338163513,21.336081556420567,6.916645148930266,21.0,0,-0.3360815564205666,21.307834026327996,20.5,21.5
1469.0,21.02761062398859,21.333257468815454,6.917143039327238,21.0,0,-0.3332574688154537,21.305016592764325,20.5,21.5
1470.0,21.024788530471657,21.33043404618963,6.917639469736386,21.0,0,-0.33043404618963024,21.302199819931396,20.5,21.5
1471.0,21.02196710065951,21.327611288118256,6.918134439779659,21.0,0,-0.3276112881182556,21.29938370740451,20.5,21.5
1472.0,21.019146334127335,21.324789194176496,6.918627949080115,21.0,0,-0.3247891941764962,21.296568254758903,20.5,21.5
1473.0,21.016326230450325,21.321967763939536,6.919119997261925,21.0,0,-0.3219677639395364,21.29375346156994,20.5,21.5
1474.0,21.01350678920369,21.319146996982557,6.919610583950374,21.0,0,-0.3191469969825569,21.29093932741276,20.5,21.5
1475.0,21.01068800996264,21.31632689288075,6.920099708771858,21.0,0,-0.316326892880749,21.28812585186267,20.5,21.5
1476.0,21.007869892302402,21.31350745120933,6.920587371353886,21.0,0,-0.313507451209329,21.28531303449513,20.5,21.5
1477.0,21.005052435798213,21.310688671543506,6.921073571325084,21.0,0,-0.310688671543506,21.282500874885276,20.5,21.5
1478.0,21.00223564002532,21.307870553458503,6.921558308315188,21.0,0,-0.30787055345850334,21.279689372608477,20.5,21.5
1479.0,20.999419504558976,21.305053096529562,6.922041581955051,21.0,0,-0.30505309652956214,21.27687852724015,20.5,21.5
1480.0,20.996604028974456,21.302236300331924,6.922523391876638,21.0,0,-0.3022363003319235,21.274068338355537,20.5,21.5
1481.0,20.993789212847037,21.29942016444085,6.92300373771303,21.0,0,-0.29942016444084985,21.271258805530113,20.5,21.5
1482.0,20.99097505575201,21.296604688431607,6.923482619098422,21.0,0,-0.29660468843160714,21.26844992833918,20.5,21.5
1483.0,20.98816155726468,21.293789871879483,6.923960035668127,21.0,0,-0.2937898718794827,21.265641706358238,20.5,21.5
1484.0,20.98534871696036,21.290975714359757,6.924435987058571,21.0,0,-0.29097571435975667,21.262834139162496,20.5,21.5
1485.0,20.98253653441438,21.28816221544774,6.924910472907294,21.0,0,-0.28816221544774123,21.260027226327587,20.5,21.5
1486.0,20.979725009202078,21.28534937471875,6.925383492852958,21.0,0,-0.28534937471874855,21.25722096742882,20.5,21.5
1487.0,20.976914140898806,21.28253719174811,6.925855046535334,21.0,0,-0.28253719174810854,21.25441536204171,20.5,21.5
1488.0,20.974103929079934,21.27972566611116,6.926325133595316,21.0,0,-0.27972566611115823,21.251610409741655,20.5,21.5
1489.0,20.971294373320838,21.276914797383256,6.926793753674912,21.0,0,-0.276914797383256,21.248806110104233,20.5,21.5
1490.0,20.968485473196907,21.27410458513976,6.927260906417246,21.0,0,-0.2741045851397601,21.2460024627048,20.5,21.5
1491.0,20.96567722828355,21.271295028956054,6.927726591466562,21.0,0,-0.27129502895605384,21.24319946711899,20.5,21.5
1492.0,20.962869638156185,21.26848612840753,6.92819080846822,21.0,0,-0.26848612840753106,21.240397122922303,20.5,21.5
1493.0,20.960062702390246,21.265677883069593,6.928653557068699,21.0,0,-0.2656778830695927,21.23759542969021,20.5,21.5
1494.0,20.957256420561183,21.262870292517665,6.929114836915597,21.0,0,-0.2628702925176647,21.234794386998384,20.5,21.5
1495.0,20.954450792244455,21.260063356327173,6.929574647657626,21.0,0,-0.2600633563271728,21.231993994422254,20.5,21.5
1496.0,20.95164581701554,21.25725707407357,6.930032988944623,21.0,0,-0.25725707407357135,21.229194251537557,20.5,21.5
1497.0,20.948841494449926,21.254451445332318,6.9304898604275404,21.0,0,-0.2544514453323181,21.226395157919786,20.5,21.5
1498.0,20.94603782412312,21.251646469678896,6.93094526175845,21.0,0,-0.2516464696788958,21.223596713144673,20.5,21.5
1499.0,20.943234805610647,21.248842146688787,6.931399192590545,21.0,0,-0.24884214668878712,21.2207989167877,20.5,21.5
1500.0,20.940432438488042,21.246038475937503,6.931851652578136,21.0,0,-0.24603847593750316,21.218001768424664,20.5,21.5
1501.0,20.93763072233086,21.24323545700057,6.932302641376657,21.0,0,-0.24323545700056926,21.21520526763123,20.5,21.5
1502.0,20.93482965671467,21.240433089453518,6.932752158642659,21.0,0,-0.24043308945351782,21.212409413983004,20.5,21.5
1503.0,20.932029241215055,21.237631372871906,6.933200204033815,21.0,0,-0.23763137287190617,21.20961420705579,20.5,21.5
1504.0,20.92922947540762,21.2348303068313,6.933646777208919,21.0,0,-0.23483030683129869,21.206819646425224,20.5,21.5
1505.0,20.92643035886798,21.232029890907288,6.934091877827886,21.0,0,-0.2320298909072882,21.204025731667183,20.5,21.5
1506.0,20.92363189117177,21.229230124675468,6.934535505551754,21.0,0,-0.22923012467546755,21.20123246235726,20.5,21.5
1507.0,20.920834071894646,21.22643100771146,6.934977660042679,21.0,0,-0.22643100771146152,21.1984398380714,20.5,21.5
1508.0,20.918036900612275,21.223632539590906,6.935418340963942,21.0,0,-0.22363253959090557,21.195647858385346,20.5,21.5
1509.0,20.915240376900346,21.220834719889453,6.935857547979946,21.0,0,-0.2208347198894529,21.192856522874926,20.5,21.5
1510.0,20.912444500334562,21.21803754818277,6.936295280756216,21.0,0,-0.218037548182771,21.19006583111595,20.5,21.5
1511.0,20.909649270490647,21.21524102404654,6.936731538959397,21.0,0,-0.21524102404654144,21.187275782684246,20.5,21.5
1512.0,20.90685468694434,21.21244514705648,6.937166322257262,21.0,0,-0.21244514705648143,21.18448637715588,20.5,21.5
1513.0,20.9040607492714,21.209649916788308,6.9375996303187035,21.0,0,-0.20964991678830813,21.181697614106575,20.5,21.5
1514.0,20.901267457047613,21.206855332817764,6.938031462813739,21.0,0,-0.20685533281776358,21.178909493112318,20.5,21.5
1515.0,20.898474809848768,21.204061394720604,6.938461819413509,21.0,0,-0.20406139472060403,21.17612201374901,20.5,21.5
1516.0,20.89568280725068,21.20126810207261,6.938890699790278,21.0,0,-0.2012681020726106,21.173335175592676,20.5,21.5
1517.0,20.892891448829186,21.198475454449582,6.939318103617435,21.0,0,-0.19847545444958214,21.170548978219298,20.5,21.5
1518.0,20.890100734160143,21.19568345142733,6.939744030569494,21.0,0,-0.19568345142732824,21.16776342120479,20.5,21.5
1519.0,20.887310662819424,21.19289209258169,6.940168480322091,21.0,0,-0.19289209258169038,21.164978504125312,20.5,21.5
1520.0,20.884521234382923,21.19010137748852,6.940591452551993,21.0,0,-0.19010137748852074,21.162194226556824,20.5,21.5
1521.0,20.881732448426558,21.187311305723696,6.941012946937085,21.0,0,-0.18731130572369636,21.159410588075453,20.5,21.5
1522.0,20.87894430452626,21.184521876863112,6.941432963156382,21.0,0,-0.18452187686311206,21.15662758825727,20.5,21.5
1523.0,20.876156802257988,21.181733090482684,6.941851500890023,21.0,0,-0.18173309048268393,21.153845226678403,20.5,21.5
1524.0,20.873369941197716,21.178944946158342,6.942268559819272,21.0,0,-0.17894494615834233,21.151063502914926,20.5,21.5
1525.0,20.87058372092144,21.176157443466046,6.942684139626523,21.0,0,-0.176157443466046,21.148282416543083,20.5,21.5
1526.0,20.86779814100518,21.173370581981768,6.943098239995292,21.0,0,-0.1733705819817679,21.145501967138987,20.5,21.5
1527.0,20.86501320102498,21.17058436128151,6.943510860610225,21.0,0,-0.17058436128150944,21.142722154278925,20.5,21.5
1528.0,20.862228900556897,21.16779878094129,6.943922001157093,21.0,0,-0.16779878094128975,21.139942977539093,20.5,21.5
1529.0,20.859445239177017,21.16501384053715,6.944331661322793,21.0,0,-0.1650138405371493,21.137164436495745,20.5,21.5
1530.0,20.856662216461444,21.16222953964515,6.944739840795354,21.0,0,-0.16222953964514986,21.134386530725155,20.5,21.5
1531.0,20.853879831986312,21.159445877841378,6.945146539263926,21.0,0,-0.1594458778413781,21.13160925980366,20.5,21.5
1532.0,20.851098085327767,21.15666285470194,6.9455517564187925,21.0,0,-0.15666285470193841,21.12883262330754,20.5,21.5
1533.0,20.848316976061984,21.153880469802953,6.945955491951364,21.0,0,-0.153880469802953,21.1260566208131,20.5,21.5
1534.0,20.84553650376516,21.151098722720583,6.9463577455541765,21.0,0,-0.1510987227205831,21.123281251896884,20.5,21.5
1535.0,20.842756668013518,21.148317613030997,6.946758516920897,21.0,0,-0.1483176130309971,21.120506516135137,20.5,21.5
1536.0,20.8399774683833,21.145537140310395,6.94715780574632,21.0,0,-0.14553714031039533,21.117732413104378,20.5,21.5
1537.0,20.837198904450773,21.142757304134996,6.947555611726371,21.0,0,-0.14275730413499588,21.114958942381,20.5,21.5
1538.0,20.834420975792227,21.13997810408104,6.947951934558104,21.0,0,-0.13997810408104172,21.1121861035415,20.5,21.5
1539.0,20.83164368198398,21.137199539724804,6.948346773939699,21.0,0,-0.13719953972480425,21.10941389616243,20.5,21.5
1540.0,20.82886702260237,21.134421610642576,6.948740129570471,21.0,0,-0.13442161064257618,21.106642319820295,20.5,21.5
1541.0,20.826090997223766,21.13164431641067,6.949132001150861,21.0,0,-0.13164431641067154,21.103871374091625,20.5,21.5
1542.0,20.82331560542455,21.12886765660543,6.9495223883824435,21.0,0,-0.1288676566054292,21.101101058553006,20.5,21.5
1543.0,20.820540846781142,21.12609163080321,6.94991129096792,21.0,0,-0.1260916308032094,21.09833137278101,20.5,21.5
1544.0,20.81776672086998,21.12331623858041,6.950298708611126,21.0,0,-0.12331623858041141,21.09556231635243,20.5,21.5
1545.0,20.81499322726753,21.120541479513445,6.950684641017025,21.0,0,-0.12054147951344518,21.092793888843783,20.5,21.5
1546.0,20.812220365550278,21.11776735317875,6.951069087891713,21.0,0,-0.11776735317874909,21.090026089831788,20.5,21.5
1547.0,20.809448135294748,21.114993859152786,6.951452048942417,21.0,0,-0.11499385915278637,21.08725891889316,20.5,21.5
1548.0,20.80667653607748,21.112220997012056,6.951833523877495,21.0,0,-0.11222099701205579,21.08449237560475,20.5,21.5
1549.0,20.803905567475038,21.109448766333067,6.952213512406438,21.0,0,-0.10944876633306677,21.081726459543177,20.5,21.5
1550.0,20.801135229064023,21.106677166692368,6.952592014239867,21.0,0,-0.10667716669236782,21.07896117028538,20.5,21.5
1551.0,20.798365520421058,21.10390619766652,6.952969029089537,21.0,0,-0.10390619766652165,21.07619650740806,20.5,21.5
1552.0,20.795596441122793,21.10113585883213,6.953344556668336,21.0,0,-0.10113585883213005,21.073432470488214,20.5,21.5
1553.0,20.792827990745902,21.098366149765816,6.9537185966902815,21.0,0,-0.09836614976581615,21.070669059102677,20.5,21.5
1554.0,20.79006016886709,21.095597070044228,6.954091148870527,21.0,0,-0.0955970700442279,21.067906272828345,20.5,21.5
1555.0,20.78729297506309,21.092828619244038,6.954462212925358,21.0,0,-0.09282861924403818,21.06514411124214,20.5,21.5
1556.0,20.78452640891066,21.090060796941962,6.954831788572192,21.0,0,-0.09006079694196245,21.062382573921205,20.5,21.5
1557.0,20.781760469986594,21.08729360271472,6.955199875529582,21.0,0,-0.08729360271471975,21.059621660442293,20.5,21.5
1558.0,20.7789951578677,21.08452703613908,6.955566473517212,21.0,0,-0.08452703613907886,21.05686137038267,20.5,21.5
1559.0,20.77623047213083,21.081761096791826,6.9559315822559045,21.0,0,-0.0817610967918263,21.0541017033193,20.5,21.5
1560.0,20.773466412352857,21.078995784249777,6.956295201467611,21.0,0,-0.07899578424977705,21.051342658829284,20.5,21.5
1561.0,20.77070297811068,21.07623109808978,6.956657330875421,21.0,0,-0.07623109808978157,21.048584236489827,20.5,21.5
1562.0,20.767940168981234,21.07346703788871,6.957017970203557,21.0,0,-0.07346703788871167,21.045826435878013,20.5,21.5
1563.0,20.765177984541477,21.070703603223468,6.957377119177376,21.0,0,-0.07070360322346758,21.043069256571027,20.5,21.5
1564.0,20.762416424368404,21.06794079367098,6.95773477752337,21.0,0,-0.06794079367098149,21.04031269814612,20.5,21.5
1565.0,20.759655488039034,21.065178608808218,6.958090944969168,21.0,0,-0.06517860880821758,21.03755676018058,20.5,21.5
1566.0,20.75689517513042,21.062417048212165,6.9584456212435315,21.0,0,-0.06241704821216487,21.034801442251638,20.5,21.5
1567.0,20.754135485219642,21.059656111459848,6.95879880607636,21.0,0,-0.05965611145984795,21.03204674393668,20.5,21.5
1568.0,20.75137641788381,21.056895798128316,6.959150499198688,21.0,0,-0.056895798128316244,21.029292664813,20.5,21.5
1569.0,20.748617972700075,21.054136107794648,6.959500700342685,21.0,0,-0.054136107794647614,21.02653920445796,20.5,21.5
1570.0,20.745860149245605,21.051377040035966,6.959849409241659,21.0,0,-0.051377040035966104,21.02378636244915,20.5,21.5
1571.0,20.743102947097604,21.048618594429403,6.9601966256300525,21.0,0,-0.04861859442940286,21.02103413836377,20.5,21.5
1572.0,20.74034636583331,21.045860770552135,6.960542349243443,21.0,0,-0.04586077055213522,21.01828253177946,20.5,21.5
1573.0,20.737590405029994,21.043103567981372,6.960886579818551,21.0,0,-0.04310356798137249,21.015531542273745,20.5,21.5
1574.0,20.734835064264953,21.04034698629435,6.961229317093226,21.0,0,-0.04034698629434885,21.012781169424112,20.5,21.5
1575.0,20.73208034311552,21.03759102506833,6.961570560806461,21.0,0,-0.03759102506833045,21.010031412808146,20.5,21.5
1576.0,20.729326241159058,21.034835683880623,6.961910310698383,21.0,0,-0.034835683880622526,21.007282272003543,20.5,21.5
1577.0,20.726572757972967,21.03208096230855,6.962248566510258,21.0,0,-0.03208096230855162,21.004533746587843,20.5,21.5
1578.0,20.723819893134674,21.02932685992949,6.96258532798449,21.0,0,-0.029326859929490467,21.00178583613888,20.5,21.5
1579.0,20.721067646221645,21.026573376320826,6.96292059486462,21.0,0,-0.026573376320826014,20.99903854023418,20.5,21.5
1580.0,20.718316016811375,21.023820511059995,6.9632543668953275,21.0,0,-0.023820511059994942,20.996291858451684,20.5,21.5
1581.0,20.71556500448139,21.021068263724462,6.963586643822431,21.0,0,-0.021068263724462355,20.993545790369136,20.5,21.5
1582.0,20.71281460880926,21.018316633891722,6.9639174253928875,21.0,0,-0.01831663389172178,20.990800335564316,20.5,21.5
1583.0,20.710064829372577,21.015565621139302,6.964246711354791,21.0,0,-0.015565621139302266,20.988055493615107,20.5,21.5
1584.0,20.707315665748972,21.01281522504477,6.964574501457378,21.0,0,-0.012815225044768397,20.98531126409943,20.5,21.5
1585.0,20.704567117516113,21.010065445185717,6.964900795451019,21.0,0,-0.010065445185716726,20.9825676465952,20.5,21.5
1586.0,20.7018191842517,21.00731628113978,6.96522559308723,21.0,0,-0.007316281139779335,20.979824640680405,20.5,21.5
1587.0,20.69907186553347,21.00456773248462,6.965548894118663,21.0,0,-0.004567732484620279,20.97708224593303,20.5,21.5
1588.0,20.696325160939185,21.00181979879794,6.965870698299108,21.0,0,-0.0018197987979391428,20.974340461931128,20.5,21.5
1589.0,20.693579070046656,20.999072479657478,6.9661910053835,21.0,0,0.0009275203425218592,20.971599288252868,20.5,21.5
1590.0,20.690833592433723,20.996325774641,6.966509815127909,21.0,0,0.0036742253589991947,20.968858724476227,20.5,21.5
1591.0,20.688088727678263,20.99357968332631,6.966827127289549,21.0,0,0.006420316673690252,20.9661187701794,20.5,21.5
1592.0,20.685344475358185,20.990834205291257,6.967142941626772,21.0,0,0.00916579470874268,20.963379424940733,20.5,21.5
1593.0,20.68260083505144,20.98808934011371,6.967457257899071,21.0,0,0.01191065988628992,20.960640688338238,20.5,21.5
1594.0,20.67985780633601,20.98534508737158,6.967770075867083,21.0,0,0.014654912628419225,20.957902559950288,20.5,21.5
1595.0,20.677115388789915,20.98260144664282,6.9680813952925815,21.0,0,0.01739855335717877,20.955165039355226,20.5,21.5
1596.0,20.674373581991215,20.97985841750541,6.9683912159384835,21.0,0,0.020141582494588306,20.952428126131316,20.5,21.5
1597.0,20.671632385518006,20.977115999537375,6.968699537568848,21.0,0,0.022884000462624954,20.94969181985701,20.5,21.5
1598.0,20.668891798948415,20.97437419231677,6.969006359948873,21.0,0,0.025625807683230306,20.946956120110716,20.5,21.5
1599.0,20.666151821860616,20.971632995421693,6.969311682844902,21.0,0,0.028367004578306876,20.944221026470927,20.5,21.5
1600.0,20.663412453832812,20.96889240843027,6.969615506024416,21.0,0,0.031107591569728754,20.941486538516052,20.5,21.5
1601.0,20.66067369444325,20.96615243092068,6.969917829256042,21.0,0,0.033847569079320294,20.938752655824764,20.5,21.5
1602.0,20.657935543270213,20.963413062471123,6.970218652309548,21.0,0,0.03658693752887743,20.93601937797555,20.5,21.5
1603.0,20.65519799989202,20.960674302659843,6.970517974955843,21.0,0,0.039325697340157006,20.933286704547047,20.5,21.5
1604.0,20.652461063887035,20.957936151065127,6.97081579696698,21.0,0,0.04206384893487325,20.930554635117964,20.5,21.5
1605.0,20.64972473483365,20.955198607265295,6.971112118116156,21.0,0,0.04480139273470485,20.92782316926698,20.5,21.5
1606.0,20.646989012310307,20.952461670838705,6.971406938177707,21.0,0,0.04753832916129497,20.925092306572804,20.5,21.5
1607.0,20.64425389589548,20.94972534136376,6.971700256927117,21.0,0,0.05027465863624059,20.922362046614303,20.5,21.5
1608.0,20.641519385167687,20.946989618418893,6.97199207414101,21.0,0,0.053010381581106714,20.919632388970232,20.5,21.5
1609.0,20.638785479705483,20.944254501582584,6.972282389597154,21.0,0,0.05574549841741572,20.916903333219494,20.5,21.5
1610.0,20.63605217908746,20.941519990433342,6.972571203074462,21.0,0,0.058480009566658,20.91417487894092,20.5,21.5
1611.0,20.633319482892258,20.938786084549733,6.972858514352991,21.0,0,0.06121391545026711,20.911447025713642,20.5,21.5
1612.0,20.63058739069855,20.936052783510345,6.973144323213939,21.0,0,0.06394721648965529,20.908719773116463,20.5,21.5
1613.0,20.627855902085056,20.933320086893822,6.973428629439651,21.0,0,0.06667991310617793,20.905993120728596,20.5,21.5
1614.0,20.625125016630527,20.93058799427883,6.973711432813614,21.0,0,0.06941200572116912,20.90326706812892,20.5,21.5
1615.0,20.622394733913765,20.92785650524409,6.973992733120464,21.0,0,0.07214349475590964,20.900541614896685,20.5,21.5
1616.0,20.619665053513607,20.925125619368362,6.974272530145976,21.0,0,0.07487438063163765,20.897816760611082,20.5,21.5
1617.0,20.616935975008932,20.922395336230437,6.974550823677073,21.0,0,0.07760466376956288,20.895092504851185,20.5,21.5
1618.0,20.614207497978665,20.91966565540916,6.974827613501823,21.0,0,0.08033434459084177,20.89236884719637,20.5,21.5
1619.0,20.61147962200177,20.916936576483405,6.975102899409437,21.0,0,0.08306342351659524,20.88964578722587,20.5,21.5
1620.0,20.60875234665725,20.914208099032102,6.9753766811902755,21.0,0,0.08579190096789802,20.886923324519074,20.5,21.5
1621.0,20.606025671524158,20.911480222634214,6.975648958635839,21.0,0,0.08851977736578576,20.884201458655337,20.5,21.5
1622.0,20.60329959618158,20.90875294686874,6.975919731538778,21.0,0,0.09124705313125858,20.881480189214013,20.5,21.5
1623.0,20.60057412020865,20.906026271314737,6.976188999692887,21.0,0,0.09397372868526332,20.87875951577469,20.5,21.5
1624.0,20.597849243184545,20.903300195551292,6.976456762893106,21.0,0,0.09669980444870774,20.876039437916848,20.5,21.5
1625.0,20.595124964688488,20.90057471915754,6.9767230209355215,21.0,0,0.0994252808424605,20.873319955220012,20.5,21.5
1626.0,20.592401284299736,20.897849841712656,6.976987773617367,21.0,0,0.10215015828734408,20.87060106726382,20.5,21.5
1627.0,20.5896782015976,20.89512556279586,6.977251020737022,21.0,0,0.10487443720413836,20.86788277362792,20.5,21.5
1628.0,20.586955716161427,20.892401881986416,6.977512762094012,21.0,0,0.1075981180135841,20.86516507389196,20.5,21.5
1629.0,20.584233827570614,20.889678798863628,6.977772997489009,21.0,0,0.11032120113637234,20.862447967635745,20.5,21.5
1630.0,20.5815125354046,20.88695631300685,6.978031726723834,21.0,0,0.11304368699315148,20.859731454439057,20.5,21.5
1631.0,20.578791839242864,20.884234423995473,6.978288949601452,21.0,0,0.1157655760045273,20.857015533881714,20.5,21.5
1632.0,20.576071738664936,20.88151313140894,6.978544665925977,21.0,0,0.11848686859105939,20.85430020554362,20.5,21.5
1633.0,20.57335223325039,20.87879243482673,6.97879887550267,21.0,0,0.12120756517326825,20.851585469004643,20.5,21.5
1634.0,20.57063332257884,20.87607233382838,6.9790515781379385,21.0,0,0.1239276661716211,20.84887132384485,20.5,21.5
1635.0,20.567915006229953,20.87335282799345,6.979302773639341,21.0,0,0.12664717200654962,20.846157769644165,20.5,21.5
1636.0,20.565197283783434,20.87063391690156,6.979552461815578,21.0,0,0.12936608309843933,20.843444805982664,20.5,21.5
1637.0,20.56248015481904,20.867915600132385,6.979800642476503,21.0,0,0.13208439986761533,20.840732432440625,20.5,21.5
1638.0,20.55976361891657,20.865197877265622,6.980047315433115,21.0,0,0.13480212273437786,20.838020648597997,20.5,21.5
1639.0,20.557047675655873,20.86248074788103,6.980292480497562,21.0,0,0.13751925211897031,20.835309454035105,20.5,21.5
1640.0,20.55433232461684,20.859764211558407,6.98053613748314,21.0,0,0.14023578844159346,20.832598848332175,20.5,21.5
1641.0,20.551617565379413,20.857048267877605,6.980778286204295,21.0,0,0.14295173212239476,20.829888831069592,20.5,21.5
1642.0,20.548903397523578,20.85433291641851,6.981018926476618,21.0,0,0.14566708358148972,20.82717940182756,20.5,21.5
1643.0,20.54618982062937,20.85161815676107,6.981258058116851,21.0,0,0.1483818432389299,20.82447056018667,20.5,21.5
1644.0,20.543476834276866,20.84890398848527,6.981495680942887,21.0,0,0.1510960115147313,20.821762305727255,20.5,21.5
1645.0,20.5407644380462,20.846190411171136,6.981731794773765,21.0,0,0.15380958882886375,20.81905463802981,20.5,21.5
1646.0,20.538052631517544,20.843477424398763,6.981966399429672,21.0,0,0.15652257560123672,20.816347556675034,20.5,21.5
1647.0,20.535341414271127,20.840765027748272,6.982199494731949,21.0,0,0.15923497225172767,20.813641061243363,20.5,21.5
1648.0,20.532630785887218,20.838053220799843,6.982431080503083,21.0,0,0.1619467792001572,20.810935151315547,20.5,21.5
1649.0,20.52992074594614,20.835342003133697,6.982661156566712,21.0,0,0.16465799686630334,20.808229826472235,20.5,21.5
1650.0,20.527211294028263,20.832631374330113,6.982889722747621,21.0,0,0.1673686256698872,20.805525086294274,20.5,21.5
1651.0,20.524502429714005,20.829921333969402,6.983116778871748,21.0,0,0.17007866603059796,20.802820930362294,20.5,21.5
1652.0,20.521794152583837,20.827211881631946,6.9833423247661806,21.0,0,0.17278811836805374,20.80011735825739,20.5,21.5
1653.0,20.519086462218272,20.824503016898156,6.983566360259156,21.0,0,0.17549698310184425,20.79741436956025,20.5,21.5
1654.0,20.51637935819788,20.821794739348505,6.98378888518006,21.0,0,0.17820526065149522,20.794711963851995,20.5,21.5
1655.0,20.513672840103276,20.81908704856351,6.98400989935943,21.0,0,0.18091295143648978,20.792010140713565,20.5,21.5
1656.0,20.510966907515126,20.81637994412373,6.984229402628955,21.0,0,0.1836200558762684,20.789308899725945,20.5,21.5
1657.0,20.508261560014148,20.813673425609796,6.9844473948214745,21.0,0,0.18632657439020406,20.78660824047044,20.5,21.5
1658.0,20.50555679718111,20.810967492602362,6.984663875770977,21.0,0,0.18903250739763777,20.783908162528025,20.5,21.5
1659.0,20.50285261859683,20.808262144682153,6.984878845312603,21.0,0,0.1917378553178466,20.781208665480065,20.5,21.5
1660.0,20.500149023842173,20.80555738142993,6.985092303282644,21.0,0,0.1944426185700685,20.778509748907712,20.5,21.5
1661.0,20.49744601249806,20.80285320242652,6.985304249518542,21.0,0,0.19714679757348108,20.775811412392393,20.5,21.5
1662.0,20.494743584145464,20.800149607252784,6.9855146838588915,21.0,0,0.19985039274721572,20.773113655515438,20.5,21.5
1663.0,20.49204173836541,20.797446595489642,6.985723606143436,21.0,0,0.20255340451035764,20.770416477858223,20.5,21.5
1664.0,20.489340474738963,20.79474416671807,6.985931016213074,21.0,0,0.20525583328193164,20.76771987900233,20.5,21.5
1665.0,20.486639792847257,20.792042320519084,6.986136913909853,21.0,0,0.20795767948091637,20.765023858529236,20.5,21.5
1666.0,20.48393969227147,20.789341056473766,6.986341299076972,21.0,0,0.2106589435262336,20.762328416020594,20.5,21.5
1667.0,20.48124017259283,20.78664037416324,6.986544171558784,21.0,0,0.21335962583675894,20.759633551057988,20.5,21.5
1668.0,20.478541233392622,20.783940273168685,6.986745531200793,21.0,0,0.2160597268313147,20.756939263223128,20.5,21.5
1669.0,20.475842874252184,20.78124075307133,6.986945377849654,21.0,0,0.21875924692866988,20.754245552097778,20.5,21.5
1670.0,20.473145094752905,20.77854181345246,6.987143711353175,21.0,0,0.22145818654754024,20.751552417263756,20.5,21.5
1671.0,20.470447894476226,20.775843453893412,6.987340531560317,21.0,0,0.2241565461065882,20.748859858302932,20.5,21.5
1672.0,20.467751273003643,20.773145673975574,6.987535838321193,21.0,0,0.22685432602442646,20.74616787479719,20.5,21.5
1673.0,20.465055229916707,20.77044847328039,6.987729631487067,21.0,0,0.22955152671961088,20.743476466328545,20.5,21.5
1674.0,20.46235976479702,20.767751851389356,6.98792191091036,21.0,0,0.23224814861064402,20.740785632479025,20.5,21.5
1675.0,20.459664877226245,20.765055807884025,6.988112676444639,21.0,0,0.23494419211597517,20.738095372830713,20.5,21.5
1676.0,20.45697056678609,20.762360342346,6.988301927944631,21.0,0,0.2376396576540003,20.73540568696575,20.5,21.5
1677.0,20.454276833058323,20.759665454356938,6.9884896652662105,21.0,0,0.24033454564306211,20.73271657446632,20.5,21.5
1678.0,20.451583675624764,20.756971143498546,6.9886758882664095,21.0,0,0.24302885650145356,20.730028034914632,20.5,21.5
1679.0,20.448891094067292,20.7542774093526,6.988860596803409,21.0,0,0.2457225906474001,20.727340067893135,20.5,21.5
1680.0,20.44619908796784,20.75158425150092,6.989043790736547,21.0,0,0.248415748499081,20.72465267298411,20.5,21.5
1681.0,20.443507656908395,20.748891669525378,6.989225469926312,21.0,0,0.2511083304746222,20.721965849769965,20.5,21.5
1682.0,20.440816800470998,20.74619966300791,6.989405634234348,21.0,0,0.25380033699208937,20.71927959783324,20.5,21.5
1683.0,20.438126518237752,20.743508231530505,6.9895842835234525,21.0,0,0.25649176846949473,20.71659391675645,20.5,21.5
1684.0,20.435436809790808,20.74081737467521,6.989761417657577,21.0,0,0.2591826253247902,20.713908806122255,20.5,21.5
1685.0,20.43274767471238,20.738127092024122,6.989937036501823,21.0,0,0.2618729079758779,20.711224265513245,20.5,21.5
1686.0,20.43005911258474,20.73543738315939,6.990111139922453,21.0,0,0.26456261684061033,20.708540294512066,20.5,21.5
1687.0,20.427371122990206,20.73274824766323,6.990283727786877,21.0,0,0.2672517523367688,20.705856892701647,20.5,21.5
1688.0,20.424683705511164,20.730059685117915,6.990454799963662,21.0,0,0.2699403148820849,20.703174059664754,20.5,21.5
1689.0,20.421996859730054,20.727371695105766,6.990624356322531,21.0,0,0.2726283048942335,20.70049179498428,20.5,21.5
1690.0,20.419310585229372,20.72468427720916,6.990792396734357,21.0,0,0.2753157227908396,20.6978100982431,20.5,21.5
1691.0,20.416624881591673,20.721997431010546,6.990958921071172,21.0,0,0.27800256898945364,20.695128969024406,20.5,21.5
1692.0,20.413939748399567,20.71931115609242,6.99112392920616,21.0,0,0.28068884390757987,20.692448406911158,20.5,21.5
1693.0,20.411255185235728,20.71662545203733,6.991287421013659,21.0,0,0.28337454796266925,20.689768411486437,20.5,21.5
1694.0,20.408571191682885,20.713940318427895,6.991449396369164,21.0,0,0.28605968157210526,20.687088982333535,20.5,21.5
1695.0,20.405887767323822,20.711255754846785,6.991609855149323,21.0,0,0.2887442451532145,20.684410119035693,20.5,21.5
1696.0,20.403204911741387,20.70857176087673,6.9917687972319404,21.0,0,0.2914282391232703,20.68173182117617,20.5,21.5
1697.0,20.400522624518484,20.70588833610051,6.991926222495975,21.0,0,0.2941116638994892,20.679054088338322,20.5,21.5
1698.0,20.39784090523808,20.703205480100983,6.992082130821539,21.0,0,0.2967945198990165,20.67637692010571,20.5,21.5
1699.0,20.395159753483195,20.70052319246104,6.992236522089903,21.0,0,0.29947680753895867,20.67370031606162,20.5,21.5
1700.0,20.392479168836918,20.697841472763663,6.992389396183491,21.0,0,0.30215852723633674,20.671024275789883,20.5,21.5
1701.0,20.389799150882386,20.69516032059186,6.9925407529858825,21.0,0,0.30483967940813983,20.66834879887383,20.5,21.5
1702.0,20.387119699202806,20.692479735528728,6.992690592381813,21.0,0,0.3075202644712718,20.66567388489741,20.5,21.5
1703.0,20.384440813381442,20.6897997171574,6.992838914257173,21.0,0,0.3102002828426009,20.662999533444108,20.5,21.5
1704.0,20.381762493001617,20.687120265061083,6.992985718499009,21.0,0,0.3128797349389174,20.660325744097918,20.5,21.5
1705.0,20.379084737646718,20.684441378823045,6.993131004995523,21.0,0,0.31555862117695455,20.657652516442674,20.5,21.5
1706.0,20.376407546900186,20.681763058026604,6.993274773636073,21.0,0,0.3182369419733959,20.65497985006219,20.5,21.5
1707.0,20.373730920345533,20.67908530225515,6.9934170243111735,21.0,0,0.3209146977448505,20.652307744540604,20.5,21.5
1708.0,20.371054857566325,20.676408111092123,6.9935577569124945,21.0,0,0.3235918889078775,20.649636199461852,20.5,21.5
1709.0,20.368379358146193,20.673731484121042,6.993696971332861,21.0,0,0.326268515878958,20.646965214410237,20.5,21.5
1710.0,20.36570442166883,20.671055420925462,6.993834667466256,21.0,0,0.32894457907453756,20.644294788969667,20.5,21.5
1711.0,20.36303004771799,20.668379921089024,6.9939708452078175,21.0,0,0.33162007891097645,20.641624922724635,20.5,21.5
1712.0,20.36035623587749,20.665704984195415,6.994105504453841,21.0,0,0.3342950158045852,20.638955615259327,20.5,21.5
1713.0,20.357682985731206,20.66303060982839,6.994238645101776,21.0,0,0.33696939017161043,20.636286866158137,20.5,21.5
1714.0,20.355010296863078,20.660356797571765,6.994370267050232,21.0,0,0.33964320242823476,20.633618675005522,20.5,21.5
1715.0,20.352338168857116,20.65768354700942,6.994500370198971,21.0,0,0.34231645299058044,20.630951041385963,20.5,21.5
1716.0,20.349666601297386,20.655010857725298,6.994628954448916,21.0,0,0.34498914227470223,20.62828396488408,20.5,21.5
1717.0,20.346995593768018,20.652338729303402,6.994756019702144,21.0,0,0.347661270696598,20.625617445084444,20.5,21.5
1718.0,20.344325145853205,20.649667161327802,6.994881565861888,21.0,0,0.3503328386721982,20.6229514815718,20.5,21.5
1719.0,20.341655257137205,20.646996153382624,6.99500559283254,21.0,0,0.3530038466173764,20.620286073930842,20.5,21.5
1720.0,20.338985927204345,20.644325705052072,6.995128100519649,21.0,0,0.3556742949479279,20.617621221746557,20.5,21.5
1721.0,20.33631715563901,20.641655815920394,6.995249088829918,21.0,0,0.35834418407960555,20.614956924603618,20.5,21.5
1722.0,20.333648942025647,20.638986485571923,6.995368557671211,21.0,0,0.36101351442807683,20.61229318208721,20.5,21.5
1723.0,20.330981285948777,20.636317713591037,6.995486506952545,21.0,0,0.36368228640896305,20.609629993782175,20.5,21.5
1724.0,20.328314186992976,20.633649499562193,6.9956029365841,21.0,0,0.36635050043780737,20.60696735927375,20.5,21.5
1725.0,20.325647644742894,20.630981843069904,6.995717846477207,21.0,0,0.3690181569300961,20.604305278147017,20.5,21.5
1726.0,20.32298165878324,20.628314743698752,6.995831236544358,21.0,0,0.37168525630124805,20.601643749987232,20.5,21.5
1727.0,20.320316228698793,20.625648201033382,6.995943106699201,21.0,0,0.3743517989666181,20.59898277437968,20.5,21.5
1728.0,20.317651354074393,20.622982214658506,6.996053456856544,21.0,0,0.37701778534149355,20.59632235090975,20.5,21.5
1729.0,20.314987034494948,20.6203167841589,6.996162286932347,21.0,0,0.37968321584110143,20.59366247916282,20.5,21.5
1730.0,20.312323269545434,20.61765190911941,6.996269596843733,21.0,0,0.3823480908805905,20.59100315872452,20.5,21.5
1731.0,20.309660058810895,20.614987589124937,6.996375386508983,21.0,0,0.38501241087506344,20.588344389180207,20.5,21.5
1732.0,20.306997401876433,20.612323823760462,6.996479655847531,21.0,0,0.38767617623953754,20.58568617011572,20.5,21.5
1733.0,20.304335298327228,20.60966061261103,6.996582404779971,21.0,0,0.3903393873889698,20.583028501116708,20.5,21.5
1734.0,20.30167374774852,20.606997955261743,6.996683633228057,21.0,0,0.39300204473825673,20.580371381768874,20.5,21.5
1735.0,20.299012749725616,20.604335851297783,6.996783341114698,21.0,0,0.3956641487022168,20.577714811658183,20.5,21.5
1736.0,20.296352303843893,20.60167430030438,6.9968815283639625,21.0,0,0.3983256996956186,20.575058790370363,20.5,21.5
1737.0,20.2936924096888,20.599013301866854,6.996978194901076,21.0,0,0.4009866981331456,20.572403317491585,20.5,21.5
1738.0,20.29103306684584,20.596352855570576,6.997073340652424,21.0,0,0.4036471444294243,20.56974839260779,20.5,21.5
1739.0,20.2883742749006,20.59369296100099,6.9971669655455475,21.0,0,0.4063070389990102,20.56709401530513,20.5,21.5
1740.0,20.28571603343873,20.591033617743612,6.9972590695091474,21.0,0,0.4089663822563878,20.564440185169836,20.5,21.5
1741.0,20.283058342045944,20.588374825384022,6.997349652473083,21.0,0,0.4116251746159776,20.561786901788125,20.5,21.5
1742.0,20.28040120030803,20.585716583507867,6.997438714368372,21.0,0,0.4142834164921325,20.559134164746318,20.5,21.5
1743.0,20.277744607810842,20.58305889170087,6.997526255127189,21.0,0,0.416941108299131,20.556481973630884,20.5,21.5
1744.0,20.275088564140304,20.58040174954881,6.997612274682868,21.0,0,0.41959825045119103,20.55383032802821,20.5,21.5
1745.0,20.272433068882414,20.577745156637548,6.997696772969901,21.0,0,0.42225484336245245,20.551179227524933,20.5,21.5
1746.0,20.269778121623233,20.575089112553005,6.99777974992394,21.0,0,0.4249108874469947,20.548528671707583,20.5,21.5
1747.0,20.26712372194889,20.572433616881177,6.997861205481794,21.0,0,0.42756638311882256,20.5458786601629,20.5,21.5
1748.0,20.2644698694456,20.569778669208127,6.997941139581429,21.0,0,0.4302213307918734,20.543229192477618,20.5,21.5
1749.0,20.261816563699625,20.567124269119994,6.998019552161975,21.0,0,0.4328757308800064,20.540580268238664,20.5,21.5
1750.0,20.25916380429732,20.564470416202973,6.998096443163716,21.0,0,0.43552958379702744,20.537931887032762,20.5,21.5
1751.0,20.25651159082509,20.561817110043343,6.998171812528096,21.0,0,0.4381828899566571,20.535284048447046,20.5,21.5
1752.0,20.25385992286943,20.559164350227455,6.998245660197717,21.0,0,0.44083564977254497,20.532636752068576,20.5,21.5
1753.0,20.251208800016897,20.556512136341713,6.9983179861163425,21.0,0,0.4434878636582873,20.52998999748429,20.5,21.5
1754.0,20.24855822185412,20.553860467972612,6.998388790228892,21.0,0,0.446139532027388,20.527343784281605,20.5,21.5
1755.0,20.245908187967792,20.551209344706706,6.998458072481446,21.0,0,0.4487906552932941,20.524698112047645,20.5,21.5
1756.0,20.243258697944697,20.548558766130625,6.998525832821242,21.0,0,0.4514412338693745,20.52205298036982,20.5,21.5
1757.0,20.24060975137167,20.545908731831073,6.998592071196679,21.0,0,0.4540912681689271,20.519408388835547,20.5,21.5
1758.0,20.237961347835636,20.54325924139482,6.998656787557312,21.0,0,0.4567407586051786,20.516764337032306,20.5,21.5
1759.0,20.23531348692358,20.540610294408715,6.998719981853858,21.0,0,0.4593897055912848,20.514120824547653,20.5,21.5
1760.0,20.232666168222565,20.537961890459666,6.998781654038192,21.0,0,0.46203810954033386,20.511477850969175,20.5,21.5
1761.0,20.23001939131973,20.535314029134675,6.998841804063346,21.0,0,0.46468597086532526,20.50883541588476,20.5,21.5
1762.0,20.227373155802276,20.532666710020795,6.998900431883515,21.0,0,0.4673332899792051,20.506193518881997,20.5,21.5
1763.0,20.22472746125749,20.530019932705166,6.99895753745405,21.0,0,0.4699800672948342,20.503552159548875,20.5,21.5
1764.0,20.22208230727273,20.527373696774994,6.999013120731464,21.0,0,0.472626303225006,20.500911337473276,20.5,21.5
1765.0,20.21943769343542,20.524728001817568,6.999067181673426,21.0,1,0.47527199818243204,20.498271052243307,20.5,21.5
1766.0,20.236793619333067,20.526082847420234,6.9991197202387685,21.0,1,0.47391715257976585,20.539631303446896,20.5,21.5
1767.0,20.25414608455325,20.53143743317043,6.999170736387479,21.0,1,0.46856256682956854,20.584983290672405,20.5,21.5
1768.0,20.271495089483615,20.540790958815656,6.9992202300807085,21.0,1,0.45920904118434436,20.634326215267897,20.5,21.5
1769.0,20.288840634511736,20.554142624263456,6.999268201280764,21.0,1,0.44585737573654427,20.687659278741457,20.5,21.5
1770.0,20.306182720025088,20.57149162958139,6.999314649951114,21.0,1,0.42850837041860856,20.74498168276075,20.5,21.5
1771.0,20.323521346411074,20.588837174996993,6.999359576056387,21.0,1,0.41116282500300727,20.762292629153006,20.5,21.5
1772.0,20.340856514057002,20.606179260897743,6.999402979562366,21.0,1,0.39382073910225657,20.77960011990525,20.5,21.5
1773.0,20.3581882233501,20.62351788767104,6.999444860436001,21.0,1,0.37648211232896145,20.79690415540399,20.5,21.5
1774.0,20.375516474677518,20.640853055704195,6.999485218645397,21.0,1,0.35914694429580507,20.81420473603576,20.5,21.5
1775.0,20.392841268426313,20.65818476538444,6.999524054159818,21.0,1,0.3418152346155594,20.831501862186897,20.5,21.5
1776.0,20.41016260498346,20.675513017098915,6.999561366949691,21.0,1,0.32448698290108524,20.848795534243656,20.5,21.5
1777.0,20.427480484735852,20.692837811234686,6.999597156986599,21.0,1,0.3071621887653144,20.866085752592394,20.5,21.5
1778.0,20.444794908070303,20.710159148178725,6.999631424243288,21.0,1,0.2898408518212747,20.883372517619122,20.5,21.5
1779.0,20.46210587537354,20.727477028317928,6.999664168693662,21.0,1,0.27252297168207207,20.900655829709955,20.5,21.5
1780.0,20.479413387032203,20.744791452039106,6.999695390312782,21.0,1,0.2552085479608941,20.917935689250886,20.5,21.5
1781.0,20.49671744343286,20.76210241972899,6.9997250890768745,21.0,1,0.23789758027101016,20.93521209662783,20.5,21.5
1782.0,20.51401804496199,20.779409931774218,6.999753264963321,21.0,1,0.22059006822578198,20.9524850522265,20.5,21.5
1783.0,20.53131519200599,20.796713988561354,6.999779917950665,21.0,1,0.20328601143864589,20.969754556432715,20.5,21.5
1784.0,20.54860888495118,20.81401459047688,6.999805048018608,21.0,1,0.18598540952311993,20.98702060963214,20.5,21.5
1785.0,20.565899124183794,20.8313117379072,6.999828655148014,21.0,1,0.1686882620928003,21.004283212210396,20.5,21.5
1786.0,20.583185910089988,20.848605431238628,6.9998507393209035,21.0,1,0.15139456876137203,21.02154236455291,20.5,21.5
1787.0,20.600469243055834,20.865895670857395,6.99987130052046,21.0,1,0.1341043291426054,21.03879806704506,20.5,21.5
1788.0,20.617749123467327,20.883182457149665,6.999890338731024,21.0,1,0.11681754285033463,21.056050320072373,20.5,21.5
1789.0,20.63502555171038,20.900465790501507,6.9999078539380974,21.0,1,0.09953420949849345,21.07329912401992,20.5,21.5
1790.0,20.652298528170828,20.91774567129891,6.999923846128342,21.0,1,0.08225432870109017,21.090544479272943,20.5,21.5
1791.0,20.66956805323442,20.9350220999278,6.9999383152895795,21.0,1,0.06497790007220061,21.107786386216695,20.5,21.5
1792.0,20.686834127286833,20.952295076773996,6.999951261410789,21.0,1,0.047704923226003615,21.125024845235966,20.5,21.5
1793.0,20.704096750713656,20.96956460222326,6.999962684482114,21.0,1,0.030435397776738427,21.142259856715913,20.5,21.5
1794.0,20.72135592390041,20.986830676661267,6.999972584494854,21.0,1,0.013169323338733108,21.15949142104132,20.5,21.5
1795.0,20.73861164723253,21.004093300473606,6.999980961441469,21.0,1,-0.004093300473606121,21.176719538597,20.5,21.5
1796.0,20.755863921095372,21.0213524740458,6.999987815315581,21.0,1,-0.02135247404579843,21.19394420976772,20.5,21.5
1797.0,20.773112745874215,21.038608197763274,6.9999931461119695,21.0,1,-0.03860819776327418,21.21116543493803,20.5,21.5
1798.0,20.790358121954263,21.055860472011396,6.999996953826575,21.0,1,-0.05586047201139621,21.228383214492617,20.5,21.5
1799.0,20.807600049720637,21.07310929717544,6.999999238456499,21.0,1,-0.07310929717543857,21.245597548815862,20.5,21.5
1800.0,20.824838529558384,21.09035467364061,7.0,21.0,1,-0.09035467364061134,21.26280843829234,20.5,21.5
1801.0,20.842073561852473,21.10759660179203,6.999999238456499,21.0,1,-0.10759660179202868,21.280015883306202,20.5,21.5
1802.0,20.859305146987793,21.124835082014744,6.999996953826575,21.0,1,-0.12483508201474436,21.2972198842419,20.5,21.5
1803.0,20.87653328534916,21.142070114693723,6.9999931461119695,21.0,1,-0.14207011469372333,21.314420441483513,20.5,21.5
1804.0,20.893757977321314,21.15930170021386,6.999987815315581,21.0,1,-0.15930170021385948,21.33161755541522,20.5,21.5
1805.0,20.910979223288912,21.176529838959965,6.999980961441469,21.0,1,-0.176529838959965,21.34881122642102,20.5,21.5
1806.0,20.928197023636542,21.193754531316777,6.999972584494854,21.0,1,-0.19375453131677745,21.366001454884902,20.5,21.5
1807.0,20.945411378748712,21.210975777668963,6.999962684482114,21.0,1,-0.21097577766896336,21.383188241190823,20.5,21.5
1808.0,20.962622289009857,21.2281935784011,6.999951261410789,21.0,1,-0.22819357840110044,21.40037158572247,20.5,21.5
1809.0,20.97982975480434,21.245407933897706,6.9999383152895795,21.0,1,-0.245407933897706,21.41755148886376,20.5,21.5
1810.0,20.997033776516435,21.26261884454321,6.999923846128342,21.0,1,-0.2626188445432085,21.434727950998234,20.5,21.5
1811.0,21.01423435453036,21.279826310721973,6.9999078539380974,21.0,1,-0.2798263107219725,21.451900972509613,20.5,21.5
1812.0,21.03143148923024,21.297030332818277,6.999890338731024,21.0,1,-0.2970303328182773,21.469070553781325,20.5,21.5
1813.0,21.04862518100014,21.314230911216335,6.999871300520461,21.0,1,-0.3142309112163346,21.486236695196908,20.5,21.5
1814.0,21.065815430224045,21.331428046300278,6.9998507393209035,21.0,0,-0.3314280463002781,21.503399397139713,20.5,21.5
1815.0,21.063002237285865,21.344621738454162,6.999828655148014,21.0,0,-0.3446217384541619,21.476558659993,20.5,21.5
1816.0,21.060189602569437,21.35381278806198,6.999805048018608,21.0,0,-0.3538127880619797,21.445723284140158,20.5,21.5
1817.0,21.057377525658527,21.35900199534764,6.999779917950665,21.0,0,-0.35900199534764,21.410894068204243,20.5,21.5
1818.0,21.054566006136987,21.360190160375005,6.999753264963321,21.0,0,-0.36019016037500506,21.372071810648656,20.5,21.5
1819.0,21.051755043588752,21.35737808304795,6.9997250890768745,21.0,0,-0.3573780830479514,21.329257309777415,20.5,21.5
1820.0,21.04894463759785,21.354566563110346,6.999695390312782,21.0,0,-0.35456656311034607,21.326451363734293,20.5,21.5
1821.0,21.046134787748393,21.351755600146138,6.999664168693662,21.0,0,-0.35175560014613794,21.323645970504057,20.5,21.5
1822.0,21.043325493624582,21.348945193739347,6.999631424243288,21.0,0,-0.34894519373934685,21.320841129671436,20.5,21.5
1823.0,21.040516754810707,21.346135343474096,6.999597156986599,21.0,0,-0.3461353434740957,21.318036840821584,20.5,21.5
1824.0,21.03770857089114,21.343326048934575,6.999561366949691,21.0,0,-0.34332604893457486,21.315233103539367,20.5,21.5
1825.0,21.034900941450353,21.34051730970507,6.999524054159818,21.0,0,-0.34051730970507066,21.31242991741003,20.5,21.5
1826.0,21.032093866072895,21.337709125369972,6.999485218645397,21.0,0,-0.33770912536997244,21.30962728201899,20.5,21.5
1827.0,21.02928734434341,21.334901495513737,6.999444860436001,21.0,0,-0.33490149551373705,21.306825196951383,20.5,21.5
1828.0,21.02648137584663,21.332094419720924,6.999402979562366,21.0,0,-0.33209441972092435,21.304023661792797,20.5,21.5
1829.0,21.02367596016737,21.32928789757617,6.999359576056387,21.0,0,-0.32928789757616883,21.301222676128614,20.5,21.5
1830.0,21.02087109689055,21.326481928664204,6.999314649951114,21.0,0,-0.32648192866420445,21.29842223954456,20.5,21.5
1831.0,21.01806678560116,21.323676512569858,6.999268201280764,21.0,0,-0.3236765125698575,21.29562235162639,20.5,21.5
1832.0,21.015263025884295,21.320871648878033,6.9992202300807085,21.0,0,-0.32087164887803254,21.292823011959783,20.5,21.5
1833.0,21.012459817325134,21.318067337173737,6.999170736387479,21.0,0,-0.31806733717373703,21.290024220130782,20.5,21.5
1834.0,21.009657159508947,21.31526357704205,6.9991197202387685,21.0,0,-0.31526357704204955,21.287225975725175,20.5,21.5
1835.0,21.006855052021095,21.312460368068155,6.999067181673426,21.0,0,-0.31246036806815525,21.284428278329212,20.5,21.5
1836.0,21.004053494447025,21.30965770983733,6.999013120731464,21.0,0,-0.30965770983733165,21.281631127529096,20.5,21.5
1837.0,21.00125248637228,21.306855601934927,6.99895753745405,21.0,0,-0.30685560193492734,21.278834522910884,20.5,21.5
1838.0,20.9984520273825,21.3040540439464,6.998900431883515,21.0,0,-0.304054043946401,21.276038464061138,20.5,21.5
1839.0,20.995652117063397,21.30125303545729,6.998841804063346,21.0,0,-0.30125303545728954,21.273242950566175,20.5,21.5
1840.0,20.992852755000797,21.29845257605323,6.998781654038192,21.0,0,-0.2984525760532293,21.270447982012627,20.5,21.5
1841.0,20.990053940780605,21.29565266531995,6.998719981853858,21.0,0,-0.29565266531994894,21.267653557987146,20.5,21.5
1842.0,20.98725567398882,21.29285330284326,6.998656787557312,21.0,0,-0.29285330284325894,21.26485967807636,20.5,21.5
1843.0,20.984457954211532,21.290054488209066,6.998592071196679,21.0,0,-0.29005448820906565,21.262066341867133,20.5,21.5
1844.0,20.98166078103493,21.28725622100337,6.998525832821242,21.0,0,-0.28725622100337134,21.259273548946428,20.5,21.5
1845.0,20.978864154045286,21.28445850081227,6.998458072481446,21.0,0,-0.28445850081227064,21.256481298901264,20.5,21.5
1846.0,20.976068072828973,21.281661327221947,6.998388790228892,21.0,0,-0.28166132722194703,21.25368959131871,20.5,21.5
1847.0,20.973272536972452,21.278864699818673,6.9983179861163425,21.0,0,-0.2788646998186728,21.25089842578593,20.5,21.5
1848.0,20.97047754606228,21.276068618188823,6.998245660197717,21.0,0,-0.2760686181888232,21.248107801890328,20.5,21.5
1849.0,20.967683099685107,21.27327308191886,6.998171812528096,21.0,0,-0.2732730819188589,21.245317719219216,20.5,21.5
1850.0,20.964889197427677,21.27047809059534,6.998096443163716,21.0,0,-0.2704780905953399,21.24252817736015,20.5,21.5
1851.0,20.962095838876824,21.267683643804908,6.998019552161975,21.0,0,-0.26768364380490794,21.23973917590059,20.5,21.5
1852.0,20.95930302361948,21.264889741134315,6.99794113958143,21.0,0,-0.26488974113431496,21.236950714428385,20.5,21.5
1853.0,20.95651075124267,21.26209638217039,6.997861205481794,21.0,0,-0.262096382170391,21.23416279253115,20.5,21.5
1854.0,20.95371902133352,21.259303566500073,6.99777974992394,21.0,0,-0.2593035665000727,21.23137540979689,20.5,21.5
1855.0,20.950927833479238,21.256511293710386,6.997696772969901,21.0,0,-0.2565112937103855,21.228588565813514,20.5,21.5
1856.0,20.948137187267136,21.25371956338845,6.997612274682869,21.0,0,-0.2537195633884508,21.225802260169104,20.5,21.5
1857.0,20.94534708228462,21.25092837512148,6.997526255127189,21.0,0,-0.2509283751214788,21.22301649245176,20.5,21.5
1858.0,20.942557518119187,21.24813772849678,6.997438714368372,21.0,0,-0.24813772849677918,21.220231262249783,20.5,21.5
1859.0,20.939768494358436,21.245347623101765,6.997349652473083,21.0,0,-0.2453476231017646,21.21744656915162,20.5,21.5
1860.0,20.93698001059006,21.24255805852393,6.9972590695091474,21.0,0,-0.24255805852392953,21.21466241274558,20.5,21.5
1861.0,20.93419206640184,21.23976903435087,6.9971669655455475,21.0,0,-0.23976903435087138,21.21187879262029,20.5,21.5
1862.0,20.93140466138167,21.23698055017028,6.997073340652424,21.0,0,-0.23698055017027997,21.209095708364366,20.5,21.5
1863.0,20.928617795117525,21.23419260556995,6.996978194901076,21.0,0,-0.2341926055699517,21.20631315956667,20.5,21.5
1864.0,20.925831467197483,21.23140520013776,6.9968815283639625,21.0,0,-0.2314052001377611,21.203531145815855,20.5,21.5
1865.0,20.923045677209718,21.22861833346169,6.996783341114698,21.0,0,-0.22861833346168936,21.200749666700972,20.5,21.5
1866.0,20.920260424742498,21.22583200512982,6.996683633228057,21.0,0,-0.2258320051298206,21.197968721811133,20.5,21.5
1867.0,20.917475709384195,21.223046214730324,6.996582404779971,21.0,0,-0.22304621473032427,21.19518831073536,20.5,21.5
1868.0,20.914691530723275,21.220260961851473,6.996479655847531,21.0,0,-0.22026096185147281,21.19240843306296,20.5,21.5
1869.0,20.9119078883483,21.217476246081635,6.9963753865089835,21.0,0,-0.21747624608163463,21.189629088383253,20.5,21.5
1870.0,20.909124781847932,21.214692067009274,6.996269596843734,21.0,0,-0.214692067009274,21.186850276285668,20.5,21.5
1871.0,20.90634221081093,21.211908424222962,6.996162286932347,21.0,0,-0.21190842422296186,21.18407199635984,20.5,21.5
1872.0,20.903560174826154,21.209125317311354,6.996053456856544,21.0,0,-0.2091253173113543,21.18129424819528,20.5,21.5
1873.0,20.90077867348256,21.206342745863214,6.995943106699201,21.0,0,-0.2063427458632141,21.178517031381812,20.5,21.5
1874.0,20.897997706369203,21.203560709467393,6.995831236544358,21.0,0,-0.2035607094673928,21.17574034550918,20.5,21.5
1875.0,20.89521727307524,21.200779207712856,6.995717846477207,21.0,0,-0.20077920771285562,21.172964190167484,20.5,21.5
1876.0,20.89243737318992,21.197998240188653,6.9956029365841,21.0,0,-0.19799824018865309,21.170188564946628,20.5,21.5
1877.0,20.8896580063026,21.195217806483942,6.995486506952545,21.0,0,-0.19521780648394227,21.167413469436834,20.5,21.5
1878.0,20.88687917200273,21.192437906187976,6.995368557671211,21.0,0,-0.19243790618797618,21.164638903228315,20.5,21.5
1879.0,20.884100869879862,21.189658538890107,6.995249088829918,21.0,0,-0.1896585388901073,21.16186486591142,20.5,21.5
1880.0,20.88132309952365,21.186879704179788,6.995128100519649,21.0,0,-0.1868797041797876,21.15909135707659,20.5,21.5
1881.0,20.87854586052385,21.184101401646576,6.99500559283254,21.0,0,-0.18410140164657562,21.156318376314456,20.5,21.5
1882.0,20.875769152470312,21.181323630880115,6.994881565861888,21.0,0,-0.18132363088011516,21.15354592321551,20.5,21.5
1883.0,20.87299297495299,21.178546391470167,6.994756019702144,21.0,0,-0.17854639147016726,21.15077399737069,20.5,21.5
1884.0,20.87021732756194,21.175769683006582,6.994628954448916,21.0,0,-0.1757696830065818,21.148002598370727,20.5,21.5
1885.0,20.867442209887315,21.17299350507931,6.994500370198971,21.0,0,-0.17299350507931166,21.14523172580661,20.5,21.5
1886.0,20.864667621519377,21.17021785727842,6.994370267050232,21.0,0,-0.17021785727841987,21.142461379269502,20.5,21.5
1887.0,20.861893562048483,21.16744273919405,6.994238645101776,21.0,0,-0.16744273919405117,21.139691558350364,20.5,21.5
1888.0,20.859120031065093,21.164668150416475,6.994105504453841,21.0,0,-0.16466815041647465,21.13692226264071,20.5,21.5
1889.0,20.85634702815977,21.16189409053604,6.9939708452078175,21.0,0,-0.1618940905360411,21.134153491731706,20.5,21.5
1890.0,20.85357455292318,21.159120559143215,6.993834667466256,21.0,0,-0.159120559143215,21.131385245214954,20.5,21.5
1891.0,20.85080260494609,21.156347555828557,6.993696971332861,21.0,0,-0.15634755582855675,21.128617522681974,20.5,21.5
1892.0,20.848031183819366,21.153575080182737,6.9935577569124945,21.0,0,-0.1535750801827369,21.12585032372454,20.5,21.5
1893.0,20.845260289133986,21.150803131796515,6.9934170243111735,21.0,0,-0.15080313179651483,21.123083647934294,20.5,21.5
1894.0,20.84248992048102,21.148031710260767,6.993274773636073,21.0,0,-0.1480317102607671,21.12031749490329,20.5,21.5
1895.0,20.839720077451652,21.14526081516646,6.993131004995523,21.0,0,-0.14526081516645917,21.11755186422338,20.5,21.5
1896.0,20.836950759637162,21.142490446104674,6.992985718499009,21.0,0,-0.14249044610467365,21.11478675548682,20.5,21.5
1897.0,20.834181966628936,21.139720602666586,6.992838914257173,21.0,0,-0.1397206026665856,21.112022168285705,20.5,21.5
1898.0,20.831413698018462,21.13695128444348,6.992690592381813,21.0,0,-0.13695128444348015,21.109258102212426,20.5,21.5
1899.0,20.828645953397334,21.134182491026742,6.9925407529858825,21.0,0,-0.13418249102674196,21.10649455685936,20.5,21.5
1900.0,20.825878732357253,21.131414222007862,6.992389396183491,21.0,0,-0.13141422200786224,21.103731531819065,20.5,21.5
1901.0,20.82311203449002,21.128646476978435,6.992236522089903,21.0,0,-0.12864647697843523,21.100969026684165,20.5,21.5
1902.0,20.82034585938754,21.125879255530158,6.992082130821539,21.0,0,-0.12587925553015822,21.098207041047388,20.5,21.5
1903.0,20.81758020664183,21.12311255725483,6.991926222495975,21.0,0,-0.1231125572548315,21.095445574501564,20.5,21.5
1904.0,20.814815075845,21.120346381744362,6.9917687972319404,21.0,0,-0.12034638174436196,21.092684626639667,20.5,21.5
1905.0,20.812050466589277,21.11758072859077,6.991609855149323,21.0,0,-0.11758072859077018,21.089924197054852,20.5,21.5
1906.0,20.80928637846699,21.114815597386162,6.991449396369164,21.0,0,-0.11481559738616198,21.08716428534008,20.5,21.5
1907.0,20.80652281107057,21.11205098772277,6.991287421013659,21.0,0,-0.11205098772277111,21.084404891088862,20.5,21.5
1908.0,20.803759763992556,21.109286899192917,6.99112392920616,21.0,0,-0.10928689919291656,21.08164601389437,20.5,21.5
1909.0,20.800997236825598,21.106523331389035,6.990958921071172,21.0,0,-0.10652333138903458,21.078887653350215,20.5,21.5
1910.0,20.798235229162447,21.103760283903668,6.990792396734358,21.0,0,-0.10376028390366798,21.076129809050002,20.5,21.5
1911.0,20.795473740595963,21.100997756329463,6.990624356322531,21.0,0,-0.10099775632946262,21.07337248058741,20.5,21.5
1912.0,20.79271277071911,21.098235748259174,6.990454799963662,21.0,0,-0.09823574825917447,21.070615667556293,20.5,21.5
1913.0,20.789952319124957,21.095474259285655,6.990283727786877,21.0,0,-0.09547425928565545,21.067859369550465,20.5,21.5
1914.0,20.78719238540669,21.092713289001875,6.990111139922453,21.0,0,-0.0927132890018747,21.065103586164067,20.5,21.5
1915.0,20.784432969157592,21.0899528370009,6.989937036501823,21.0,0,-0.08995283700090084,21.062348316991162,20.5,21.5
1916.0,20.78167406997106,21.08719290287592,6.989761417657577,21.0,0,-0.08719290287591974,21.05959356162611,20.5,21.5
1917.0,20.7789156874406,21.084433486220217,6.9895842835234525,21.0,0,-0.08443348622021674,21.056839319663187,20.5,21.5
1918.0,20.776157821159813,21.081674586627187,6.989405634234348,21.0,0,-0.0816745866271873,21.054085590696893,20.5,21.5
1919.0,20.77340047072243,21.078916203690333,6.989225469926312,21.0,0,-0.07891620369033348,21.051332374321795,20.5,21.5
1920.0,20.77064363572227,21.07615833700327,6.989043790736547,21.0,0,-0.07615833700327101,21.048579670132646,20.5,21.5
1921.0,20.76788731575327,21.07340098615971,6.988860596803409,21.0,0,-0.07340098615971158,21.045827477724117,20.5,21.5
1922.0,20.765131510409482,21.070644150753488,6.9886758882664095,21.0,0,-0.07064415075348762,21.043075796691248,20.5,21.5
1923.0,20.762376219285052,21.067887830378538,6.988489665266211,21.0,0,-0.06788783037853818,21.040324626629044,20.5,21.5
1924.0,20.759621441974247,21.0651320246289,6.988301927944631,21.0,0,-0.06513202462890177,21.037573967132538,20.5,21.5
1925.0,20.75686717807144,21.062376733098734,6.988112676444639,21.0,0,-0.06237673309873415,21.034823817797058,20.5,21.5
1926.0,20.754113427171117,21.059621955382305,6.98792191091036,21.0,0,-0.05962195538230475,21.03207417821801,20.5,21.5
1927.0,20.751360188867864,21.05686769107398,6.987729631487068,21.0,0,-0.05686769107397893,21.02932504799072,20.5,21.5
1928.0,20.748607462756386,21.054113939768246,6.987535838321193,21.0,0,-0.05411393976824641,21.02657642671092,20.5,21.5
1929.0,20.7458552484315,21.0513607010597,6.987340531560317,21.0,0,-0.05136070105969992,21.023828313974235,20.5,21.5
1930.0,20.743103545488125,21.048607974543035,6.987143711353175,21.0,0,-0.048607974543035226,21.02108070937639,20.5,21.5
1931.0,20.7403523535213,21.045855759813072,6.986945377849654,21.0,0,-0.04585575981307244,21.018333612513445,20.5,21.5
1932.0,20.737601672126164,21.04310405646473,6.986745531200793,21.0,0,-0.043104056464731144,21.015587022981318,20.5,21.5
1933.0,20.734851500897978,21.040352864093045,6.986544171558784,21.0,0,-0.040352864093044616,21.01284094037618,20.5,21.5
1934.0,20.73210183943211,21.03760218229317,6.986341299076972,21.0,0,-0.03760218229317047,21.01009536429443,20.5,21.5
1935.0,20.72935268732404,21.03485201066035,6.986136913909853,21.0,0,-0.034852010660351596,21.007350294332163,20.5,21.5
1936.0,20.72660404416936,21.032102348789966,6.985931016213074,21.0,0,-0.03210234878996587,21.00460573008611,20.5,21.5
1937.0,20.723855909563767,21.029353196277487,6.985723606143436,21.0,0,-0.029353196277487115,21.0018616711527,20.5,21.5
1938.0,20.72110828310308,21.026604552718503,6.9855146838588915,21.0,0,-0.026604552718502816,20.99911811712866,20.5,21.5
1939.0,20.718361164383232,21.02385641770873,6.985304249518542,21.0,0,-0.023856417708728372,20.996375067610984,20.5,21.5
1940.0,20.715614553000258,21.02110879084397,6.985092303282644,21.0,0,-0.021108790843971548,20.993632522196403,20.5,21.5
1941.0,20.712868448550314,21.01836167172016,6.984878845312603,21.0,0,-0.0183616717201609,20.990890480482054,20.5,21.5
1942.0,20.710122850629666,21.015615059933342,6.984663875770977,21.0,0,-0.015615059933342224,20.988148942065155,20.5,21.5
1943.0,20.707377758834696,21.012868955079664,6.9844473948214745,21.0,0,-0.012868955079664346,20.985407906542886,20.5,21.5
1944.0,20.70463317276189,21.010123356755393,6.984229402628956,21.0,0,-0.010123356755393331,20.982667373512683,20.5,21.5
1945.0,20.701889092007864,21.007378264556916,6.98400989935943,21.0,0,-0.0073782645569160366,20.979927342572143,20.5,21.5
1946.0,20.699145516169335,21.004633678080722,6.98378888518006,21.0,0,-0.004633678080722348,20.977187813318785,20.5,21.5
1947.0,20.696402444843137,21.001889596923416,6.983566360259156,21.0,0,-0.0018895969234158372,20.97444878535035,20.5,21.5
1948.0,20.69365987762622,20.99914602068172,6.9833423247661806,21.0,0,0.00085397931827913,20.97171025826477,20.5,21.5
1949.0,20.69091781411565,20.996402948952472,6.983116778871748,21.0,0,0.003597051047528055,20.968972231659983,20.5,21.5
1950.0,20.6881762539086,20.99366038133262,6.982889722747621,21.0,0,0.006339618667379199,20.96623470513411,20.5,21.5
1951.0,20.68543519660237,20.990918317419226,6.982661156566712,21.0,0,0.009081682580774242,20.963497678285275,20.5,21.5
1952.0,20.682694641794363,20.988176756809473,6.982431080503083,21.0,0,0.011823243190526966,20.960761150711946,20.5,21.5
1953.0,20.679954589082104,20.985435699100652,6.982199494731949,21.0,0,0.014564300899348126,20.95802512201244,20.5,21.5
1954.0,20.677215038063235,20.98269514389017,6.981966399429672,21.0,0,0.017304856109831235,20.955289591785338,20.5,21.5
1955.0,20.67447598833551,20.97995509077555,6.981731794773765,21.0,0,0.020044909224449015,20.952554559629373,20.5,21.5
1956.0,20.671737439496795,20.977215539354436,6.981495680942887,21.0,0,0.022784460645564053,20.949820025143286,20.5,21.5
1957.0,20.668999391145086,20.97447648922458,6.981258058116851,21.0,0,0.0255235107754217,20.947085987926002,20.5,21.5
1958.0,20.66626184287848,20.971737939983853,6.981018926476618,21.0,0,0.028262060016146506,20.944352447576605,20.5,21.5
1959.0,20.6635247942952,20.968999891230247,6.980778286204295,21.0,0,0.0310001087697529,20.941619403694183,20.5,21.5
1960.0,20.66078824499358,20.96626234256186,6.98053613748314,21.0,0,0.03373765743814161,20.93888685587797,20.5,21.5
1961.0,20.65805219457208,20.963525293576915,6.980292480497562,21.0,0,0.03647470642308548,20.936154803727476,20.5,21.5
1962.0,20.655316642629263,20.96078874387375,6.980047315433115,21.0,0,0.03921125612625076,20.933423246842096,20.5,21.5
1963.0,20.652581588763823,20.958052693050817,6.979800642476503,21.0,0,0.041947306949182916,20.930692184821496,20.5,21.5
1964.0,20.649847032574566,20.95531714070669,6.979552461815578,21.0,0,0.04468285929331017,20.927961617265417,20.5,21.5
1965.0,20.647112973660416,20.95258208644006,6.979302773639341,21.0,0,0.04741791355993996,20.925231543773762,20.5,21.5
1966.0,20.644379411620413,20.949847529849727,6.979051578137939,21.0,0,0.05015247015027313,20.922501963946395,20.5,21.5
1967.0,20.641646346053715,20.947113470534617,6.97879887550267,21.0,0,0.05288652946538264,20.919772877383522,20.5,21.5
1968.0,20.638913776559605,20.944379908093772,6.978544665925977,21.0,0,0.05562009190622774,20.91704428368532,20.5,21.5
1969.0,20.636181702737478,20.941646842126353,6.978288949601452,21.0,0,0.05835315787364692,20.91431618245216,20.5,21.5
1970.0,20.63345012418685,20.938914272231642,6.978031726723834,21.0,0,0.061085727768357856,20.911588573284533,20.5,21.5
1971.0,20.63071904050736,20.93618219800903,6.9777729974890095,21.0,0,0.06381780199097165,20.90886145578289,20.5,21.5
1972.0,20.627988451298755,20.93345061905804,6.977512762094012,21.0,0,0.06654938094196083,20.906134829548147,20.5,21.5
1973.0,20.625258356160913,20.9307195349783,6.977251020737022,21.0,0,0.06928046502169849,20.903408694180925,20.5,21.5
1974.0,20.62252875469383,20.92798894536957,6.976987773617367,21.0,0,0.07201105463042978,20.900683049282257,20.5,21.5
1975.0,20.61979964649761,20.925258849831724,6.9767230209355215,21.0,0,0.07474115016827554,20.897957894453267,20.5,21.5
1976.0,20.6170710311725,20.922529247964754,6.976456762893106,21.0,0,0.07747075203524645,20.895233229295044,20.5,21.5
1977.0,20.614342908318843,20.919800139368768,6.976188999692887,21.0,0,0.08019986063123241,20.892509053408908,20.5,21.5
1978.0,20.61161527753712,20.91707152364401,6.975919731538778,21.0,0,0.08292847635598832,20.889785366396453,20.5,21.5
1979.0,20.60888813842792,20.91434340039083,6.975648958635839,21.0,0,0.0856565996091696,20.887062167859018,20.5,21.5
1980.0,20.60616149059196,20.9116157692097,6.9753766811902755,21.0,0,0.08838423079030022,20.884339457398394,20.5,21.5
1981.0,20.603435333630078,20.908888629701217,6.975102899409437,21.0,0,0.09111137029878336,20.881617234616385,20.5,21.5
1982.0,20.600709667143235,20.90616198146609,6.974827613501823,21.0,0,0.0938380185339085,20.87889549911484,20.5,21.5
1983.0,20.597984490732507,20.90343582410517,6.974550823677073,21.0,0,0.09656417589483013,20.876174250495954,20.5,21.5
1984.0,20.595259803999095,20.900710157219407,6.974272530145976,21.0,0,0.09928984278059261,20.873453488361783,20.5,21.5
1985.0,20.592535606544324,20.89798498040988,6.973992733120464,21.0,0,0.1020150195901195,20.87073321231461,20.5,21.5
1986.0,20.58981189796964,20.895260293277794,6.973711432813614,21.0,0,0.10473970672220645,20.868013421956924,20.5,21.5
1987.0,20.587088677876608,20.892536095424468,6.973428629439651,21.0,0,0.1074639045755319,20.865294116891214,20.5,21.5
1988.0,20.58436594586692,20.88981238645135,6.973144323213939,21.0,0,0.11018761354864992,20.86257529672017,20.5,21.5
1989.0,20.58164370154239,20.88708916596001,6.972858514352991,21.0,0,0.11291083403999025,20.859856961046606,20.5,21.5
1990.0,20.578921944504952,20.884366433552135,6.972571203074462,21.0,0,0.11563356644786538,20.857139109473383,20.5,21.5
1991.0,20.576200674356667,20.88164418882954,6.972282389597154,21.0,0,0.1183558111704599,20.854421741603595,20.5,21.5
1992.0,20.573479890699716,20.878922431394162,6.97199207414101,21.0,0,0.12107756860583763,20.851704857040385,20.5,21.5
1993.0,20.570759593136405,20.876201160848062,6.971700256927117,21.0,0,0.12379883915193801,20.848988455387058,20.5,21.5
1994.0,20.568039781269164,20.873480376793417,6.971406938177707,21.0,0,0.12651962320658328,20.846272536246964,20.5,21.5
1995.0,20.565320454700544,20.870760078832536,6.971112118116156,21.0,0,0.1292399211674642,20.843557099223727,20.5,21.5
1996.0,20.562601613033227,20.86804026656785,6.97081579696698,21.0,0,0.13195973343215073,20.840842143920984,20.5,21.5
1997.0,20.559883255870012,20.865320939601908,6.970517974955843,21.0,0,0.13467906039809208,20.838127669942494,20.5,21.5
1998.0,20.557165382813828,20.862602097537394,6.970218652309548,21.0,0,0.13739790246260597,20.835413676892255,20.5,21.5
1999.0,20.554447993467726,20.859883739977107,6.969917829256042,21.0,0,0.1401162600228929,20.832700164374238,20.5,21.5
2000.0,20.551731087434884,20.857165866523975,6.969615506024416,21.0,0,0.14283413347602547,20.82998713199265,20.5,21.5
2001.0,20.5490146643186,20.85444847678105,6.969311682844902,21.0,0,0.14555152321894838,20.827274579351823,20.5,21.5
2002.0,20.546298723722305,20.851731570351507,6.969006359948873,21.0,0,0.14826842964849263,20.824562506056065,20.5,21.5
2003.0,20.543583265249552,20.84901514683865,6.968699537568848,21.0,0,0.15098485316135069,20.82185091171007,20.5,21.5
2004.0,20.540868288504015,20.846299205845906,6.9683912159384835,21.0,0,0.1537007941540942,20.81913979591847,20.5,21.5
2005.0,20.538153793089503,20.84358374697683,6.9680813952925815,21.0,0,0.15641625302317053,20.816429158286066,20.5,21.5
2006.0,20.535439778609945,20.840868769835097,6.967770075867083,21.0,0,0.1591312301649026,20.813718998417777,20.5,21.5
2007.0,20.532726244669398,20.838154274024514,6.967457257899071,21.0,0,0.16184572597548552,20.811009315918685,20.5,21.5
2008.0,20.530013190872044,20.835440259149017,6.967142941626772,21.0,0,0.1645597408509829,20.808300110394043,20.5,21.5
2009.0,20.527300616822195,20.83272672481265,6.966827127289549,21.0,0,0.16727327518734825,20.805591381449,20.5,21.5
2010.0,20.52458852212429,20.83001367061961,6.9665098151279095,21.0,0,0.16998632938038938,20.8028831286892,20.5,21.5
2011.0,20.52187690638289,20.8273010961742,6.9661910053835,21.0,0,0.17269890382580044,20.80017535172009,20.5,21.5
2012.0,20.51916576920269,20.82458900108086,6.965870698299108,21.0,0,0.17541099891914058,20.797468050147458,20.5,21.5
2013.0,20.51645511018851,20.821877384944152,6.965548894118663,21.0,0,0.17812261505584814,20.794761223577076,20.5,21.5
2014.0,20.513744928945297,20.81916624736877,6.96522559308723,21.0,0,0.18083375263123003,20.79205487161495,20.5,21.5
2015.0,20.511035225078125,20.81645558795954,6.964900795451019,21.0,0,0.18354441204046168,20.789348993867222,20.5,21.5
2016.0,20.5083259981922,20.813745406321402,6.964574501457378,21.0,0,0.18625459367859776,20.78664358994004,20.5,21.5
2017.0,20.50561724789285,20.811035702059435,6.964246711354791,21.0,0,0.18896429794056502,20.783938659439762,20.5,21.5
2018.0,20.502908973785544,20.80832647477884,6.9639174253928875,21.0,0,0.19167352522115877,20.781234201972904,20.5,21.5
2019.0,20.500201175475866,20.805617724084954,6.963586643822431,21.0,0,0.19438227591504642,20.778530217146077,20.5,21.5
2020.0,20.497493852569534,20.802909449583233,6.9632543668953275,21.0,0,0.19709055041676748,20.775826704566022,20.5,21.5
2021.0,20.4947870046724,20.800201650879274,6.96292059486462,21.0,0,0.19979834912072647,20.773123663839684,20.5,21.5
2022.0,20.49208063139044,20.79749432757879,6.96258532798449,21.0,0,0.20250567242121065,20.770421094573948,20.5,21.5
2023.0,20.489374732329757,20.79478747928763,6.962248566510258,21.0,0,0.20521252071236873,20.76771899637605,20.5,21.5
2024.0,20.486669307096594,20.79208110561178,6.961910310698383,21.0,0,0.20791889438822153,20.76501736885325,20.5,21.5
2025.0,20.483964355297314,20.789375206157338,6.961570560806461,21.0,0,0.21062479384266197,20.762316211612934,20.5,21.5
2026.0,20.481259876538417,20.786669780530538,6.961229317093226,21.0,0,0.21333021946946218,20.759615524262536,20.5,21.5
2027.0,20.47855587042653,20.78396482833776,6.960886579818551,21.0,0,0.2160351716622415,20.756915306409965,20.5,21.5
2028.0,20.47585233656841,20.781260349185487,6.960542349243443,21.0,0,0.21873965081451274,20.754215557662775,20.5,21.5
2029.0,20.473149274570943,20.778556342680353,6.9601966256300525,21.0,0,0.22144365731964655,20.751516277629015,20.5,21.5
2030.0,20.470446684041153,20.775852808429125,6.959849409241659,21.0,0,0.22414719157087504,20.74881746591684,20.5,21.5
2031.0,20.467744564586194,20.77314974603868,6.959500700342685,21.0,0,0.2268502539613202,20.74611912213423,20.5,21.5
2032.0,20.465042915813346,20.77044715511604,6.959150499198688,21.0,0,0.22955284488395833,20.74342124588966,20.5,21.5
2033.0,20.46234173733002,20.767745035268366,6.95879880607636,21.0,0,0.23225496473163432,20.740723836791606,20.5,21.5
2034.0,20.45964102874377,20.76504338610293,6.9584456212435315,21.0,0,0.23495661389706868,20.738026894448588,20.5,21.5
2035.0,20.456940789662273,20.762342207227153,6.958090944969168,21.0,0,0.23765779277284693,20.73533041846937,20.5,21.5
2036.0,20.454241019693335,20.75964149824858,6.95773477752337,21.0,0,0.2403585017514196,20.732634408462854,20.5,21.5
2037.0,20.4515417184449,20.75694125877489,6.957377119177376,21.0,0,0.2430587412251093,20.729938864037994,20.5,21.5
2038.0,20.448842885525046,20.754241488413896,6.957017970203557,21.0,0,0.24575851158610362,20.727243784803953,20.5,21.5
2039.0,20.44614452054198,20.751542186773538,6.956657330875421,21.0,0,0.24845781322646232,20.72454917036995,20.5,21.5
2040.0,20.443446623104048,20.748843353461893,6.956295201467611,21.0,0,0.25115664653810654,20.72185502034545,20.5,21.5
2041.0,20.44074919281972,20.74614498808717,6.9559315822559045,21.0,0,0.25385501191282955,20.71916133433994,20.5,21.5
2042.0,20.438052229297607,20.74344709025771,6.955566473517212,21.0,0,0.2565529097422896,20.71646811196311,20.5,21.5
2043.0,20.43535573214645,20.74074965958199,6.955199875529582,21.0,0,0.25925034041801,20.713775352824786,20.5,21.5
2044.0,20.43265970097513,20.73805269566862,6.954831788572192,21.0,0,0.2619473043313789,20.71108305653493,20.5,21.5
2045.0,20.429964135392648,20.73535619812634,6.954462212925358,21.0,0,0.2646438018736603,20.708391222703526,20.5,21.5
2046.0,20.427269035008155,20.732660166564028,6.9540911488705275,21.0,0,0.26733983343597245,20.705699850940906,20.5,21.5
2047.0,20.424574399430927,20.729964600590694,6.9537185966902815,21.0,0,0.27003539940930565,20.703008940857362,20.5,21.5
2048.0,20.42188022827038,20.72726949981548,6.953344556668336,21.0,0,0.27273050018451883,20.70031849206335,20.5,21.5
2049.0,20.41918652113606,20.724574863847668,6.952969029089537,21.0,0,0.27542513615233233,20.697628504169533,20.5,21.5
2050.0,20.41649327763765,20.72188069229667,6.952592014239867,21.0,0,0.2781193077033315,20.694938976786677,20.5,21.5
2051.0,20.41380049738497,20.71918698477203,6.952213512406438,21.0,0,0.2808130152279702,20.692249909525643,20.5,21.5
2052.0,20.411108179987973,20.716493740883436,6.951833523877495,21.0,0,0.2835062591165638,20.6895613019975,20.5,21.5
2053.0,20.408416325056752,20.71380096024071,6.951452048942417,21.0,0,0.28619903975928906,20.68687315381346,20.5,21.5
2054.0,20.40572493220153,20.71110864245381,6.951069087891713,21.0,0,0.28889135754619133,20.684185464584786,20.5,21.5
2055.0,20.40303400103267,20.708416787132812,6.950684641017025,21.0,0,0.291583212867188,20.681498233922845,20.5,21.5
2056.0,20.400343531160665,20.705725393887953,6.950298708611126,21.0,0,0.29427460611204737,20.67881146143936,20.5,21.5
2057.0,20.397653522196155,20.70303446232959,6.949911290967921,21.0,0,0.2969655376704097,20.676125146745967,20.5,21.5
2058.0,20.39496397374991,20.70034399206822,6.9495223883824435,21.0,0,0.29965600793178027,20.673439289454514,20.5,21.5
2059.0,20.392274885432837,20.697653982714478,6.949132001150861,21.0,0,0.30234601728552235,20.670753889177057,20.5,21.5
2060.0,20.38958625685598,20.694964433879143,6.948740129570471,21.0,0,0.305035566120857,20.668068945525796,20.5,21.5
2061.0,20.386898087630524,20.692275345173112,6.948346773939699,21.0,0,0.30772465482688816,20.6653844581128,20.5,21.5
2062.0,20.384210377367786,20.68958671620744,6.947951934558104,21.0,0,0.3104132837925597,20.662700426550725,20.5,21.5
2063.0,20.381523125679223,20.686898546593305,6.947555611726371,21.0,0,0.31310145340669493,20.660016850451953,20.5,21.5
2064.0,20.378836332176434,20.68421083594202,6.94715780574632,21.0,0,0.3157891640579784,20.657333729429187,20.5,21.5
2065.0,20.37614999647115,20.681523583865054,6.946758516920897,21.0,0,0.3184764161349456,20.654651063095383,20.5,21.5
2066.0,20.37346411817524,20.678836789974,6.9463577455541765,21.0,0,0.32116321002600046,20.65196885106345,20.5,21.5
2067.0,20.370778696900715,20.676150453880584,6.945955491951364,21.0,0,0.3238495461194155,20.649287092946434,20.5,21.5
2068.0,20.368093732259723,20.673464575196682,6.945551756418793,21.0,0,0.32653542480331765,20.64660578835766,20.5,21.5
2069.0,20.365409223864553,20.67077915353431,6.945146539263926,21.0,0,0.3292208464656916,20.64392493691057,20.5,21.5
2070.0,20.362725171327632,20.668094188505606,6.944739840795354,21.0,0,0.33190581149439424,20.64124453821858,20.5,21.5
2071.0,20.360041574261526,20.665409679722863,6.944331661322793,21.0,0,0.33459032027713675,20.638564591895438,20.5,21.5
2072.0,20.35735843227894,20.66272562679851,6.943922001157093,21.0,0,0.33727437320148823,20.635885097554997,20.5,21.5
2073.0,20.354675744992715,20.66004202934511,6.943510860610225,21.0,0,0.33995797065488986,20.633206054811094,20.5,21.5
2074.0,20.351993512015838,20.657358886975366,6.943098239995292,21.0,0,0.3426411130246336,20.63052746327793,20.5,21.5
2075.0,20.349311732961432,20.654676199302124,6.942684139626523,21.0,0,0.3453238006978765,20.627849322569695,20.5,21.5
2076.0,20.346630407442767,20.651993965938374,6.942268559819272,21.0,0,0.3480060340616262,20.625171632300876,20.5,21.5
2077.0,20.343949535073243,20.649312186497234,6.941851500890023,21.0,0,0.35068781350276623,20.622494392085834,20.5,21.5
2078.0,20.341269115466407,20.646630860591973,6.941432963156382,21.0,0,0.35336913940802717,20.619817601539363,20.5,21.5
2079.0,20.338589148235943,20.643949987835995,6.941012946937085,21.0,0,0.35605001216400467,20.61714126027622,20.5,21.5
2080.0,20.335909632995683,20.641269567842844,6.940591452551993,21.0,0,0.35873043215715583,20.614465367911333,20.5,21.5
2081.0,20.333230569359596,20.638589600226208,6.940168480322092,21.0,0,0.3614103997737921,20.611789924059845,20.5,21.5
2082.0,20.33055195694179,20.635910084599917,6.939744030569494,21.0,0,0.36408991540008273,20.60911492833701,20.5,21.5
2083.0,20.327873795356513,20.633231020577938,6.939318103617435,21.0,0,0.3667689794220621,20.606440380358144,20.5,21.5
2084.0,20.325196084218167,20.63055240777438,6.938890699790278,21.0,0,0.36944759222561885,20.603766279738814,20.5,21.5
2085.0,20.32251882314128,20.627874245803504,6.938461819413509,21.0,0,0.37212575419649596,20.601092626094733,20.5,21.5
2086.0,20.319842011740533,20.625196534279688,6.938031462813739,21.0,0,0.3748034657203121,20.598419419041527,20.5,21.5
2087.0,20.31716564963075,20.62251927281748,6.9375996303187035,21.0,0,0.3774807271825189,20.595746658195413,20.5,21.5
2088.0,20.314489736426886,20.619842461031556,6.937166322257262,21.0,0,0.38015753896844373,20.593074343172308,20.5,21.5
2089.0,20.31181427174405,20.617166098536735,6.936731538959397,21.0,0,0.3828339014632647,20.590402473588526,20.5,21.5
2090.0,20.309139255197493,20.614490184947975,6.936295280756216,21.0,0,0.38550981505202486,20.587731049060373,20.5,21.5
2091.0,20.306464686402606,20.611814719880392,6.935857547979946,21.0,0,0.3881852801196075,20.585060069204566,20.5,21.5
2092.0,20.30379056497492,20.60913970294923,6.935418340963943,21.0,0,0.3908602970507715,20.58238953363759,20.5,21.5
2093.0,20.301116890530118,20.606465133769873,6.934977660042679,21.0,0,0.39353486623012657,20.579719441976323,20.5,21.5
2094.0,20.29844366268402,20.603791011957867,6.934535505551754,21.0,0,0.3962089880421331,20.5770497938378,20.5,21.5
2095.0,20.295770881052594,20.60111733712889,6.934091877827886,21.0,0,0.3988826628711095,20.574380588839126,20.5,21.5
2096.0,20.293098545251947,20.598444108898757,6.933646777208919,21.0,0,0.4015558911012427,20.571711826597426,20.5,21.5
2097.0,20.29042665489834,20.595771326883444,6.933200204033815,21.0,0,0.4042286731165561,20.56904350673031,20.5,21.5
2098.0,20.287755209608168,20.59309899069905,6.932752158642659,21.0,0,0.40690100930094886,20.566375628855123,20.5,21.5
2099.0,20.285084208997976,20.59042709996184,6.932302641376657,21.0,0,0.40957290003816027,20.563708192589726,20.5,21.5
2100.0,20.28241365268445,20.587755654288213,6.931851652578136,21.0,0,0.4122443457117875,20.56104119755194,20.5,21.5
2101.0,20.27974354028443,20.585084653294707,6.931399192590545,21.0,0,0.4149153467052926,20.558374643359656,20.5,21.5
2102.0,20.27707387141489,20.582414096598022,6.93094526175845,21.0,0,0.417585903401978,20.55570852963117,20.5,21.5
2103.0,20.274404645692957,20.57974398381498,6.9304898604275404,21.0,0,0.4202560161850215,20.553042855984543,20.5,21.5
2104.0,20.271735862735905,20.577074314562566,6.930032988944623,21.0,0,0.42292568543743414,20.55037762203844,20.5,21.5
2105.0,20.269067522161148,20.574405088457905,6.929574647657626,21.0,0,0.4255949115420954,20.547712827411292,20.5,21.5
2106.0,20.266399623586246,20.57173630511827,6.929114836915597,21.0,0,0.42826369488172844,20.54504847172194,20.5,21.5
2107.0,20.263732166628913,20.569067964161075,6.928653557068699,21.0,0,0.43093203583892503,20.54238455458911,20.5,21.5
2108.0,20.261065150907,20.566400065203887,6.92819080846822,21.0,0,0.4335999347961135,20.539721075632002,20.5,21.5
2109.0,20.258398576038513,20.563732607864406,6.927726591466562,21.0,0,0.4362673921355942,20.5370580344696,20.5,21.5
2110.0,20.255732441641598,20.561065591760496,6.927260906417246,21.0,0,0.43893440823950414,20.534395430721396,20.5,21.5
2111.0,20.253066747334554,20.558399016510158,6.926793753674912,21.0,0,0.4416009834898418,20.531733264006782,20.5,21.5
2112.0,20.250401492735822,20.55573288173154,6.926325133595316,21.0,0,0.4442671182684599,20.52907153394536,20.5,21.5
2113.0,20.247736677463994,20.55306718704294,6.925855046535334,21.0,0,0.44693281295705845,20.526410240156956,20.5,21.5
2114.0,20.245072301137807,20.5504019320628,6.925383492852958,21.0,0,0.4495980679371989,20.523749382261396,20.5,21.5
2115.0,20.24240836337615,20.547737116409714,6.924910472907294,21.0,0,0.45226288359028644,20.52108895987884,20.5,21.5
2116.0,20.239744863798055,20.545072739702412,6.924435987058571,21.0,0,0.45492726029758757,20.5184289726294,20.5,21.5
2117.0,20.237081802022708,20.542408801559795,6.923960035668127,21.0,0,0.45759119844020546,20.515769420133616,20.5,21.5
2118.0,20.234419177669437,20.53974530160088,6.923482619098422,21.0,0,0.4602546983991189,20.513110302011746,20.5,21.5
2119.0,20.231756990357724,20.537082239444864,6.92300373771303,21.0,0,0.4629177605551362,20.51045161788469,20.5,21.5
2120.0,20.229095239707195,20.534419614711073,6.922523391876638,21.0,0,0.4655803852889271,20.507793367373164,20.5,21.5
2121.0,20.22643392533763,20.531757427018988,6.922041581955051,21.0,0,0.468242572981012,20.50513555009814,20.5,21.5
2122.0,20.223773046868953,20.529095675988238,6.921558308315188,21.0,0,0.4709043240117623,20.502478165680735,20.5,21.5
2123.0,20.22111260392124,20.526434361238596,6.921073571325084,21.0,1,0.47356563876140356,20.499821213742184,20.5,21.5
2124.0,20.238452596114723,20.527773482389996,6.920587371353886,21.0,1,0.4722265176100038,20.541164693903994,20.5,21.5
2125.0,20.25578902306977,20.53311223906251,6.920099708771858,21.0,1,0.46688776093748885,20.58649980578766,20.5,21.5
2126.0,20.273121885206912,20.54244983103637,6.919610583950374,21.0,1,0.4575501689636283,20.635825750774977,20.5,21.5
2127.0,20.29045118294666,20.55578545825191,6.919119997261925,21.0,1,0.4442145417480887,20.689141730407307,20.5,21.5
2128.0,20.307776916709525,20.57311832080957,6.918627949080115,21.0,1,0.42688167919042996,20.746446946386158,20.5,21.5
2129.0,20.325099086915998,20.590447618969826,6.918134439779659,21.0,1,0.4095523810301742,20.763740600572383,20.5,21.5
2130.0,20.34241769398657,20.607773353153185,6.917639469736386,21.0,1,0.3922266468468152,20.781030694986775,20.5,21.5
2131.0,20.35973273834172,20.625095523780146,6.917143039327238,21.0,1,0.3749044762198537,20.79831723004976,20.5,21.5
2132.0,20.377044220401917,20.642414131271195,6.916645148930266,21.0,1,0.3575858687288047,20.815600206181685,20.5,21.5
2133.0,20.39435214058762,20.659729176046817,6.916145798924639,21.0,1,0.3402708239531833,20.83287962380303,20.5,21.5
2134.0,20.41165649931929,20.677040658527474,6.91564498969063,21.0,1,0.3229593414725258,20.85015548333405,20.5,21.5
2135.0,20.428957297017362,20.69434857913363,6.915142721609629,21.0,1,0.30565142086636854,20.867427785195204,20.5,21.5
2136.0,20.44625453410228,20.711652938285745,6.914638995064134,21.0,1,0.28834706171425495,20.88469652980688,20.5,21.5
2137.0,20.46354821099447,20.728953736404254,6.9141338104377565,21.0,1,0.27104626359574624,20.90196171758934,20.5,21.5
2138.0,20.48083832811436,20.7462509739096,6.913627168115215,21.0,1,0.25374902609040006,20.91922334896306,20.5,21.5
2139.0,20.49812488588236,20.76354465122221,6.91311906848234,21.0,1,0.2364553487777883,20.93648142434833,20.5,21.5
2140.0,20.51540788471888,20.780834768762517,6.912609511926071,21.0,1,0.21916523123748277,20.953735944165572,20.5,21.5
2141.0,20.53268732504432,20.798121326950927,6.9120984988344585,21.0,1,0.20187867304907314,20.970986908835023,20.5,21.5
2142.0,20.54996320727908,20.815404326207847,6.91158602959666,21.0,1,0.18459567379215258,20.988234318777053,20.5,21.5
2143.0,20.567235531843544,20.832683766953686,6.911072104602945,21.0,1,0.16731623304631427,21.00547817441207,20.5,21.5
2144.0,20.584504299158095,20.849959649608834,6.910556724244687,21.0,1,0.1500403503911656,21.02271847616032,20.5,21.5
2145.0,20.601769509643113,20.867231974593683,6.9100398889143735,21.0,1,0.1327680254063175,21.039955224442163,20.5,21.5
2146.0,20.619031163718965,20.884500742328612,6.909521599005595,21.0,1,0.11549925767138802,21.057188419677907,20.5,21.5
2147.0,20.636289261806024,20.901765953234,6.909001854913052,21.0,1,0.09823404676599878,21.074418062287894,20.5,21.5
2148.0,20.653543804324645,20.91902760773022,6.908480657032554,21.0,1,0.08097239226977848,21.091644152692425,20.5,21.5
2149.0,20.670794791695187,20.93628570623764,6.907958005761014,21.0,1,0.06371429376235938,21.10886669131183,20.5,21.5
2150.0,20.688042224337998,20.95354024917662,6.907433901496454,21.0,1,0.04645975082338083,21.126085678566405,20.5,21.5
2151.0,20.70528610267343,20.970791236967507,6.906908344638002,21.0,1,0.029208763032492868,21.143301114876387,20.5,21.5
2152.0,20.722526427121824,20.98803867003067,6.906381335585894,21.0,1,0.011961329969331302,21.160513000662284,20.5,21.5
2153.0,20.739763198103518,21.005282548786443,6.905852874741469,21.0,1,-0.005282548786443186,21.177721336344188,20.5,21.5
2154.0,20.756996416038845,21.022522873655173,6.905322962507173,21.0,1,-0.02252287365517347,21.194926122342476,20.5,21.5
2155.0,20.77422608134814,21.039759645057202,6.904791599286557,21.0,1,-0.03975964505720242,21.212127359077492,20.5,21.5
2156.0,20.791452194451725,21.05699286341286,6.904258785484277,21.0,1,-0.056992863412858696,21.22932504696942,20.5,21.5
2157.0,20.808674755769932,21.07422252914248,6.903724521506096,21.0,1,-0.07422252914248162,21.24651918643871,20.5,21.5
2158.0,20.82589376572308,21.091448642666393,6.903188807758877,21.0,1,-0.09144864266639274,21.263709777905504,20.5,21.5
2159.0,20.84310922473149,21.10867120440492,6.9026516446505894,21.0,1,-0.10867120440492073,21.2808968217902,20.5,21.5
2160.0,20.86032113321547,21.125890214778387,6.902113032590307,21.0,1,-0.12589021477838713,21.29808031851305,20.5,21.5
2161.0,20.877529491595347,21.143105674207114,6.901572971988207,21.0,1,-0.1431056742071135,21.315260268494377,20.5,21.5
2162.0,20.894734300291425,21.160317583111414,6.901031463255567,21.0,1,-0.1603175831114143,21.332436672154422,20.5,21.5
2163.0,20.911935559724018,21.177525941911604,6.900488506804772,21.0,1,-0.17752594191160398,21.3496095299135,20.5,21.5
2164.0,20.929133270313436,21.194730751027993,6.899944103049306,21.0,1,-0.19473075102799342,21.366778842191888,20.5,21.5
2165.0,20.946327432479983,21.211932010880894,6.8993982524037545,21.0,1,-0.21193201088089353,21.383944609409895,20.5,21.5
2166.0,20.963518046643966,21.22912972189062,6.898850955283808,21.0,1,-0.22912972189061875,21.40110683198787,20.5,21.5
2167.0,20.980705113225692,21.24632388447747,6.898302212106257,21.0,1,-0.24632388447746933,21.418265510345975,20.5,21.5
2168.0,20.99788863264547,21.263514499061763,6.8977520232889935,21.0,1,-0.2635144990617633,21.435420644904703,20.5,21.5
2169.0,21.0150686053236,21.280701566063794,6.89720038925101,21.0,1,-0.2807015660637937,21.452572236084098,20.5,21.5
2170.0,21.032245031680382,21.297885085903875,6.896647310412399,21.0,1,-0.2978850859038751,21.46972028430469,20.5,21.5
2171.0,21.04941791213613,21.315065059002308,6.896092787194355,21.0,1,-0.31506505900230763,21.486864789986633,20.5,21.5
2172.0,21.06658724711114,21.3322414857794,6.895536820019172,21.0,0,-0.3322414857793987,21.50400575355031,20.5,21.5
2173.0,21.063753037025723,21.345414366655447,6.894979409310242,21.0,0,-0.3454143666554472,21.477143175415932,20.5,21.5
2174.0,21.06091928230018,21.354584502050763,6.894420555492058,21.0,0,-0.35458450205076275,21.446285856003918,20.5,21.5
2175.0,21.058085982554818,21.359752692225648,6.893860258990212,21.0,0,-0.35975269222564776,21.411434593974498,20.5,21.5
2176.0,21.055253137410105,21.360919737280447,6.893298520231393,21.0,0,-0.36091973728044735,21.372590187828443,20.5,21.5
2177.0,21.052420746486668,21.35808643715555,6.892735339643391,21.0,0,-0.3580864371555492,21.329753435906568,20.5,21.5
2178.0,21.0495888094053,21.355253591631463,6.892170717655091,21.0,0,-0.3552535916314632,21.326925136390603,20.5,21.5
2179.0,21.04675732578695,21.352421200328813,6.8916046546964775,21.0,0,-0.35242120032881274,21.32409728730231,20.5,21.5
2180.0,21.04392629525273,21.3495892628684,6.891037151198634,21.0,0,-0.349589262868399,21.32126988826426,20.5,21.5
2181.0,21.04109571742392,21.346757778871158,6.890468207593736,21.0,0,-0.346757778871158,21.318442938898748,20.5,21.5
2182.0,21.038265591921956,21.343926747958214,6.889897824315062,21.0,0,-0.3439267479582142,21.315616438828776,20.5,21.5
2183.0,21.035435918368435,21.34109616975084,6.889326001796981,21.0,0,-0.3410961697508412,21.31279038767711,20.5,21.5
2184.0,21.03260669638512,21.338266043870473,6.888752740474962,21.0,0,-0.33826604387047254,21.309964785066786,20.5,21.5
2185.0,21.029777925593937,21.335436369938716,6.888178040785569,21.0,0,-0.33543636993871573,21.307139630621148,20.5,21.5
2186.0,21.026949605616974,21.332607147577328,6.887601903166459,21.0,0,-0.33260714757732757,21.304314923963446,20.5,21.5
2187.0,21.024121736076484,21.329778376408235,6.887024328056388,21.0,0,-0.3297783764082354,21.301490664717313,20.5,21.5
2188.0,21.02129431659488,21.326950056053523,6.886445315895202,21.0,0,-0.3269500560535228,21.298666852506397,20.5,21.5
2189.0,21.01846734679474,21.324122186135448,6.885864867123846,21.0,0,-0.3241221861354475,21.295843486954695,20.5,21.5
2190.0,21.015640826298807,21.321294766276417,6.885282982184357,21.0,0,-0.3212947662764165,21.293020567686106,20.5,21.5
2191.0,21.012814754729984,21.31846779609902,6.884699661519864,21.0,0,-0.3184677960990214,21.29019809432507,20.5,21.5
2192.0,21.009989131711343,21.315641275225993,6.884114905574593,21.0,0,-0.3156412752259925,21.287376066495703,20.5,21.5
2193.0,21.007163956866115,21.31281520328024,6.883528714793861,21.0,0,-0.31281520328024115,21.284554483822728,20.5,21.5
2194.0,21.004339229817703,21.30998957988483,6.882941089624076,21.0,0,-0.30998957988483156,21.281733345930736,20.5,21.5
2195.0,21.001514950189662,21.307164404663006,6.882352030512742,21.0,0,-0.30716440466300554,21.278912652444745,20.5,21.5
2196.0,20.998691117605727,21.304339677238154,6.881761537908451,21.0,0,-0.30433967723815414,21.27609240298964,20.5,21.5
2197.0,20.99586773168979,21.30151539723384,6.881169612260891,21.0,0,-0.3015153972338389,21.273272597190687,20.5,21.5
2198.0,20.993044792065902,21.298691564273796,6.880576254020838,21.0,0,-0.2986915642737955,21.27045323467336,20.5,21.5
2199.0,20.990222298358294,21.295868177981916,6.87998146364016,21.0,0,-0.2958681779819159,21.26763431506312,20.5,21.5
2200.0,20.98740025019135,21.293045237982255,6.879385241571817,21.0,0,-0.29304523798225546,21.26481583798565,20.5,21.5
2201.0,20.984578647189625,21.290222743899033,6.878787588269857,21.0,0,-0.290222743899033,21.26199780306681,20.5,21.5
2202.0,20.98175748897784,21.287400695356645,6.878188504189419,21.0,0,-0.28740069535664503,21.259180209932765,20.5,21.5
2203.0,20.978936775180884,21.28457909197964,6.877587989786731,21.0,0,-0.2845790919796407,21.256363058209597,20.5,21.5
2204.0,20.976116505423803,21.281757933392743,6.8769860455191125,21.0,0,-0.28175793339274335,21.25354634752377,20.5,21.5
2205.0,20.973296679331824,21.278937219220836,6.8763826718449685,21.0,0,-0.27893721922083614,21.250730077501764,20.5,21.5
2206.0,20.970477296530326,21.276116949088976,6.875777869223795,21.0,0,-0.2761169490889763,21.247914247770378,20.5,21.5
2207.0,20.967658356644865,21.273297122622377,6.875171638116177,21.0,0,-0.2732971226223775,21.24509885795639,20.5,21.5
2208.0,20.964839859301158,21.270477739446434,6.874563978983783,21.0,0,-0.2704777394464344,21.242283907687003,20.5,21.5
2209.0,20.962021804125094,21.267658799186695,6.873954892289374,21.0,0,-0.26765879918669455,21.239469396589296,20.5,21.5
2210.0,20.959204190742728,21.264840301468876,6.873344378496795,21.0,0,-0.26484030146887605,21.23665532429069,20.5,21.5
2211.0,20.95638701878028,21.262022245918867,6.8727324380709796,21.0,0,-0.26202224591886747,21.23384169041878,20.5,21.5
2212.0,20.95357028786414,21.25920463216272,6.872119071477947,21.0,0,-0.2592046321627208,21.231028494601254,20.5,21.5
2213.0,20.95075399762086,21.256387459826662,6.871504279184801,21.0,0,-0.2563874598266622,21.228215736466076,20.5,21.5
2214.0,20.947938147677174,21.253570728537078,6.870888061659734,21.0,0,-0.2535707285370776,21.22540341564123,20.5,21.5
2215.0,20.945122737659972,21.250754437920524,6.870270419372023,21.0,0,-0.25075443792052354,21.222591531754983,20.5,21.5
2216.0,20.942307767196315,21.247938587603727,6.869651352792029,21.0,0,-0.247938587603727,21.21978008443576,20.5,21.5
2217.0,20.939493235913435,21.24512317721359,6.869030862391197,21.0,0,-0.24512317721358912,21.21696907331221,20.5,21.5
2218.0,20.93667914343873,21.242308206377164,6.86840894864206,21.0,0,-0.24230820637716377,21.21415849801291,20.5,21.5
2219.0,20.93386548939977,21.239493674721682,6.867785612018229,21.0,0,-0.23949367472168248,21.21134835816687,20.5,21.5
2220.0,20.931052273424296,21.236679581874547,6.867160852994403,21.0,0,-0.2366795818745473,21.208538653403195,20.5,21.5
2221.0,20.92823949514021,21.23386592746333,6.866534672046365,21.0,0,-0.2338659274633308,21.205729383351166,20.5,21.5
2222.0,20.925427154175594,21.231052711115762,6.865907069650978,21.0,0,-0.23105271111576187,21.202920547640073,20.5,21.5
2223.0,20.92261525015869,21.228239932459754,6.865278046286188,21.0,0,-0.22823993245975416,21.200112145899677,20.5,21.5
2224.0,20.919803782717914,21.225427591123385,6.864647602431024,21.0,0,-0.22542759112338473,21.19730417775969,20.5,21.5
2225.0,20.916992751481857,21.222615686734894,6.864015738565597,21.0,0,-0.22261568673489407,21.194496642849987,20.5,21.5
2226.0,20.914182156079274,21.219804218922707,6.863382455171098,21.0,0,-0.2198042189227074,21.19168954080084,20.5,21.5
2227.0,20.911371996139092,21.216993187315406,6.8627477527298,21.0,0,-0.2169931873154063,21.188882871242395,20.5,21.5
2228.0,20.90856227129041,21.21418259154175,6.862111631725057,21.0,0,-0.2141825915417499,21.186076633805186,20.5,21.5
2229.0,20.905752981162497,21.211372431230664,6.861474092641302,21.0,0,-0.2113724312306644,21.18327082811981,20.5,21.5
2230.0,20.902944125384792,21.208562706011254,6.860835135964049,21.0,0,-0.2085627060112536,21.180465453817146,20.5,21.5
2231.0,20.90013570358691,21.20575341551278,6.860194762179892,21.0,0,-0.20575341551278115,21.177660510528057,20.5,21.5
2232.0,20.897327715398628,21.20294455936469,6.859552971776503,21.0,0,-0.20294455936468836,21.17485599788376,20.5,21.5
2233.0,20.894520160449904,21.200136137196587,6.8589097652426325,21.0,0,-0.20013613719658707,21.172051915515574,20.5,21.5
2234.0,20.891713038370863,21.197328148638256,6.858265143068112,21.0,0,-0.1973281486382561,21.169248263054946,20.5,21.5
2235.0,20.888906348791803,21.19452059331966,6.857619105743849,21.0,0,-0.19452059331965899,21.166445040133688,20.5,21.5
2236.0,20.886100091343195,21.191713470870916,6.856971653761827,21.0,0,-0.19171347087091561,21.163642246383482,20.5,21.5
2237.0,20.883294265655678,21.188906780922327,6.856322787615111,21.0,0,-0.18890678092232704,21.16083988143644,20.5,21.5
2238.0,20.88048887136007,21.186100523104358,6.8556725077978395,21.0,0,-0.18610052310435776,21.158037944924665,20.5,21.5
2239.0,20.877683908087356,21.183294697047657,6.85502081480523,21.0,0,-0.183294697047657,21.15523643648065,20.5,21.5
2240.0,20.874879375468698,21.180489302383037,6.854367709133575,21.0,0,-0.1804893023830374,21.15243535573684,20.5,21.5
2241.0,20.87207527313543,21.177684338741486,6.853713191280241,21.0,0,-0.1776843387414857,21.14963470232597,20.5,21.5
2242.0,20.86927160071906,21.174879805754163,6.8530572617436745,21.0,0,-0.17487980575416273,21.146834475880933,20.5,21.5
2243.0,20.866468357851264,21.1720757030524,6.852399921023393,21.0,0,-0.17207570305239983,21.14403467603477,20.5,21.5
2244.0,20.863665544163897,21.16927203026771,6.85174116961999,21.0,0,-0.16927203026770954,21.141235302420807,20.5,21.5
2245.0,20.86086315928899,21.166468787031768,6.851081008035133,21.0,0,-0.16646878703176782,21.13843635467235,20.5,21.5
2246.0,20.85806120285874,21.163665972976425,6.850419436771564,21.0,0,-0.1636659729764247,21.135637832422994,20.5,21.5
2247.0,20.855259674505522,21.160863587733722,6.8497564563330995,21.0,0,-0.1608635877337221,21.132839735306696,20.5,21.5
2248.0,20.852458573861888,21.158061630935844,6.8490920672246265,21.0,0,-0.15806163093584402,21.130042062957063,20.5,21.5
2249.0,20.849657900560562,21.155260102215173,6.848426269952107,21.0,0,-0.1552601022151734,21.127244815008467,20.5,21.5
2250.0,20.84685765423444,21.152459001204264,6.847759065022574,21.0,0,-0.1524590012042637,21.124447991095167,20.5,21.5
2251.0,20.844057834516597,21.14965832753584,6.847090452944133,21.0,0,-0.14965832753583896,21.12165159085159,20.5,21.5
2252.0,20.84125844104028,21.146858080842787,6.846420434225962,21.0,0,-0.14685808084278662,21.118855613912263,20.5,21.5
2253.0,20.83845947343892,21.144058260758193,6.845749009378308,21.0,0,-0.14405826075819306,21.116060059912257,20.5,21.5
2254.0,20.83566093134611,21.1412588669153,6.8450761789124925,21.0,0,-0.14125886691530098,21.11326492848638,20.5,21.5
2255.0,20.83286281439562,21.138459898947538,6.844401943340904,21.0,0,-0.13845989894753785,21.110470219269907,20.5,21.5
2256.0,20.83006512222141,21.1356613564885,6.843726303177001,21.0,0,-0.13566135648850164,21.10767593189814,20.5,21.5
2257.0,20.8272678544576,21.132863239171964,6.843049258935315,21.0,0,-0.1328632391719644,21.104882066006592,20.5,21.5
2258.0,20.824471010738495,21.13006554663188,6.842370811131443,21.0,0,-0.13006554663187941,21.10208862123103,20.5,21.5
2259.0,20.821674590698574,21.127268278502374,6.841690960282053,21.0,0,-0.127268278502374,21.09929559720732,20.5,21.5
2260.0,20.818878593972492,21.12447143441775,6.841009706904881,21.0,0,-0.12447143441774955,21.096502993571505,20.5,21.5
2261.0,20.81608302019508,21.12167501401248,6.840327051518731,21.0,0,-0.1216750140124816,21.093710809959802,20.5,21.5
2262.0,20.813287869001346,21.11887901692123,6.839642994643476,21.0,0,-0.11887901692123037,21.090919046008718,20.5,21.5
2263.0,20.810493140026473,21.116083442778823,6.838957536800052,21.0,0,-0.1160834427788231,21.08812770135475,20.5,21.5
2264.0,20.807698832905828,21.113288291220275,6.838270678510469,21.0,0,-0.11328829122027528,21.085336775634797,20.5,21.5
2265.0,20.80490494727495,21.110493561880766,6.837582420297797,21.0,0,-0.11049356188076587,21.08254626848567,20.5,21.5
2266.0,20.802111482769554,21.107699254395662,6.836892762686174,21.0,0,-0.10769925439566208,21.079756179544624,20.5,21.5
2267.0,20.799318439025537,21.1049053684005,6.836201706200806,21.0,0,-0.10490536840050169,21.076966508448898,20.5,21.5
2268.0,20.796525815678972,21.102111903531,6.835509251367963,21.0,0,-0.10211190353100008,21.074177254835984,20.5,21.5
2269.0,20.79373361236611,21.099318859423057,6.8348153987149765,21.0,0,-0.0993188594230574,21.07138841834363,20.5,21.5
2270.0,20.79094182872338,21.09652623571274,6.834120148770248,21.0,0,-0.09652623571274077,21.068599998609574,20.5,21.5
2271.0,20.78815046438739,21.093734032036306,6.833423502063241,21.0,0,-0.09373403203630559,21.065811995271954,20.5,21.5
2272.0,20.785359518994923,21.09094224803018,6.832725459124479,21.0,0,-0.09094224803018136,21.06302440796894,20.5,21.5
2273.0,20.78256899218295,21.08815088333098,6.832026020485555,21.0,0,-0.08815088333097876,21.060237236338953,20.5,21.5
2274.0,20.77977888358861,21.08535993757548,6.8313251866791225,21.0,0,-0.085359937575479,21.05745048002048,20.5,21.5
2275.0,20.77698919284923,21.082569410400644,6.830622958238894,21.0,0,-0.08256941040064447,21.0546641386523,20.5,21.5
2276.0,20.774199919602307,21.07977930144363,6.82991933569965,21.0,0,-0.07977930144362944,21.05187821187348,20.5,21.5
2277.0,20.771411063485527,21.07698961034175,6.829214319597227,21.0,0,-0.07698961034175156,21.049092699322973,20.5,21.5
2278.0,20.76862262413675,21.074200336732513,6.828507910468527,21.0,0,-0.07420033673251325,21.04630760064013,20.5,21.5
2279.0,20.765834601194015,21.071411480253595,6.827800108851512,21.0,0,-0.07141148025359456,21.043522915464408,20.5,21.5
2280.0,20.763046994295546,21.06862304054286,6.8270909152852015,21.0,0,-0.06862304054286028,21.040738643435517,20.5,21.5
2281.0,20.760259803079745,21.06583501723835,6.8263803303096795,21.0,0,-0.06583501723834928,21.03795478419324,20.5,21.5
2282.0,20.757473027185192,21.06304740997828,6.825668354466085,21.0,0,-0.06304740997828162,21.035171337377605,20.5,21.5
2283.0,20.75468666625065,21.060260218401062,6.824954988296621,21.0,0,-0.060260218401062104,21.032388302628867,20.5,21.5
2284.0,20.751900719915056,21.05747344214527,6.824240232344546,21.0,0,-0.057473442145269615,21.029605679587345,20.5,21.5
2285.0,20.74911518781754,21.054687080849668,6.823524087154177,21.0,0,-0.05468708084966778,21.02682346789365,20.5,21.5
2286.0,20.74633006959741,21.051901134153205,6.82280655327089,21.0,0,-0.051901134153204964,21.024041667188577,20.5,21.5
2287.0,20.743545364894143,21.049115601694993,6.82208763124112,21.0,0,-0.04911560169499296,21.021260277112873,20.5,21.5
2288.0,20.74076107334741,21.046330483114346,6.821367321612354,21.0,0,-0.046330483114346066,21.018479297307877,20.5,21.5
2289.0,20.737977194597065,21.04354577805075,6.820645624933142,21.0,0,-0.04354577805074911,21.01569872741478,20.5,21.5
2290.0,20.735193728283132,21.040761486143868,6.819922541753087,21.0,0,-0.0407614861438681,21.012918567075058,20.5,21.5
2291.0,20.732410674045827,21.037977607033547,6.8191980726228465,21.0,0,-0.03797760703354669,21.010138815930333,20.5,21.5
2292.0,20.729628031525543,21.035194140359827,6.818472218094137,21.0,0,-0.035194140359827486,21.007359473622635,20.5,21.5
2293.0,20.726845800362856,21.032411085762917,6.817744978719729,21.0,0,-0.032411085762916514,21.004580539793807,20.5,21.5
2294.0,20.724063980198526,21.02962844288321,6.817016355053443,21.0,0,-0.029628442883211648,21.001802014086163,20.5,21.5
2295.0,20.721282570673498,21.02684621136128,6.816286347650163,21.0,0,-0.02684621136128129,20.999023896141978,20.5,21.5
2296.0,20.718501571428895,21.024064390837896,6.815554957065817,21.0,0,-0.024064390837896354,20.996246185604047,20.5,21.5
2297.0,20.715720982106024,21.02128298095399,6.814822183857394,21.0,0,-0.02128298095399117,20.99346888211494,20.5,21.5
2298.0,20.712940802346374,21.018501981350692,6.81408802858293,21.0,0,-0.01850198135069192,20.9906919853177,20.5,21.5
2299.0,20.71016103179162,21.015721391669313,6.813352491801518,21.0,0,-0.01572139166931308,20.987915494855525,20.5,21.5
2300.0,20.707381670083624,21.01294121155134,6.8126155740733,21.0,0,-0.012941211551339649,20.985139410371605,20.5,21.5
2301.0,20.70460271686442,21.010161440638445,6.811877275959472,21.0,0,-0.01016144063844493,20.982363731509498,20.5,21.5
2302.0,20.70182417177624,21.007382078572487,6.811137598022279,21.0,0,-0.007382078572486961,20.979588457912907,20.5,21.5
2303.0,20.699046034461492,21.00460312499551,6.810396540825019,21.0,0,-0.004603124995508523,20.976813589225724,20.5,21.5
2304.0,20.696268304562764,21.001824579549737,6.809654104932039,21.0,0,-0.0018245795497371375,20.974039125092023,20.5,21.5
2305.0,20.69349098172284,20.999046441877578,6.808910290908736,21.0,0,0.000953558122422038,20.971265065155986,20.5,21.5
2306.0,20.690714065584675,20.99626871162163,6.808165099321557,21.0,0,0.003731288378368447,20.968491409062167,20.5,21.5
2307.0,20.68793755579142,20.993491388424665,6.807418530737998,21.0,0,0.006508611575334555,20.965718156455004,20.5,21.5
2308.0,20.68516145198641,20.990714471929653,6.806670585726602,21.0,0,0.009285528070346771,20.96294530697953,20.5,21.5
2309.0,20.682385753813158,20.987937961779732,6.805921264856963,21.0,0,0.012062038220268079,20.96017286028052,20.5,21.5
2310.0,20.679610460915367,20.985161857618237,6.8051705686997215,21.0,0,0.014838142381762509,20.957400816003293,20.5,21.5
2311.0,20.676835572936923,20.982386159088684,6.804418497826565,21.0,0,0.01761384091131646,20.954629173793144,20.5,21.5
2312.0,20.674061089521903,20.979610865834783,6.803665052810228,21.0,0,0.02038913416521737,20.951857933295774,20.5,21.5
2313.0,20.67128701031456,20.97683597750041,6.802910234224491,21.0,0,0.023164022499589265,20.949087094156692,20.5,21.5
2314.0,20.668513334959343,20.974061493729646,6.802154042644183,21.0,0,0.025938506270353656,20.946316656022002,20.5,21.5
2315.0,20.66574006310088,20.97128741416675,6.8013964786451755,21.0,0,0.02871258583325087,20.943546618537777,20.5,21.5
2316.0,20.662967194383988,20.968513738456164,6.800637542804387,21.0,0,0.03148626154383649,20.940776981350307,20.5,21.5
2317.0,20.66019472845367,20.965740466242515,6.79987723569978,21.0,0,0.03425953375748492,20.93800774410603,20.5,21.5
2318.0,20.65742266495512,20.962967597170625,6.799115557910361,21.0,0,0.037032402829375144,20.935238906451723,20.5,21.5
2319.0,20.65465100353371,20.960195130885502,6.798352510016181,21.0,0,0.039804869114497876,20.932470468034275,20.5,21.5
2320.0,20.651879743835007,20.957423067032327,6.7975880925983345,21.0,0,0.04257693296767329,20.929702428500573,20.5,21.5
2321.0,20.64910888550476,20.954651405256477,6.7968223062389574,21.0,0,0.0453485947435226,20.926934787497984,20.5,21.5
2322.0,20.646338428188905,20.951880145203525,6.796055151521231,21.0,0,0.04811985479647518,20.924167544674,20.5,21.5
2323.0,20.643568371533572,20.949109286519217,6.795286629029377,21.0,0,0.05089071348078278,20.92140069967614,20.5,21.5
2324.0,20.64079871518507,20.946338828849488,6.794516739348657,21.0,0,0.05366117115051239,20.91863425215219,20.5,21.5
2325.0,20.6380294587899,20.943568771840468,6.7937454830653765,21.0,0,0.056431228159532054,20.91586820175027,20.5,21.5
2326.0,20.635260601994755,20.940799115138468,6.792972860766881,21.0,0,0.05920088486153219,20.913102548118466,20.5,21.5
2327.0,20.63249214444651,20.93802985838999,6.7921988730415555,21.0,0,0.06197014161001135,20.910337290905197,20.5,21.5
2328.0,20.62972408579223,20.93526100124172,6.791423520478826,21.0,0,0.06473899875827982,20.907572429759036,20.5,21.5
2329.0,20.626956425679168,20.932492543340537,6.790646803669156,21.0,0,0.06750745665946312,20.904807964328704,20.5,21.5
2330.0,20.624189163754767,20.929724484333512,6.78986872320405,21.0,0,0.07027551566648782,20.902043894263265,20.5,21.5
2331.0,20.62142229966666,20.92695682386789,6.78908927967605,21.0,0,0.07304317613210998,20.89928021921167,20.5,21.5
2332.0,20.61865583306266,20.92418956159112,6.788308473678736,21.0,0,0.07581043840887958,20.896516938823424,20.5,21.5
2333.0,20.615889763590783,20.92142269715083,6.787526305806726,21.0,0,0.07857730284916897,20.893754052747937,20.5,21.5
2334.0,20.613124090899227,20.918656230194845,6.786742776655675,21.0,0,0.08134376980515512,20.890991560634983,20.5,21.5
2335.0,20.610358814636378,20.91589016037117,6.785957886822274,21.0,0,0.08410983962883023,20.88822946213442,20.5,21.5
2336.0,20.607593934450815,20.913124487328,6.785171636904251,21.0,0,0.08687551267200178,20.885467756896283,20.5,21.5
2337.0,20.604829449991307,20.91035921071373,6.784384027500369,21.0,0,0.08964078928627117,20.882706444571035,20.5,21.5
2338.0,20.60206536090681,20.907594330176934,6.783595059210429,21.0,0,0.09240566982306575,20.87994552480899,20.5,21.5
2339.0,20.599301666846472,20.904829845366383,6.782804732635261,21.0,0,0.09517015463361744,20.877184997260866,20.5,21.5
2340.0,20.59653836745963,20.90206575593103,6.782013048376736,21.0,0,0.09793424406896989,20.874424861577506,20.5,21.5
2341.0,20.59377546239581,20.89930206152003,6.781220007037755,21.0,0,0.10069793847997133,20.871665117410014,20.5,21.5
2342.0,20.59101295130474,20.896538761782715,6.780425609222253,21.0,0,0.10346123821728526,20.868905764409575,20.5,21.5
2343.0,20.588250833836323,20.89377585636862,6.7796298555352,21.0,0,0.10622414363137977,20.866146802227675,20.5,21.5
2344.0,20.585489109640662,20.891013344927458,6.778832746582595,21.0,0,0.1089866550725418,20.863388230515838,20.5,21.5
2345.0,20.58272777836805,20.888251227109144,6.778034282971473,21.0,0,0.11174877289085572,20.860630048926005,20.5,21.5
2346.0,20.57996683966897,20.885489502563775,6.777234465309897,21.0,0,0.11451049743622477,20.857872257110085,20.5,21.5
2347.0,20.5772062931941,20.882728170941643,6.776433294206965,21.0,0,0.11727182905835676,20.855114854720323,20.5,21.5
2348.0,20.5744461385943,20.87996723189324,6.7756307702728025,21.0,0,0.12003276810676056,20.8523578414092,20.5,21.5
2349.0,20.571686375520635,20.877206685069236,6.774826894118567,21.0,0,0.12279331493076384,20.849601216829203,20.5,21.5
2350.0,20.568927003624353,20.874446530120498,6.774021666356443,21.0,0,0.12555346987950244,20.84684498063311,20.5,21.5
2351.0,20.566168022556898,20.871686766698083,6.77321508759965,21.0,0,0.1283132333019168,20.84408913247394,20.5,21.5
2352.0,20.563409431969905,20.868927394453248,6.772407158462429,21.0,0,0.13107260554675193,20.841333672004897,20.5,21.5
2353.0,20.560651231515205,20.86616841303743,6.771597879560057,21.0,0,0.1338315869625717,20.83857859887923,20.5,21.5
2354.0,20.557893420844813,20.863409822102263,6.770787251508832,21.0,0,0.13659017789773742,20.835823912750605,20.5,21.5
2355.0,20.555135999610947,20.860651621299585,6.769975274926084,21.0,0,0.13934837870041505,20.83306961327281,20.5,21.5
2356.0,20.55237896746601,20.857893810281404,6.769161950430168,21.0,0,0.14210618971859645,20.83031570009959,20.5,21.5
2357.0,20.5496223240626,20.855136388699947,6.768347278640467,21.0,0,0.1448636113000532,20.82756217288538,20.5,21.5
2358.0,20.546866069053515,20.85237935620761,6.767531260177387,21.0,0,0.14762064379238993,20.824809031284243,20.5,21.5
2359.0,20.54411020209174,20.849622712456995,6.766713895662363,21.0,0,0.15037728754300517,20.822056274950842,20.5,21.5
2360.0,20.541354722830455,20.846866457100894,6.765895185717854,21.0,0,0.15313354289910563,20.81930390353989,20.5,21.5
2361.0,20.538599630923034,20.8441105897923,6.765075130967342,21.0,0,0.1558894102076991,20.816551916706366,20.5,21.5
2362.0,20.535844926023042,20.841355110184388,6.7642537320353355,21.0,0,0.1586448898156121,20.813800314105258,20.5,21.5
2363.0,20.533090607784246,20.838600017930535,6.7634309895473645,21.0,0,0.16139998206946515,20.811049095392004,20.5,21.5
2364.0,20.5303366758606,20.835845312684306,6.762606904129985,21.0,0,0.16415468731569405,20.808298260222017,20.5,21.5
2365.0,20.527583129906255,20.833090994099468,6.761781476410771,21.0,0,0.16690900590053204,20.805547808251088,20.5,21.5
2366.0,20.524829969575556,20.830337061829972,6.760954707018324,21.0,0,0.16966293817002764,20.802797739135016,20.5,21.5
2367.0,20.522077194523046,20.827583515529973,6.760126596582264,21.0,0,0.1724164844700269,20.80004805252998,20.5,21.5
2368.0,20.519324804403457,20.824830354853816,6.759297145733233,21.0,0,0.17516964514618394,20.797298748092246,20.5,21.5
2369.0,20.516572798871724,20.822077579456042,6.758466355102895,21.0,0,0.17792242054395757,20.794549825478306,20.5,21.5
2370.0,20.51382117758297,20.819325188991385,6.7576342253239305,21.0,0,0.1806748110086147,20.791801284344814,20.5,21.5
2371.0,20.511069940192517,20.816573183114777,6.756800757030046,21.0,0,0.18342681688522333,20.78905312434869,20.5,21.5
2372.0,20.508319086355883,20.813821561481344,6.755965950855961,21.0,0,0.186178438518656,20.786305345147017,20.5,21.5
2373.0,20.505568615728784,20.811070323746414,6.755129807437418,21.0,0,0.18892967625358636,20.78355794639711,20.5,21.5
2374.0,20.502818527967126,20.808319469565493,6.754292327411178,21.0,0,0.19168053043450684,20.78081092775629,20.5,21.5
2375.0,20.500068822727016,20.805568998594303,6.753453511415016,21.0,0,0.1944310014056967,20.778064288882405,20.5,21.5
2376.0,20.497319499664755,20.802818910488746,6.752613360087727,21.0,0,0.19718108951125402,20.775318029433173,20.5,21.5
2377.0,20.49457055843684,20.80006920490494,6.751771874069124,21.0,0,0.19993079509506018,20.772572149066878,20.5,21.5
2378.0,20.49182199869997,20.797319881499178,6.750929054000036,21.0,0,0.20268011850082246,20.769826647441555,20.5,21.5
2379.0,20.489073820111027,20.794570939927958,6.750084900522305,21.0,0,0.2054290600720421,20.76708152421576,20.5,21.5
2380.0,20.48632602232711,20.791822379847975,6.749239414278792,21.0,0,0.2081776201520249,20.764336779048147,20.5,21.5
2381.0,20.483578605005498,20.789074200916126,6.748392595913371,21.0,0,0.2109257990838742,20.761592411597633,20.5,21.5
2382.0,20.48083156780368,20.78632640278949,6.747544446070931,21.0,0,0.2136735972105086,20.758848421523147,20.5,21.5
2383.0,20.478084910379334,20.783578985125363,6.746694965397375,21.0,0,0.21642101487463705,20.75610480848408,20.5,21.5
2384.0,20.475338632390336,20.780831947581223,6.74584415453962,21.0,0,0.21916805241877668,20.753361572139827,20.5,21.5
2385.0,20.472592733494768,20.778085289814754,6.744992014145594,21.0,0,0.22191471018524567,20.750618712150064,20.5,21.5
2386.0,20.4698472133509,20.775339011483833,6.744138544864241,21.0,0,0.22466098851616678,20.747876228174622,20.5,21.5
2387.0,20.4671020716172,20.77259311224654,6.743283747345514,21.0,0,0.2274068877534603,20.745134119873605,20.5,21.5
2388.0,20.464357307952348,20.769847591761142,6.742427622240379,21.0,0,0.23015240823885819,20.742392386907163,20.5,21.5
2389.0,20.461612922015206,20.767102449686114,6.741570170200812,21.0,0,0.23289755031388637,20.739651028935832,20.5,21.5
2390.0,20.458868913464844,20.76435768568013,6.740711391879799,21.0,0,0.23564231431986826,20.736910045620313,20.5,21.5
2391.0,20.456125281960528,20.761613299402054,6.739851287931339,21.0,0,0.2383867005979461,20.734169436621276,20.5,21.5
2392.0,20.453382027161723,20.758869290510958,6.738989859010438,21.0,0,0.2411307094890418,20.7314292016,20.5,21.5
2393.0,20.450639148728094,20.756125658666107,6.738127105773111,21.0,0,0.24387434133389263,20.7286893402176,20.5,21.5
2394.0,20.447896646319503,20.753382403526967,6.737263028876383,21.0,0,0.24661759647303327,20.72594985213556,20.5,21.5
2395.0,20.445154519596013,20.7506395247532,6.736397628978285,21.0,0,0.2493604752467995,20.72321073701554,20.5,21.5
2396.0,20.44241276821789,20.747897022004672,6.735530906737857,21.0,0,0.2521029779953281,20.720471994519386,20.5,21.5
2397.0,20.439671391845593,20.745154894941447,6.734662862815146,21.0,0,0.2548451050585534,20.717733624309194,20.5,21.5
2398.0,20.436930390139786,20.742413143223786,6.733793497871206,21.0,0,0.2575868567762143,20.714995626047177,20.5,21.5
2399.0,20.43418976276133,20.739671766512153,6.732922812568095,21.0,0,0.26032823348784717,20.712257999395824,20.5,21.5
2400.0,20.431449509371294,20.736930764467207,6.732050807568878,21.0,0,0.26306923553279304,20.70952074401775,20.5,21.5
2401.0,20.428709629630934,20.734190136749817,6.731177483537624,21.0,0,0.2658098632501833,20.706783859575914,20.5,21.5
2402.0,20.425970123201715,20.731449883021043,6.730302841139409,21.0,0,0.2685501169789575,20.7040473457333,20.5,21.5
2403.0,20.423230989745303,20.728710002942144,6.72942688104031,21.0,0,0.27128999705785617,20.701311202153157,20.5,21.5
2404.0,20.42049222892356,20.72597049617459,6.7285496039074095,21.0,0,0.27402950382541036,20.698575428499048,20.5,21.5
2405.0,20.417753840398557,20.723231362380044,6.727671010408791,21.0,0,0.2767686376199556,20.69584002443459,20.5,21.5
2406.0,20.415015823832558,20.72049260122037,6.726791101213544,21.0,0,0.2795073987796286,20.69310498962364,20.5,21.5
2407.0,20.412278178888034,20.717754212357633,6.7259098769917545,21.0,0,0.28224578764236696,20.69037032373025,20.5,21.5
2408.0,20.409540905227654,20.715016195454105,6.725027338414515,21.0,0,0.2849838045458952,20.687636026418822,20.5,21.5
2409.0,20.406804002514292,20.71227855017225,6.724143486153917,21.0,0,0.2877214498277496,20.684902097353707,20.5,21.5
2410.0,20.40406747041102,20.70954127617474,6.723258320883052,21.0,0,0.2904587238252603,20.682168536199633,20.5,21.5
2411.0,20.401331308581117,20.706804373124452,6.722371843276012,21.0,0,0.2931956268755478,20.679435342621577,20.5,21.5
2412.0,20.398595516688054,20.704067840684456,6.721484054007887,21.0,0,0.2959321593155444,20.67670251628449,20.5,21.5
2413.0,20.39586009439552,20.70133167851803,6.72059495375477,21.0,0,0.2986683214819692,20.673970056853783,20.5,21.5
2414.0,20.39312504136739,20.69859588628865,6.719704543193747,21.0,0,0.30140411371134945,20.671237963994848,20.5,21.5
2415.0,20.390390357267755,20.69586046366,6.718812823002906,21.0,0,0.30413953633999924,20.668506237373503,20.5,21.5
2416.0,20.387656041760902,20.693125410295956,6.717919793861329,21.0,0,0.30687458970404435,20.665774876655504,20.5,21.5
2417.0,20.38492209451132,20.69039072586061,6.7170254564490985,21.0,0,0.3096092741393903,20.66304388150715,20.5,21.5
2418.0,20.38218851518371,20.687656410018246,6.7161298114472885,21.0,0,0.3123435899817544,20.660313251594605,20.5,21.5
2419.0,20.379455303442963,20.68492246243336,6.715232859537975,21.0,0,0.3150775375666406,20.657582986584497,20.5,21.5
2420.0,20.376722458954184,20.682188882770646,6.714334601404225,21.0,0,0.31781111722935407,20.65485308614351,20.5,21.5
2421.0,20.373989981382675,20.679455670695,6.7134350377300995,21.0,0,0.320544329305001,20.65212354993853,20.5,21.5
2422.0,20.371257870393944,20.676722825871526,6.712534169200657,21.0,0,0.32327717412847434,20.649394377636792,20.5,21.5
2423.0,20.368526125653705,20.67399034796552,6.711631996501946,21.0,0,0.32600965203447885,20.646665568905476,20.5,21.5
2424.0,20.365794746827873,20.671258236642505,6.710728520321013,21.0,0,0.3287417633574954,20.64393712341234,20.5,21.5
2425.0,20.36306373358257,20.66852649156818,6.709823741345893,21.0,0,0.3314735084318201,20.641209040824933,20.5,21.5
2426.0,20.360333085584124,20.66579511240847,6.708917660265614,21.0,0,0.3342048875915289,20.638481320811383,20.5,21.5
2427.0,20.35760280249906,20.663064098829494,6.708010277770199,21.0,0,0.33693590117050576,20.635753963039726,20.5,21.5
2428.0,20.354872883994112,20.660333450497575,6.707101594550655,21.0,0,0.33966654950242514,20.63302696717838,20.5,21.5
2429.0,20.352143329736222,20.657603167079245,6.706191611298986,21.0,0,0.3423968329207554,20.630300332895942,20.5,21.5
2430.0,20.349414139392536,20.654873248241238,6.705280328708184,21.0,0,0.3451267517587624,20.627574059861168,20.5,21.5
2431.0,20.3466853126304,20.65214369365049,6.704367747472231,21.0,0,0.3478563063495095,20.62484814774302,20.5,21.5
2432.0,20.34395684911737,20.649414502974153,6.703453868286095,21.0,0,0.35058549702584685,20.62212259621078,20.5,21.5
2433.0,20.341228748521203,20.64668567587957,6.702538691845737,21.0,0,0.3533143241204293,20.619397404933746,20.5,21.5
2434.0,20.33850101050987,20.6439572120343,6.701622218848103,21.0,0,0.35604278796569844,20.61667257358161,20.5,21.5
2435.0,20.335773634751536,20.641229111106103,6.700704449991126,21.0,0,0.35877088889389697,20.613948101824118,20.5,21.5
2436.0,20.333046620914583,20.63850137276294,6.699785385973728,21.0,0,0.3614986272370615,20.611223989331293,20.5,21.5
2437.0,20.330319968667595,20.635773996672985,6.698865027495816,21.0,0,0.3642260033270155,20.608500235773445,20.5,21.5
2438.0,20.32759367767936,20.633046982504617,6.6979433752582835,21.0,0,0.36695301749538345,20.605776840820937,20.5,21.5
2439.0,20.324867747618875,20.630320329926416,6.697020429963008,21.0,0,0.3696796700735838,20.603053804144412,20.5,21.5
2440.0,20.322142178155342,20.627594038607178,6.696096192312853,21.0,0,0.3724059613928219,20.600331125414797,20.5,21.5
2441.0,20.319416968958173,20.6248681082159,6.695170663011664,21.0,0,0.37513189178410045,20.597608804303114,20.5,21.5
2442.0,20.316692119696985,20.622142538421777,6.6942438427642745,21.0,0,0.3778574615782233,20.594886840480548,20.5,21.5
2443.0,20.3139676300416,20.619417328894226,6.6933157322764965,21.0,0,0.38058267110577404,20.59216523361872,20.5,21.5
2444.0,20.311243499662048,20.616692479302863,6.692386332255128,21.0,0,0.38330752069713725,20.58944398338923,20.5,21.5
2445.0,20.308519728228568,20.61396798931751,6.691455643407947,21.0,0,0.3860320106824915,20.586723089463966,20.5,21.5
2446.0,20.305796315411605,20.611243858608194,6.690523666443712,21.0,0,0.3887561413918057,20.584002551515052,20.5,21.5
2447.0,20.303073260881813,20.608520086845157,6.689590402072167,21.0,0,0.39147991315484276,20.581282369214787,20.5,21.5
2448.0,20.30035056431005,20.605796673698848,6.688655851004031,21.0,0,0.3942033263011524,20.57856254223575,20.5,21.5
2449.0,20.29762822536739,20.603073618839915,6.687720013951005,21.0,0,0.3969263811600854,20.575843070250585,20.5,21.5
2450.0,20.294906243725105,20.60035092193922,6.686782891625771,21.0,0,0.3996490780607793,20.57312395293228,20.5,21.5
2451.0,20.292184619054684,20.597628582667838,6.685844484741988,21.0,0,0.4023714173321622,20.57040518995401,20.5,21.5
2452.0,20.28946335102782,20.594906600697037,6.684904794014295,21.0,0,0.40509339930296306,20.56768678098903,20.5,21.5
2453.0,20.286742439316416,20.592184975698313,6.683963820158305,21.0,0,0.40781502430168715,20.564968725711072,20.5,21.5
2454.0,20.284021883592583,20.589463707343352,6.6830215638906125,21.0,0,0.4105362926566478,20.562251023793745,20.5,21.5
2455.0,20.281301683528643,20.586742795304062,6.682078025928785,21.0,0,0.4132572046959382,20.559533674911158,20.5,21.5
2456.0,20.278581838797123,20.58402223925255,6.681133206991369,21.0,0,0.41597776074744885,20.556816678737444,20.5,21.5
2457.0,20.275862349070763,20.58130203886114,6.6801871077978845,21.0,0,0.4186979611388608,20.55410003494702,20.5,21.5
2458.0,20.273143214022507,20.578582193802355,6.679239729068827,21.0,0,0.42141780619764546,20.551383743214508,20.5,21.5
2459.0,20.270424433325516,20.575862703748943,6.678291071525666,21.0,0,0.42413729625105745,20.548667803214823,20.5,21.5
2460.0,20.267706006653157,20.573143568373844,6.677341135890849,21.0,0,0.42685643162615605,20.545952214622858,20.5,21.5
2461.0,20.264987933679006,20.57042478735022,6.676389922887788,21.0,0,0.42957521264978027,20.543236977113978,20.5,21.5
2462.0,20.262270214076846,20.567706360351437,6.6754374332408775,21.0,0,0.43229363964856304,20.54052209036361,20.5,21.5
2463.0,20.25955284752068,20.564988287051072,6.674483667675478,21.0,0,0.4350117129489277,20.537807554047426,20.5,21.5
2464.0,20.25683583368471,20.562270567122912,6.673528626917923,21.0,0,0.437729432877088,20.53509336784131,20.5,21.5
2465.0,20.254119172243357,20.559553200240952,6.672572311695519,21.0,0,0.440446799759048,20.532379531421352,20.5,21.5
2466.0,20.25140286287125,20.5568361860794,6.671614722736541,21.0,0,0.44316381392059867,20.529666044463895,20.5,21.5
2467.0,20.248686905243222,20.554119524312675,6.670655860770234,21.0,0,0.4458804756873249,20.526952906645413,20.5,21.5
2468.0,20.245971299034327,20.55140321461541,6.669695726526814,21.0,0,0.44859678538459136,20.524240117642744,20.5,21.5
2469.0,20.243256043919825,20.54868725666243,6.668734320737463,21.0,0,0.45131274333757077,20.521527677132635,20.5,21.5
2470.0,20.24054113957519,20.5459716501288,6.667771644134336,21.0,0,0.45402834987120144,20.518815584792492,20.5,21.5
2471.0,20.2378265856761,20.54325639468977,6.666807697450553,21.0,0,0.45674360531022984,20.516103840299486,20.5,21.5
2472.0,20.235112381898453,20.540541490020814,6.665842481420199,21.0,0,0.4594585099791857,20.513392443331256,20.5,21.5
2473.0,20.232398527918356,20.537826935797618,6.6648759967783295,21.0,0,0.462173064202382,20.510681393565655,20.5,21.5
2474.0,20.229685023412127,20.53511273169608,6.663908244260965,21.0,0,0.4648872683039187,20.507970690680715,20.5,21.5
2475.0,20.226971868056296,20.532398877392303,6.66293922460509,21.0,0,0.4676011226076966,20.505260334354524,20.5,21.5
2476.0,20.224259061527604,20.529685372562604,6.6619689385486565,21.0,0,0.4703146274373964,20.502550324265606,20.5,21.5
2477.0,20.221546603503008,20.526972216883514,6.660997386830578,21.0,1,0.4730277831164855,20.499840660092623,20.5,21.5
2478.0,20.238834493659674,20.528259410031776,6.6600245701907355,21.0,1,0.4717405899682241,20.54113134151439,20.5,21.5
2479.0,20.25611873167498,20.533546151684348,6.659050489369968,21.0,1,0.46645384831565195,20.58641356821007,20.5,21.5
2480.0,20.27339931802652,20.542831641678394,6.658075145110083,21.0,1,0.4571683583216064,20.63568654161885,20.5,21.5
2481.0,20.290676253191936,20.55611508001126,6.657098538153847,21.0,1,0.44388491998874,20.688949463339924,20.5,21.5
2482.0,20.307949537648927,20.573395666840444,6.656120669244989,21.0,1,0.42660433315955615,20.746201535132283,20.5,21.5
2483.0,20.325219171875247,20.590672602483558,6.655141539128198,21.0,1,0.4093273975164422,20.763441958914697,20.5,21.5
2484.0,20.342485156348697,20.6079458874183,6.654161148549123,21.0,1,0.3920541125817003,20.78067873676572,20.5,21.5
2485.0,20.359747491547136,20.625215522122424,6.653179498254377,21.0,1,0.37478447787757574,20.79791186916367,20.5,21.5
2486.0,20.377006177948477,20.642481507073732,6.6521965889915275,21.0,1,0.3575184929262676,20.815141356586814,20.5,21.5
2487.0,20.394261216030685,20.659743842750082,6.651212421509103,21.0,1,0.3402561572499181,20.832367199513577,20.5,21.5
2488.0,20.41151260627178,20.67700252962939,6.65022699655659,21.0,1,0.3229974703706091,20.84958939842248,20.5,21.5
2489.0,20.428760349149837,20.69425756818962,6.649240314884433,21.0,1,0.30574243181037986,20.866807953791913,20.5,21.5
2490.0,20.446004445142982,20.711508958908787,6.648252377244032,21.0,1,0.2884910410912127,20.88402286610046,20.5,21.5
2491.0,20.463244894729403,20.728756702264974,6.647263184387744,21.0,1,0.2712432977350261,20.90123413582684,20.5,21.5
2492.0,20.480481698387333,20.746000798736304,6.646272737068884,21.0,1,0.2539992012636958,20.918441763449607,20.5,21.5
2493.0,20.49771485659507,20.76324124880096,6.64528103604172,21.0,1,0.23675875119904077,20.93564574944751,20.5,21.5
2494.0,20.51494436983096,20.780478052937184,6.644288082061475,21.0,1,0.21952194706281603,20.95284609429943,20.5,21.5
2495.0,20.532170238573407,20.79771121162327,6.643293875884328,21.0,1,0.20228878837673037,20.970042798484126,20.5,21.5
2496.0,20.54939246330087,20.81494072533756,6.6422984182674085,21.0,1,0.18505927466243932,20.98723586248047,20.5,21.5
2497.0,20.56661104449186,20.832166594558466,6.641301709968801,21.0,1,0.16783340544153447,21.004425286767514,20.5,21.5
2498.0,20.583825982624955,20.849388819764442,6.640303751747544,21.0,1,0.15061118023555764,21.02161107182421,20.5,21.5
2499.0,20.60103727817878,20.866607401434003,6.639304544363625,21.0,1,0.1333925985659974,21.038793218129605,20.5,21.5
2500.0,20.618244931632017,20.883822340045725,6.638304088577984,21.0,1,0.11617765995427476,21.05597172616295,20.5,21.5
2501.0,20.635448943463405,20.901033636078232,6.637302385152511,21.0,1,0.09896636392176816,21.073146596403298,20.5,21.5
2502.0,20.652649314151745,20.918241290010208,6.636299434850047,21.0,1,0.08175870998979207,21.09031782932997,20.5,21.5
2503.0,20.669846044175884,20.935445302320392,6.635295238434383,21.0,1,0.06455469767960764,21.107485425422237,20.5,21.5
2504.0,20.687039134014736,20.952645673487584,6.634289796670258,21.0,1,0.04735432651241567,21.124649385159504,20.5,21.5
2505.0,20.704228584147266,20.969842403990633,6.633283110323358,21.0,1,0.030157596009367182,21.141809709021118,20.5,21.5
2506.0,20.721414395052502,20.98703549430845,6.63227518016032,21.0,1,0.012964505691549277,21.15896639748663,20.5,21.5
2507.0,20.738596567209523,21.004224944920008,6.631266006948728,21.0,1,-0.0042249449200078,21.17611945103558,20.5,21.5
2508.0,20.75577510109747,21.021410756304327,6.630255591457108,21.0,1,-0.021410756304327094,21.19326887014752,20.5,21.5
2509.0,20.772949997195543,21.03859292894049,6.629243934454938,21.0,1,-0.03859292894048849,21.210414655302102,20.5,21.5
2510.0,20.790121255982996,21.055771463307632,6.628231036712639,21.0,1,-0.055771463307632274,21.22755680697907,20.5,21.5
2511.0,20.807288877939143,21.07294635988496,6.627216899001574,21.0,1,-0.07294635988495912,21.244695325658228,20.5,21.5
2512.0,20.824452863543357,21.090117619151727,6.626201522094055,21.0,1,-0.09011761915172656,21.2618302118194,20.5,21.5
2513.0,20.841613213275068,21.107285241587245,6.6251849067633355,21.0,1,-0.1072852415872454,21.278961465942434,20.5,21.5
2514.0,20.858769927613764,21.12444922767089,6.624167053783612,21.0,1,-0.1244492276708904,21.29608908850734,20.5,21.5
2515.0,20.875923007039,21.141609577882093,6.623147963930025,21.0,1,-0.14160957788209316,21.31321307999412,20.5,21.5
2516.0,20.893072452030378,21.158766292700342,6.622127637978653,21.0,1,-0.15876629270034215,21.330333440882832,20.5,21.5
2517.0,20.910218263067566,21.175919372605183,6.621106076706521,21.0,1,-0.17591937260518264,21.347450171653588,20.5,21.5
2518.0,20.927360440630295,21.193068818076227,6.620083280891592,21.0,1,-0.19306881807622744,21.364563272786675,20.5,21.5
2519.0,20.944498985198347,21.210214629593146,6.619059251312769,21.0,1,-0.21021462959314619,21.381672744762334,20.5,21.5
2520.0,20.96163389725157,21.22735680763566,6.618033988749895,21.0,1,-0.22735680763565824,21.39877858806078,20.5,21.5
2521.0,20.97876517726987,21.244495352683558,6.617007493983753,21.0,1,-0.2444953526835576,21.41588080316255,20.5,21.5
2522.0,20.995892825733215,21.261630265216688,6.615979767796061,21.0,1,-0.261630265216688,21.43297939054799,20.5,21.5
2523.0,21.013016843121626,21.278761545714957,6.61495081096948,21.0,1,-0.27876154571495704,21.450074350697648,20.5,21.5
2524.0,21.030137229915194,21.295889194658326,6.613920624287604,21.0,1,-0.29588919465832575,21.467165684092013,20.5,21.5
2525.0,21.047253986594068,21.313013212526826,6.612889208534965,21.0,1,-0.3130132125268261,21.48425339121183,20.5,21.5
2526.0,21.064367113638458,21.330133599800543,6.611856564497032,21.0,0,-0.33013359980054346,21.501337472537717,20.5,21.5
2527.0,21.06147661152863,21.343250356959626,6.610822692960206,21.0,0,-0.3432503569596257,21.474417928550448,20.5,21.5
2528.0,21.058586480744914,21.35236428448428,6.609787594711828,21.0,0,-0.35236428448428114,21.443503559730836,20.5,21.5
2529.0,21.055696720967706,21.357476182694782,6.60875127054017,21.0,0,-0.3574761826947821,21.40859516479979,20.5,21.5
2530.0,21.05280733187762,21.358586851751493,6.607713721234434,21.0,0,-0.3585868517514932,21.369693542318604,20.5,21.5
2531.0,21.04991831315549,21.3556970916549,6.606674947584764,21.0,0,-0.3556970916548998,21.326799490688966,20.5,21.5
2532.0,21.047029664482377,21.352807702245652,6.605634950382229,21.0,0,-0.35280770224565217,21.323913808153176,20.5,21.5
2533.0,21.044141385539557,21.349918683204578,6.6045937304188325,21.0,0,-0.349918683204578,21.321028492793836,20.5,21.5
2534.0,21.04125347600853,21.347030034212747,6.603551288487509,21.0,0,-0.3470300342127466,21.318143544294433,20.5,21.5
2535.0,21.038365935571026,21.34414175495143,6.602507625382121,21.0,0,-0.34414175495142985,21.315258962338262,20.5,21.5
2536.0,21.035478763908987,21.34125384510213,6.601462741897468,21.0,0,-0.3412538451021305,21.312374746609137,20.5,21.5
2537.0,21.032591960704586,21.33836630434657,6.6004166388292695,21.0,0,-0.33836630434657167,21.309490896790983,20.5,21.5
2538.0,21.02970552564021,21.335479132366704,6.599369316974181,21.0,0,-0.3354791323667037,21.306607412568024,20.5,21.5
2539.0,21.026819458398478,21.332592328844694,6.598320777129784,21.0,0,-0.3325923288446937,21.303724293624594,20.5,21.5
2540.0,21.023933758662224,21.329705893462933,6.5972710200945865,21.0,0,-0.32970589346293266,21.300841539645322,20.5,21.5
2541.0,21.02104842611451,21.32681982590404,6.596220046668023,21.0,0,-0.3268198259040389,21.2979591503151,20.5,21.5
2542.0,21.018163460438622,21.323934125850847,6.595167857650457,21.0,0,-0.32393412585084747,21.295077125318933,20.5,21.5
2543.0,21.015278861318063,21.321048792986417,6.594114453843176,21.0,0,-0.3210487929864172,21.292195464342115,20.5,21.5
2544.0,21.012394628436567,21.318163826994034,6.5930598360483925,21.0,0,-0.31816382699403434,21.289314167070206,20.5,21.5
2545.0,21.00951076147809,21.31527922755721,6.592004005069244,21.0,0,-0.31527922755720894,21.286433233188955,20.5,21.5
2546.0,21.00662726012681,21.31239499435967,6.5909469617097916,21.0,0,-0.31239499435967133,21.283552662384295,20.5,21.5
2547.0,21.003744124067126,21.30951112708537,6.589888706775021,21.0,0,-0.30951112708536854,21.28067245434234,20.5,21.5
2548.0,21.000861352983666,21.306627625418493,6.588829241070837,21.0,0,-0.30662762541849276,21.277792608749735,20.5,21.5
2549.0,20.997978946561282,21.303744489043435,6.587768565404069,21.0,0,-0.3037444890434351,21.27491312529286,20.5,21.5
2550.0,20.995096904485052,21.30086171764483,6.58670668058247,21.0,0,-0.3008617176448283,21.27203400365876,20.5,21.5
2551.0,20.992215226440273,21.29797931090752,6.58564358741471,21.0,0,-0.2979793109075217,21.269155243534456,20.5,21.5
2552.0,20.989333912112468,21.295097268516592,6.584579286710381,21.0,0,-0.29509726851659224,21.266276844607297,20.5,21.5
2553.0,20.986452961187386,21.292215590157333,6.583513779279995,21.0,0,-0.29221559015733334,21.263398806564744,20.5,21.5
2554.0,20.983572373351006,21.289334275515277,6.58244706593498,21.0,0,-0.2893342755152766,21.26052112909471,20.5,21.5
2555.0,20.980692148289524,21.286453324276174,6.581379147487687,21.0,0,-0.28645332427617376,21.257643811885146,20.5,21.5
2556.0,20.977812285689364,21.28357273612599,6.580310024751381,21.0,0,-0.2835727361259899,21.25476685462415,20.5,21.5
2557.0,20.974932785237176,21.28069251075093,6.5792396985402455,21.0,0,-0.2806925107509315,21.251890257000348,20.5,21.5
2558.0,20.972053646619838,21.277812647837425,6.5781681696693814,21.0,0,-0.27781264783742543,21.249014018702365,20.5,21.5
2559.0,20.969174869524448,21.27493314707211,6.577095438954804,21.0,0,-0.2749331470721117,21.246138139418974,20.5,21.5
2560.0,20.966296453638332,21.272054008141872,6.576021507213444,21.0,0,-0.27205400814187186,21.243262618839474,20.5,21.5
2561.0,20.963418398649047,21.26917523073381,6.574946375263147,21.0,0,-0.26917523073381133,21.240387456653206,20.5,21.5
2562.0,20.96054070424437,21.266296814535245,6.573870043922675,21.0,0,-0.2662968145352451,21.237512652549583,20.5,21.5
2563.0,20.957663370112304,21.26341875923374,6.572792514011699,21.0,0,-0.2634187592337405,21.234638206218694,20.5,21.5
2564.0,20.954786395941085,21.260541064517067,6.571713786350804,21.0,0,-0.26054106451706716,21.231764117350334,20.5,21.5
2565.0,20.951909781419168,21.257663730073237,6.570633861761491,21.0,0,-0.2576637300732365,21.22889038563493,20.5,21.5
2566.0,20.949033526235237,21.254786755590473,6.569552741066166,21.0,0,-0.25478675559047304,21.22601701076284,20.5,21.5
2567.0,20.946157630078204,21.25191014075724,6.568470425088153,21.0,0,-0.2519101407572393,21.2231439924249,20.5,21.5
2568.0,20.943282092637205,21.249033885262218,6.56738691465168,21.0,0,-0.24903388526221804,21.220271330312006,20.5,21.5
2569.0,20.940406913601606,21.246157988794323,6.566302210581888,21.0,0,-0.24615798879432305,21.217399024115373,20.5,21.5
2570.0,20.937532092661,21.24328245104269,6.565216313704828,21.0,0,-0.2432824510426883,21.21452707352634,20.5,21.5
2571.0,20.93465762950521,21.240407271696682,6.564129224847456,21.0,0,-0.2404072716966823,21.211655478236622,20.5,21.5
2572.0,20.93178352382428,21.237532450445897,6.5630409448376374,21.0,0,-0.23753245044589733,21.208784237938048,20.5,21.5
2573.0,20.928909775308483,21.234657986980153,6.561951474504146,21.0,0,-0.23465798698015305,21.20591335232271,20.5,21.5
2574.0,20.926036383648324,21.231783880989497,6.560860814676659,21.0,0,-0.23178388098949654,21.20304282108293,20.5,21.5
2575.0,20.92316334853453,21.228910132164202,6.559768966185763,21.0,0,-0.2289101321642022,21.20017264391126,20.5,21.5
2576.0,20.92029066965806,21.226036740194772,6.5586759298629485,21.0,0,-0.22603674019477182,21.197302820500468,20.5,21.5
2577.0,20.9174183467101,21.223163704771938,6.557581706540608,21.0,0,-0.22316370477193814,21.1944333505436,20.5,21.5
2578.0,20.914546379382067,21.220291025586654,6.556486297052042,21.0,0,-0.22029102558665414,21.191564233733814,20.5,21.5
2579.0,20.9116747673656,21.217418702330114,6.555389702231452,21.0,0,-0.2174187023301144,21.188695469764717,20.5,21.5
2580.0,20.908803510352573,21.214546734693723,6.554291922913942,21.0,0,-0.2145467346937231,21.18582705832981,20.5,21.5
2581.0,20.905932608035087,21.21167512236913,6.55319295993552,21.0,0,-0.21167512236912955,21.182958999123194,20.5,21.5
2582.0,20.903062060105466,21.208803865048203,6.552092814133092,21.0,0,-0.20880386504820336,21.18009129183894,20.5,21.5
2583.0,20.90019186625627,21.20593296242304,6.5509914863444685,21.0,0,-0.2059329624230415,21.177223936171423,20.5,21.5
2584.0,20.89732202618029,21.20306241418598,6.54988897740836,21.0,0,-0.20306241418597892,21.174356931815353,20.5,21.5
2585.0,20.894452539570537,21.20019222002957,6.548785288164371,21.0,0,-0.20019222002957093,21.17149027846549,20.5,21.5
2586.0,20.891583406120255,21.197322379646607,6.5476804194530125,21.0,0,-0.19732237964660726,21.16862397581697,20.5,21.5
2587.0,20.888714625522923,21.194452892730098,6.546574372115688,21.0,0,-0.19445289273009791,21.165758023565004,20.5,21.5
2588.0,20.88584619747224,21.19158375897329,6.545467146994702,21.0,0,-0.19158375897329094,21.16289242140522,20.5,21.5
2589.0,20.882978121662145,21.18871497806966,6.544358744933254,21.0,0,-0.18871497806966175,21.16002716903337,20.5,21.5
2590.0,20.880110397786797,21.185846549712913,6.543249166775441,21.0,0,-0.18584654971291314,21.157162266145427,20.5,21.5
2591.0,20.877243025540594,21.182978473596982,6.542138413366253,21.0,0,-0.18297847359698238,21.154297712437675,20.5,21.5
2592.0,20.87437600461816,21.18011074941603,6.541026485551578,21.0,0,-0.18011074941603056,21.151433507606512,20.5,21.5
2593.0,20.871509334714347,21.17724337686445,6.539913384178199,21.0,0,-0.1772433768644497,21.14856965134864,20.5,21.5
2594.0,20.86864301552424,21.17437635563687,6.53879911009379,21.0,0,-0.17437635563686982,21.14570614336107,20.5,21.5
2595.0,20.86577704674315,21.17150968542814,6.537683664146919,21.0,0,-0.17150968542814127,21.142842983340856,20.5,21.5
2596.0,20.86291142806663,21.16864336593335,6.536567047187047,21.0,0,-0.16864336593334883,21.139980170985424,20.5,21.5
2597.0,20.860046159190457,21.16577739684781,6.535449260064525,21.0,0,-0.16577739684780823,21.137117705992402,20.5,21.5
2598.0,20.857181239810632,21.162911777867063,6.5343303036305995,21.0,0,-0.16291177786706257,21.134255588059606,20.5,21.5
2599.0,20.854316669623397,21.160046508686897,6.533210178737401,21.0,0,-0.16004650868689652,21.131393816885236,20.5,21.5
2600.0,20.85145244832522,21.157181589003308,6.532088886237956,21.0,0,-0.15718158900330792,21.128532392167422,20.5,21.5
2601.0,20.8485885756128,21.15431701851254,6.5309664269861765,21.0,0,-0.15431701851253976,21.125671313604858,20.5,21.5
2602.0,20.845725051183077,21.151452796911066,6.529842801836864,21.0,0,-0.15145279691106595,21.122810580896328,20.5,21.5
2603.0,20.84286187473321,21.14858892389558,6.528718011645708,21.0,0,-0.14858892389558065,21.119950193740728,20.5,21.5
2604.0,20.839999045960592,21.14572539916302,6.527592057269285,21.0,0,-0.14572539916301963,21.11709015183741,20.5,21.5
2605.0,20.837136564562854,21.142862222410546,6.526464939565058,21.0,0,-0.14286222241054602,21.11423045488581,20.5,21.5
2606.0,20.834274430237855,21.139999393335554,6.525336659391377,21.0,0,-0.1399993933355539,21.111371102585633,20.5,21.5
2607.0,20.831412642683684,21.137136911635675,6.524207217607476,21.0,0,-0.13713691163567532,21.10851209463689,20.5,21.5
2608.0,20.828551201598668,21.134274777008766,6.5230766150734745,21.0,0,-0.13427477700876622,21.105653430739675,20.5,21.5
2609.0,20.825690106681364,21.13141298915292,6.521944852650374,21.0,0,-0.13141298915292055,21.102795110594464,20.5,21.5
2610.0,20.822829357630557,21.128551547766463,6.520811931200062,21.0,0,-0.12855154776646316,21.09993713390189,20.5,21.5
2611.0,20.81996895414527,21.12569045254795,6.519677851585308,21.0,0,-0.12569045254794986,21.097079500362817,20.5,21.5
2612.0,20.817108895924758,21.122829703196164,6.518542614669761,21.0,0,-0.12282970319616382,21.094222209678303,20.5,21.5
2613.0,20.814249182668508,21.119969299410133,6.517406221317957,21.0,0,-0.11996929941013335,21.09136526154983,20.5,21.5
2614.0,20.81138981407624,21.117109240889107,6.516268672395305,21.0,0,-0.11710924088910701,21.088508655678844,20.5,21.5
2615.0,20.808530789847904,21.11424952733258,6.515129968768099,21.0,0,-0.11424952733257854,21.085652391767294,20.5,21.5
2616.0,20.805672109683687,21.111390158440265,6.513990111303513,21.0,0,-0.11139015844026545,21.082796469517135,20.5,21.5
2617.0,20.80281377328401,21.108531133912116,6.512849100869596,21.0,0,-0.10853113391211622,21.079940888630624,20.5,21.5
2618.0,20.799955780349528,21.105672453448317,6.51170693833528,21.0,0,-0.10567245344831733,21.07708564881033,20.5,21.5
2619.0,20.797098130581126,21.102814116749293,6.510563624570367,21.0,0,-0.1028141167492933,21.074230749759053,20.5,21.5
2620.0,20.794240823679925,21.0999561235157,6.509419160445544,21.0,0,-0.0999561235156996,21.071376191179763,20.5,21.5
2621.0,20.791383859347278,21.097098473448415,6.508273546832369,21.0,0,-0.09709847344841549,21.068521972775574,20.5,21.5
2622.0,20.788527237284775,21.09424116624857,6.507126784603276,21.0,0,-0.09424116624856893,21.065668094250103,20.5,21.5
2623.0,20.785670957194238,21.091384201617508,6.505978874631575,21.0,0,-0.09138420161750815,21.0628145553069,20.5,21.5
2624.0,20.782815018777725,21.088527579256827,6.50482981779145,21.0,0,-0.08852757925682653,21.05996135565001,20.5,21.5
2625.0,20.779959421737527,21.08567129886835,6.503679614957955,21.0,0,-0.08567129886834834,21.057108494983567,20.5,21.5
2626.0,20.77710416577617,21.082815360154125,6.502528267007023,21.0,0,-0.08281536015412527,21.054255973011895,20.5,21.5
2627.0,20.774249250596416,21.07995976281645,6.501375774815453,21.0,0,-0.07995976281645056,21.051403789439703,20.5,21.5
2628.0,20.77139467590126,21.077104506557856,6.500222139260918,21.0,0,-0.0771045065578555,21.048551943971905,20.5,21.5
2629.0,20.76854044139393,21.0742495910811,6.499067361221965,21.0,0,-0.07424959108109874,21.04570043631353,20.5,21.5
2630.0,20.765686546777896,21.071395016089173,6.497911441578005,21.0,0,-0.07139501608917342,21.04284926616992,20.5,21.5
2631.0,20.762832991756856,21.06854078128531,6.49675438120932,21.0,0,-0.06854078128531071,21.039998433246684,20.5,21.5
2632.0,20.759979776034747,21.065686886372976,6.4955961809970635,21.0,0,-0.06568688637297626,21.03714793724963,20.5,21.5
2633.0,20.75712689931574,21.06283333105587,6.494436841823256,21.0,0,-0.06283333105587019,21.03429777788481,20.5,21.5
2634.0,20.75427436130424,21.05998011503793,6.493276364570782,21.0,0,-0.05998011503793066,21.031447954858535,20.5,21.5
2635.0,20.751422161704895,21.05712723802333,6.492114750123399,21.0,0,-0.05712723802333031,21.028598467877327,20.5,21.5
2636.0,20.74857030022258,21.054274699716473,6.490951999365724,21.0,0,-0.054274699716472696,21.025749316647897,20.5,21.5
2637.0,20.745718776562406,21.051422499822003,6.489788113183245,21.0,0,-0.051422499822002976,21.022900500877306,20.5,21.5
2638.0,20.74286759042973,21.048570638044804,6.4886230924623085,21.0,0,-0.048570638044804326,21.020052020272818,20.5,21.5
2639.0,20.740016741530134,21.045719114089984,6.48745693809013,21.0,0,-0.04571911408998375,21.017203874541778,20.5,21.5
2640.0,20.737166229569446,21.042867927662897,6.486289650954789,21.0,0,-0.04286792766289693,21.01435606339203,20.5,21.5
2641.0,20.734316054253725,21.040017078469127,6.4851212319452225,21.0,0,-0.04001707846912694,21.011508586531427,20.5,21.5
2642.0,20.731466215289263,21.037166566214495,6.483951681951233,21.0,0,-0.03716656621449488,21.008661443668174,20.5,21.5
2643.0,20.728616712382596,21.034316390605067,6.482781001863485,21.0,0,-0.03431639060506697,21.005814634510788,20.5,21.5
2644.0,20.725767545240494,21.03146655134714,6.4816091925735,21.0,0,-0.03146655134714038,21.002968158767874,20.5,21.5
2645.0,20.72291871356996,21.028617048147243,6.480436254973664,21.0,0,-0.028617048147243196,21.00012201614827,20.5,21.5
2646.0,20.72007021707824,21.025767880712145,6.47926218995722,21.0,0,-0.025767880712145086,20.997276206361164,20.5,21.5
2647.0,20.717222055472817,21.022919048748854,6.478086998418268,21.0,0,-0.022919048748853754,20.99443072911594,20.5,21.5
2648.0,20.714374228461406,21.020070551964615,6.476910681251768,21.0,0,-0.020070551964614936,20.991585584122227,20.5,21.5
2649.0,20.711526735751963,21.01722239006691,6.475733239353537,21.0,0,-0.017222390066908844,20.988740771089848,20.5,21.5
2650.0,20.708679577052685,21.014374562763454,6.474554673620248,21.0,0,-0.014374562763453724,20.985896289728903,20.5,21.5
2651.0,20.705832752072,21.011527069762202,6.473374984949431,21.0,0,-0.011527069762202302,20.983052139749688,20.5,21.5
2652.0,20.702986260518575,21.008679910771356,6.472194174239469,21.0,0,-0.008679910771355992,20.980208320862893,20.5,21.5
2653.0,20.70014010210132,21.005833085499336,6.471012242389601,21.0,0,-0.005833085499336477,20.97736483277914,20.5,21.5
2654.0,20.697294276529377,21.002986593654818,6.4698291902999205,21.0,0,-0.002986593654817682,20.97452167520963,20.5,21.5
2655.0,20.69444878351213,21.000140434946704,6.468645018871371,21.0,0,-0.00014043494670445966,20.971678847865572,20.5,21.5
2656.0,20.6916036227592,20.997294609084143,6.4674597290057525,21.0,0,0.0027053909158567535,20.96883635045853,20.5,21.5
2657.0,20.688758793980448,20.99444911577652,6.4662733216057156,21.0,0,0.005550884223481489,20.96599418270027,20.5,21.5
2658.0,20.685914296885972,20.99160395473345,6.4650857975747575,21.0,0,0.0083960452665508,20.963152344302756,20.5,21.5
2659.0,20.68307013118611,20.988759125664796,6.463897157817232,21.0,0,0.011240874335204154,20.960310834978262,20.5,21.5
2660.0,20.680226296591435,20.98591462828066,6.462707403238341,21.0,0,0.014085371719339435,20.957469654439308,20.5,21.5
2661.0,20.677382792812764,20.983070462291373,6.461516534744132,21.0,0,0.01692953770862715,20.954628802398496,20.5,21.5
2662.0,20.674539619561152,20.98022662740751,6.460324553241505,21.0,0,0.019773372592489125,20.95178827856889,20.5,21.5
2663.0,20.671696776547886,20.977383123339894,6.459131459638204,21.0,0,0.02261687666010559,20.94894808266373,20.5,21.5
2664.0,20.668854263484505,20.97453994979957,6.4579372548428235,21.0,0,0.025460050200429407,20.946108214396332,20.5,21.5
2665.0,20.666012080082776,20.97169710649784,6.4567419397648,21.0,0,0.028302893502161197,20.94326867348052,20.5,21.5
2666.0,20.663170226054714,20.96885459314623,6.455545515314421,21.0,0,0.031145406853770652,20.940429459630135,20.5,21.5
2667.0,20.660328701112565,20.966012409456514,6.454347982402814,21.0,0,0.03398759054348588,20.937590572559362,20.5,21.5
2668.0,20.657487504968824,20.9631705551407,6.453149341941952,21.0,0,0.03682944485930051,20.934752011982553,20.5,21.5
2669.0,20.654646637336217,20.960329029911044,6.451949594844653,21.0,0,0.039670970088955926,20.93191377761449,20.5,21.5
2670.0,20.651806097927718,20.95748783348003,6.450748742024576,21.0,0,0.042512166519969696,20.929075869169893,20.5,21.5
2671.0,20.648965886456537,20.954646965560393,6.4495467843962215,21.0,0,0.04535303443960714,20.92623828636402,20.5,21.5
2672.0,20.646126002636127,20.951806425865108,6.4483437228749345,21.0,0,0.048193574134892,20.92340102891226,20.5,21.5
2673.0,20.643286446180173,20.948966214107376,6.447139558376899,21.0,0,0.051033785892624195,20.920564096530054,20.5,21.5
2674.0,20.640447216802613,20.946126330000652,6.445934291819137,21.0,0,0.05387366999934784,20.917727488933416,20.5,21.5
2675.0,20.637608314217616,20.94328677325863,6.444727924119511,21.0,0,0.05671322674136903,20.91489120583842,20.5,21.5
2676.0,20.634769738139596,20.940447543595244,6.443520456196724,21.0,0,0.059552456404755816,20.912055246961376,20.5,21.5
2677.0,20.631931488283207,20.937608640724658,6.442311888970316,21.0,0,0.062391359275341784,20.9092196120188,20.5,21.5
2678.0,20.629093564363345,20.934770064361295,6.4411022233606605,21.0,0,0.06522993563870472,20.906384300727666,20.5,21.5
2679.0,20.626255966095144,20.9319318142198,6.439891460288974,21.0,0,0.06806818578019858,20.903549312804863,20.5,21.5
2680.0,20.623418693193983,20.929093890015075,6.438679600677303,21.0,0,0.07090610998492508,20.90071464796781,20.5,21.5
2681.0,20.62058174537548,20.926256291462252,6.437466645448531,21.0,0,0.07374370853774792,20.897880305934024,20.5,21.5
2682.0,20.617745122355494,20.92341901827671,6.436252595526378,21.0,0,0.0765809817232892,20.895046286421298,20.5,21.5
2683.0,20.61490882385013,20.920582070174067,6.435037451835394,21.0,0,0.07941792982593299,20.89221258914763,20.5,21.5
2684.0,20.612072849575725,20.917745446870182,6.4338212153009655,21.0,0,0.08225455312981822,20.88937921383133,20.5,21.5
2685.0,20.60923719924887,20.914909148081158,6.432603886849309,21.0,0,0.08509085191884225,20.886546160190917,20.5,21.5
2686.0,20.60640187258639,20.91207317352334,6.4313854674074715,21.0,0,0.08792682647666084,20.883713427945153,20.5,21.5
2687.0,20.603566869305354,20.90923752291331,6.430165957903335,21.0,0,0.09076247708669172,20.880881016813,20.5,21.5
2688.0,20.60073218912307,20.9064021959679,6.428945359265606,21.0,0,0.09359780403210038,20.878048926513813,20.5,21.5
2689.0,20.5978978317571,20.903567192404175,6.427723672423827,21.0,0,0.09643280759582495,20.87521715676693,20.5,21.5
2690.0,20.59506379692523,20.900732511939445,6.426500898308364,21.0,0,0.09926748806055485,20.872385707292146,20.5,21.5
2691.0,20.59223008434551,20.897898154291273,6.425277037850411,21.0,0,0.10210184570872727,20.86955457780955,20.5,21.5
2692.0,20.58939669373621,20.895064119177444,6.424052091981993,21.0,0,0.10493588082255556,20.86672376803916,20.5,21.5
2693.0,20.58656362481586,20.892230406316003,6.422826061635959,21.0,0,0.1077695936839973,20.863893277701585,20.5,21.5
2694.0,20.583730877303225,20.889397015425224,6.421598947745984,21.0,0,0.11060298457477558,20.86106310651744,20.5,21.5
2695.0,20.580898450917314,20.886563946223642,6.420370751246571,21.0,0,0.11343605377635768,20.85823325420782,20.5,21.5
2696.0,20.57806634537738,20.883731198430016,6.419141473073042,21.0,0,0.11626880156998354,20.855403720493758,20.5,21.5
2697.0,20.57523456040292,20.880898771763356,6.417911114161547,21.0,0,0.11910122823664437,20.852574505096747,20.5,21.5
2698.0,20.57240309571367,20.878066665942917,6.416679675449058,21.0,0,0.12193333405708273,20.849745607738534,20.5,21.5
2699.0,20.56957195102962,20.8752348806882,6.415447157873368,21.0,0,0.12476511931179957,20.846917028141032,20.5,21.5
2700.0,20.566741126070987,20.872403415718935,6.414213562373095,21.0,0,0.1275965842810649,20.84408876602628,20.5,21.5
2701.0,20.563910620558246,20.869572270755107,6.412978889887674,21.0,0,0.130427729244893,20.841260821116826,20.5,21.5
2702.0,20.561080434212112,20.866741445516947,6.411743141357363,21.0,0,0.1332585544830529,20.838433193135348,20.5,21.5
2703.0,20.55825056675354,20.863910939724924,6.410506317723236,21.0,0,0.13608906027507572,20.835605881804696,20.5,21.5
2704.0,20.555421017903733,20.86108075309975,6.409268419927189,21.0,0,0.13891924690025093,20.832778886847997,20.5,21.5
2705.0,20.552591787384138,20.858250885362377,6.408029448911936,21.0,0,0.14174911463762285,20.829952207988658,20.5,21.5
2706.0,20.549762874916443,20.85542133623402,6.406789405621009,21.0,0,0.14457866376598005,20.827125844950448,20.5,21.5
2707.0,20.546934280222583,20.852592105436113,6.40554829099875,21.0,0,0.14740789456388725,20.82429979745704,20.5,21.5
2708.0,20.544106003024737,20.849763192690354,6.404306105990325,21.0,0,0.15023680730964628,20.821474065232763,20.5,21.5
2709.0,20.54127804304533,20.846934597718672,6.403062851541712,21.0,0,0.15306540228132803,20.818648648001854,20.5,21.5
2710.0,20.53845040000703,20.84410632024325,6.401818528599701,21.0,0,0.15589367975675117,20.815823545489017,20.5,21.5
2711.0,20.53562307363275,20.84127835998651,6.400573138111902,21.0,0,0.1587216400134892,20.81299875741913,20.5,21.5
2712.0,20.532796063645645,20.838450716671126,6.399326681026731,21.0,0,0.16154928332887408,20.810174283517277,20.5,21.5
2713.0,20.52996936976912,20.83562339002,6.39807915829342,21.0,0,0.1643766099799997,20.807350123508744,20.5,21.5
2714.0,20.527142991726823,20.8327963797563,6.3968305708620115,21.0,0,0.1672036202437006,20.80452627711929,20.5,21.5
2715.0,20.52431692924265,20.829969685603423,6.39558091968336,21.0,0,0.1700303143965769,20.80170274407466,20.5,21.5
2716.0,20.52149118204074,20.827143307285024,6.394330205709129,21.0,0,0.1728566927149764,20.79887952410103,20.5,21.5
2717.0,20.518665749845475,20.82431724452499,6.3930784298917915,21.0,0,0.1756827554750089,20.796056616924666,20.5,21.5
2718.0,20.515840632381483,20.821491497047464,6.391825593184629,21.0,0,0.1785085029525355,20.7932340222722,20.5,21.5
2719.0,20.513015829373643,20.818666064576824,6.390571696541731,21.0,0,0.18133393542317577,20.79041173987042,20.5,21.5
2720.0,20.510191340547077,20.81584094683771,6.3893167409179945,21.0,0,0.18415905316228987,20.78758976944657,20.5,21.5
2721.0,20.50736716562715,20.813016143554993,6.3880607272691226,21.0,0,0.18698385644500704,20.78476811072782,20.5,21.5
2722.0,20.50454330433948,20.810191654453792,6.386803656551626,21.0,0,0.18980834554620785,20.781946763441784,20.5,21.5
2723.0,20.501719756409923,20.80736747925948,6.385545529722817,21.0,0,0.19263252074052062,20.77912572731635,20.5,21.5
2724.0,20.498896521564586,20.804543617697668,6.384286347740813,21.0,0,0.1954563823023321,20.776305002079553,20.5,21.5
2725.0,20.496073599529822,20.801720069494216,6.383026111564539,21.0,0,0.19827993050578385,20.7734845874597,20.5,21.5
2726.0,20.49325099003223,20.798896834375235,6.381764822153717,21.0,0,0.20110316562476527,20.77066448318542,20.5,21.5
2727.0,20.490428692798655,20.796073912067065,6.3805024804688735,21.0,0,0.20392608793293476,20.76784468898537,20.5,21.5
2728.0,20.48760670755619,20.79325130229632,6.3792390874713405,21.0,0,0.20674869770368076,20.76502520458886,20.5,21.5
2729.0,20.48478503403217,20.790429004789836,6.377974644123242,21.0,0,0.2095709952101643,20.762206029725,20.5,21.5
2730.0,20.48196367195419,20.78760701927471,6.376709151387508,21.0,0,0.21239298072529067,20.759387164123446,20.5,21.5
2731.0,20.479142621050077,20.784785345478276,6.375442610227868,21.0,0,0.2152146545217235,20.756568607513948,20.5,21.5
2732.0,20.476321881047912,20.78196398312813,6.3741750216088455,21.0,0,0.21803601687187069,20.753750359626657,20.5,21.5
2733.0,20.473501451676025,20.779142931952094,6.372906386495767,21.0,0,0.2208570680479056,20.750932420191745,20.5,21.5
2734.0,20.470681332662988,20.776322191678258,6.371636705854753,21.0,0,0.22367780832174233,20.74811478893989,20.5,21.5
2735.0,20.467861523737625,20.773501762034947,6.370365980652719,21.0,0,0.2264982379650533,20.745297465601837,20.5,21.5
2736.0,20.465042024629007,20.77068164275073,6.3690942118573775,21.0,0,0.2293183572492694,20.74248044990857,20.5,21.5
2737.0,20.462222835066452,20.76786183355444,6.367821400437236,21.0,0,0.23213816644555862,20.73966374159155,20.5,21.5
2738.0,20.459403954779525,20.765042334175142,6.3665475473615984,21.0,0,0.234957665824858,20.73684734038215,20.5,21.5
2739.0,20.45658538349804,20.76222314434215,6.365272653600557,21.0,0,0.23777685565784878,20.734031246012243,20.5,21.5
2740.0,20.45376712095206,20.759404263785036,6.363996720124997,21.0,0,0.24059573621496355,20.73121545821389,20.5,21.5
2741.0,20.450949166871897,20.756585692233617,6.362719747906601,21.0,0,0.24341430776638262,20.728399976719427,20.5,21.5
2742.0,20.448131520988102,20.753767429417948,6.361441737917836,21.0,0,0.24623257058205184,20.725584801261256,20.5,21.5
2743.0,20.44531418303149,20.75094947506834,6.360162691131963,21.0,0,0.24905052493166124,20.722769931572245,20.5,21.5
2744.0,20.442497152733107,20.748131828915355,6.358882608523032,21.0,0,0.2518681710846451,20.719955367385516,20.5,21.5
2745.0,20.439680429824264,20.745314490689793,6.357601491065884,21.0,0,0.2546855093102067,20.717141108434177,20.5,21.5
2746.0,20.436864014036512,20.742497460122717,6.3563193397361415,21.0,0,0.257502539877283,20.714327154451954,20.5,21.5
2747.0,20.434047905101654,20.739680736945427,6.35503615551022,21.0,0,0.26031926305457276,20.71151350517253,20.5,21.5
2748.0,20.431232102751736,20.736864320889474,6.3537519393653215,21.0,0,0.26313567911052616,20.70870016032994,20.5,21.5
2749.0,20.428416606719058,20.734048211686666,6.352466692279431,21.0,0,0.265951788313334,20.705887119658588,20.5,21.5
2750.0,20.42560141673617,20.731232409069047,6.351180415231321,21.0,0,0.2687675909309526,20.70307438289286,20.5,21.5
2751.0,20.42278653253587,20.72841691276892,6.349893109200546,21.0,0,0.27158308723107893,20.700261949767658,20.5,21.5
2752.0,20.419971953851203,20.72560172251883,6.348604775167447,21.0,0,0.2743982774811684,20.697449820017937,20.5,21.5
2753.0,20.417157680415468,20.72278683805158,6.347315414113146,21.0,0,0.2772131619484206,20.694637993379057,20.5,21.5
2754.0,20.414343711962207,20.719972259100206,6.346025027019547,21.0,0,0.28002774089979354,20.691826469586477,20.5,21.5
2755.0,20.41153004822522,20.717157985398018,6.344733614869336,21.0,0,0.28284201460198233,20.68901524837613,20.5,21.5
2756.0,20.40871668893855,20.714344016678552,6.343441178645981,21.0,0,0.2856559833214476,20.6862043294839,20.5,21.5
2757.0,20.40590363383649,20.711530352675613,6.342147719333726,21.0,0,0.28846964732438707,20.683393712646218,20.5,21.5
2758.0,20.40309088265359,20.708716993123236,6.340853237917599,21.0,0,0.291283006876764,20.680583397599467,20.5,21.5
2759.0,20.400278435124644,20.70590393775572,6.339557735383401,21.0,0,0.29409606224427876,20.677773384080574,20.5,21.5
2760.0,20.397466290984696,20.703091186307613,6.3382612127177165,21.0,0,0.29690881369238653,20.674963671826536,20.5,21.5
2761.0,20.394654449969043,20.700278738513713,6.3369636709079025,21.0,0,0.29972126148628675,20.67215426057471,20.5,21.5
2762.0,20.39184291181323,20.697466594109063,6.335665110942093,21.0,0,0.30253340589093725,20.669345150062558,20.5,21.5
2763.0,20.389031676253058,20.694654752828956,6.3343655338091995,21.0,0,0.3053452471710436,20.666536340027893,20.5,21.5
2764.0,20.38622074302457,20.69184321440894,6.333064940498905,21.0,0,0.3081567855910592,20.663727830208785,20.5,21.5
2765.0,20.383410111864066,20.689031978584815,6.331763332001668,21.0,0,0.3109680214151851,20.660919620343556,20.5,21.5
2766.0,20.380599782508092,20.686221045092623,6.330460709308721,21.0,0,0.3137789549073773,20.6581117101707,20.5,21.5
2767.0,20.377789754693453,20.683410413668668,6.329157073412068,21.0,0,0.3165895863313324,20.655304099429117,20.5,21.5
2768.0,20.374980028157196,20.680600084049495,6.327852425304483,21.0,0,0.31939991595050543,20.652496787857764,20.5,21.5
2769.0,20.372170602636626,20.677790055971904,6.326546765979514,21.0,0,0.32220994402809566,20.649689775196002,20.5,21.5
2770.0,20.369361477869294,20.674980329172953,6.325240096431475,21.0,0,0.3250196708270465,20.646883061183445,20.5,21.5
2771.0,20.366552653593008,20.672170903389933,6.323932417655453,21.0,0,0.327829096610067,20.64407664555973,20.5,21.5
2772.0,20.36374412954582,20.669361778360408,6.3226237306473045,21.0,0,0.33063822163959244,20.641270528065153,20.5,21.5
2773.0,20.360935905466043,20.66655295382218,6.321314036403647,21.0,0,0.3334470461778203,20.6384647084399,20.5,21.5
2774.0,20.35812798109223,20.6637444295133,6.320003335921873,21.0,0,0.3362555704866992,20.635659186424512,20.5,21.5
2775.0,20.355320356163197,20.660936205172085,6.318691630200138,21.0,0,0.33906379482791493,20.632853961759928,20.5,21.5
2776.0,20.352513030418006,20.658128280537085,6.317378920237361,21.0,0,0.3418717194629153,20.63004903418708,20.5,21.5
2777.0,20.34970600359597,20.655320655347115,6.316065207033229,21.0,0,0.3446793446528851,20.627244403447417,20.5,21.5
2778.0,20.346899275436655,20.652513329341236,6.3147504915881925,21.0,0,0.34748667065876404,20.624440069282446,20.5,21.5
2779.0,20.344092845679885,20.649706302258767,6.313434774903462,21.0,0,0.35029369774123253,20.621636031434083,20.5,21.5
2780.0,20.34128671406573,20.64689957383927,6.3121180579810146,21.0,0,0.35310042616072934,20.618832289644303,20.5,21.5
2781.0,20.338480880334515,20.644093143822573,6.310800341823588,21.0,0,0.3559068561774268,20.6160288436556,20.5,21.5
2782.0,20.335675344226814,20.64128701194874,6.30948162743468,21.0,0,0.3587129880512592,20.613225693210417,20.5,21.5
2783.0,20.332870105483455,20.638481177958102,6.308161915818548,21.0,0,0.3615188220418979,20.610422838051715,20.5,21.5
2784.0,20.33006516384552,20.635675641591227,6.306841207980211,21.0,0,0.36432435840877275,20.60762027792248,20.5,21.5
2785.0,20.32726051905435,20.632870402588953,6.305519504925446,21.0,0,0.3671295974110471,20.60481801256621,20.5,21.5
2786.0,20.324456170851523,20.630065460692354,6.304196807660784,21.0,0,0.3699345393076463,20.602016041726362,20.5,21.5
2787.0,20.321652118978886,20.627260815642767,6.302873117193521,21.0,0,0.37273918435723274,20.599214365146903,20.5,21.5
2788.0,20.318848363178528,20.624456467181783,6.301548434531702,21.0,0,0.3755435328182166,20.596412982571945,20.5,21.5
2789.0,20.3160449031928,20.621652415051237,6.300222760684132,21.0,0,0.37834758494876297,20.593611893745774,20.5,21.5
2790.0,20.313241738764297,20.61884865899323,6.298896096660368,21.0,0,0.3811513410067704,20.590811098413155,20.5,21.5
2791.0,20.310438869635878,20.6160451987501,6.297568443470722,21.0,0,0.38395480124989945,20.58801059631881,20.5,21.5
2792.0,20.307636295550644,20.613242034064452,6.296239802126262,21.0,0,0.3867579659355478,20.58521038720797,20.5,21.5
2793.0,20.30483401625196,20.61043916467914,6.294910173638804,21.0,0,0.38956083532086083,20.58241047082601,20.5,21.5
2794.0,20.302032031483435,20.607636590337265,6.29357955902092,21.0,0,0.3923634096627353,20.57961084691852,20.5,21.5
2795.0,20.29923034098894,20.60483431078219,6.292247959285929,21.0,0,0.3951656892178086,20.57681151523146,20.5,21.5
2796.0,20.296428944512602,20.602032325757534,6.290915375447901,21.0,0,0.3979676742424658,20.574012475510962,20.5,21.5
2797.0,20.293627841798788,20.599230635007164,6.28958180852166,21.0,0,0.40076936499283633,20.57121372750346,20.5,21.5
2798.0,20.290827032592134,20.5964292382752,6.288247259522773,21.0,0,0.4035707617248008,20.568415270955555,20.5,21.5
2799.0,20.28802651663752,20.593628135306012,6.286911729467557,21.0,0,0.40637186469398756,20.565617105614145,20.5,21.5
2800.0,20.285226293680086,20.590827325844245,6.285575219373079,21.0,0,0.4091726741557551,20.56281923122657,20.5,21.5
2801.0,20.282426363465223,20.588026809634766,6.284237730257146,21.0,0,0.4119731903652344,20.560021647539973,20.5,21.5
2802.0,20.27962672573858,20.585226586422724,6.282899263138316,21.0,0,0.4147734135772758,20.55722435430231,20.5,21.5
2803.0,20.27682738024606,20.58242665595351,6.2815598190358894,21.0,0,0.4175733440464917,20.55442735126135,20.5,21.5
2804.0,20.27402832673382,20.57962701797277,6.280219398969911,21.0,0,0.4203729820272315,20.55163063816537,20.5,21.5
2805.0,20.271229564948268,20.576827672226404,6.27887800396117,21.0,0,0.4231723277735959,20.54883421476276,20.5,21.5
2806.0,20.26843109463607,20.574028618460574,6.277535635031196,21.0,0,0.4259713815394264,20.54603808080227,20.5,21.5
2807.0,20.26563291554415,20.571229856421688,6.276192293202261,21.0,0,0.428770143578312,20.54324223603283,20.5,21.5
2808.0,20.26283502741968,20.56843138585641,6.2748479794973795,21.0,0,0.4315686141435897,20.540446680203633,20.5,21.5
2809.0,20.260037430010094,20.565633206511666,6.273502694940304,21.0,0,0.4343667934883335,20.53765141306423,20.5,21.5
2810.0,20.25724012306308,20.562835318134628,6.272156440555528,21.0,0,0.4371646818653723,20.53485643436424,20.5,21.5
2811.0,20.25444310632658,20.56003772047273,6.270809217368282,21.0,0,0.4399622795272684,20.53206174385377,20.5,21.5
2812.0,20.251646379548788,20.55724041327366,6.269461026404536,21.0,0,0.4427595867263392,20.529267341282953,20.5,21.5
2813.0,20.24884994247816,20.554443396285357,6.268111868690994,21.0,0,0.44555660371464256,20.526473226402324,20.5,21.5
2814.0,20.246053794863403,20.551646669256016,6.266761745255101,21.0,0,0.4483533307439842,20.5236793989626,20.5,21.5
2815.0,20.24325793645348,20.548850231934097,6.265410657125033,21.0,0,0.45114976806590334,20.520885858714905,20.5,21.5
2816.0,20.240462366997615,20.546054084068306,6.264058605329702,21.0,0,0.4539459159316941,20.5180926054104,20.5,21.5
2817.0,20.23766708624528,20.543258225407605,6.262705590898756,21.0,0,0.45674177459239473,20.5152996388006,20.5,21.5
2818.0,20.234872093946212,20.540462655701216,6.261351614862573,21.0,0,0.45953734429878423,20.51250695863732,20.5,21.5
2819.0,20.232077389850396,20.537667374698618,6.259996678252264,21.0,0,0.4623326253013822,20.509714564672638,20.5,21.5
2820.0,20.229282973708077,20.534872382149537,6.258640782099675,21.0,0,0.4651276178504631,20.506922456658728,20.5,21.5
2821.0,20.226488845269756,20.53207767780396,6.257283927437378,21.0,0,0.46792232219603846,20.504130634348208,20.5,21.5
2822.0,20.22369500428619,20.529283261412143,6.255926115298676,21.0,0,0.470716738587857,20.501339097493958,20.5,21.5
2823.0,20.22090145050839,20.526489132724578,6.254567346717604,21.0,1,0.47351086727542224,20.498547845848925,20.5,21.5
2824.0,20.238108183687633,20.527695291492023,6.2532076227289215,21.0,1,0.472304708507977,20.539756879166475,20.5,21.5
2825.0,20.25531120357544,20.532900937465495,6.251846944368118,21.0,1,0.46709906253450484,20.584957397200217,20.5,21.5
2826.0,20.2725105107236,20.542105270556267,6.25048531267141,21.0,1,0.45789472944373344,20.63414860146398,20.5,21.5
2827.0,20.28970610568399,20.555307490835826,6.249122728675739,21.0,1,0.4446925091641738,20.687329693631423,20.5,21.5
2828.0,20.30689798900859,20.572506798535866,6.247759193418773,21.0,1,0.4274932014641344,20.74449987553626,20.5,21.5
2829.0,20.324086161249472,20.58970239404824,6.246394707938901,21.0,1,0.41029760595176157,20.761658349171967,20.5,21.5
2830.0,20.34127062295881,20.606894277924912,6.2450292732752395,21.0,1,0.393105722075088,20.778813116691648,20.5,21.5
2831.0,20.358451374688872,20.624082450717967,6.2436628904676255,21.0,1,0.3759175492820326,20.79596417864852,20.5,21.5
2832.0,20.37562841699203,20.641266912979574,6.24229556055662,21.0,1,0.3587330870204255,20.813111535595645,20.5,21.5
2833.0,20.39280175042074,20.658447665262006,6.240927284583505,21.0,1,0.34155233473799385,20.830255188086323,20.5,21.5
2834.0,20.409971375527572,20.675624708117624,6.23955806359028,21.0,1,0.3243752918823759,20.847395136673804,20.5,21.5
2835.0,20.427137292865186,20.6927980420989,6.238187898619668,21.0,1,0.30720195790109983,20.86453138191166,20.5,21.5
2836.0,20.444299502986336,20.709967667758395,6.236816790715109,21.0,1,0.29003233224160496,20.881663924353344,20.5,21.5
2837.0,20.46145800644388,20.727133585648765,6.23544474092076,21.0,1,0.2728664143512347,20.898792764552468,20.5,21.5
2838.0,20.478612803790774,20.744295796322774,6.2340717502814975,21.0,1,0.2557042036772259,20.915917903062862,20.5,21.5
2839.0,20.495763895580073,20.761454300333277,6.2326978198429135,21.0,1,0.238545699666723,20.933039340438306,20.5,21.5
2840.0,20.512911282364925,20.778609098233222,6.231322950651316,21.0,1,0.22139090176677811,20.95015707723267,20.5,21.5
2841.0,20.530054964698582,20.79576019057567,6.229947143753729,21.0,1,0.20423980942432962,20.967271114000155,20.5,21.5
2842.0,20.547194943134393,20.812907577913773,6.228570400197886,21.0,1,0.18709242208622712,20.984381451294798,20.5,21.5
2843.0,20.564331218225806,20.83005126080078,6.227192721032241,21.0,1,0.1699487391992207,21.001488089670843,20.5,21.5
2844.0,20.581463790526367,20.84719123979004,6.225814107305954,21.0,1,0.15280876020996104,21.018591029682636,20.5,21.5
2845.0,20.598592660589723,20.864327515435,6.224434560068899,21.0,1,0.13567248456499925,21.03569027188462,20.5,21.5
2846.0,20.61571782896962,20.88146008828921,6.2230540803716625,21.0,1,0.11853991171079059,21.052785816831296,20.5,21.5
2847.0,20.6328392962199,20.89858895890631,6.22167266926554,21.0,1,0.10141104109369081,21.069877665077307,20.5,21.5
2848.0,20.649957062894508,20.91571412784005,6.220290327802536,21.0,1,0.0842858721599491,21.086965817177468,20.5,21.5
2849.0,20.66707112954749,20.932835595644274,6.218907057035362,21.0,1,0.06716440435572579,21.104050273686507,20.5,21.5
2850.0,20.68418149673299,20.949953362872925,6.217522858017442,21.0,1,0.05004663712707469,21.121131035159436,20.5,21.5
2851.0,20.701288165005245,20.967067430080053,6.216137731802901,21.0,1,0.03293256991994653,21.138208102151335,20.5,21.5
2852.0,20.718391134918605,20.984177797819793,6.214751679446573,21.0,1,0.0158222021802068,21.15528147521719,20.5,21.5
2853.0,20.73549040702751,21.001284466646393,6.213364702003999,21.0,1,-0.0012844666463927013,21.172351154912388,20.5,21.5
2854.0,20.752585981886504,21.018387437114196,6.211976800531422,21.0,1,-0.018387437114196103,21.18941714179223,20.5,21.5
2855.0,20.769677860050233,21.035486709777647,6.210587976085789,21.0,1,-0.03548670977764701,21.206479436412156,20.5,21.5
2856.0,20.78676604207344,21.052582285191285,6.20919822972475,21.0,1,-0.05258228519128494,21.223538039327664,20.5,21.5
2857.0,20.80385052851097,21.06967416390976,6.207807562506657,21.0,1,-0.06967416390975956,21.240592951094506,20.5,21.5
2858.0,20.82093131991777,21.086762346487813,6.2064159754905655,21.0,1,-0.08676234648781289,21.257644172268346,20.5,21.5
2859.0,20.838008416848883,21.10384683348029,6.2050234697362265,21.0,1,-0.10384683348029,21.27469170340506,20.5,21.5
2860.0,20.85508181985946,21.120927625442135,6.203630046304096,21.0,1,-0.12092762544213542,21.29173554506059,20.5,21.5
2861.0,20.872151529504748,21.138004722928393,6.202235706255328,21.0,1,-0.13800472292839316,21.30877569779097,20.5,21.5
2862.0,20.8892175463401,21.15507812649422,6.200840450651768,21.0,1,-0.15507812649422092,21.3258121621525,20.5,21.5
2863.0,20.90627987092096,21.172147836694858,6.199444280555968,21.0,1,-0.17214783669485811,21.34284493870123,20.5,21.5
2864.0,20.92333850380289,21.189213854085658,6.198047197031172,21.0,1,-0.18921385408565783,21.359874027993655,20.5,21.5
2865.0,20.940393445541535,21.206276179222076,6.196649201141318,21.0,1,-0.2062761792220762,21.37689943058626,20.5,21.5
2866.0,20.957444696692654,21.223334812659658,6.195250293951043,21.0,1,-0.22333481265965816,21.393921147035478,20.5,21.5
2867.0,20.974492257812106,21.24038975495406,6.193850476525673,21.0,1,-0.2403897549540588,21.410939177898065,20.5,21.5
2868.0,20.99153612945585,21.257441006661036,6.192449749931232,21.0,1,-0.2574410066610362,21.42795352373081,20.5,21.5
2869.0,21.008576312179944,21.274488568336448,6.191048115234433,21.0,1,-0.27448856833644797,21.444964185090566,20.5,21.5
2870.0,21.025612806540554,21.29153244053625,6.189645573502682,21.0,1,-0.29153244053625116,21.461971162534283,20.5,21.5
2871.0,21.042645613093946,21.30857262381651,6.188242125804077,21.0,1,-0.3085726238165094,21.478974456619092,20.5,21.5
2872.0,21.059674732396488,21.32560911873339,6.186837773207403,21.0,1,-0.3256091187333894,21.49597406790219,20.5,21.5
2873.0,21.07670016500465,21.342641925843147,6.185432516782136,21.0,0,-0.34264192584314657,21.51296999694072,20.5,21.5
2874.0,21.073721911475005,21.35567104570216,6.184026357598439,21.0,0,-0.35567104570215946,21.48596224429229,20.5,21.5
2875.0,21.07074397236423,21.364697278866895,6.1826192967271645,21.0,0,-0.3646972788668954,21.454959610514255,20.5,21.5
2876.0,21.067766347429103,21.369721425733925,6.18121133523985,21.0,0,-0.36972142573392475,21.419962894404218,20.5,21.5
2877.0,21.064789036426664,21.370744286539963,6.179802474208722,21.0,0,-0.3707442865399635,21.38097289460035,20.5,21.5
2878.0,21.06181203911422,21.367766661361877,6.178392714706685,21.0,0,-0.36776666136187686,21.33799040958101,20.5,21.5
2879.0,21.058835355249336,21.364789350116745,6.176982057807334,21.0,0,-0.3647893501167445,21.33501623766542,20.5,21.5
2880.0,21.055858984589847,21.361812352561866,6.175570504584947,21.0,0,-0.3618123525618664,21.332042377013085,20.5,21.5
2881.0,21.052882926893847,21.358835668454816,6.174158056114481,21.0,0,-0.35883566845481596,21.32906882738431,20.5,21.5
2882.0,21.049907181919693,21.355859297553422,6.1727447134715785,21.0,0,-0.3558592975534225,21.326095588539488,20.5,21.5
2883.0,21.046931749426005,21.352883239615778,6.171330477732562,21.0,0,-0.35288323961577817,21.323122660239335,20.5,21.5
2884.0,21.043956629171667,21.34990749440024,6.169915349974431,21.0,0,-0.3499074944002416,21.320150042244876,20.5,21.5
2885.0,21.040981820915828,21.346932061665438,6.168499331274869,21.0,0,-0.3469320616654379,21.3171777343174,20.5,21.5
2886.0,21.0380073244179,21.34395694117025,6.167082422712235,21.0,0,-0.34395694117025144,21.314205736218387,20.5,21.5
2887.0,21.03503313943756,21.340982132673826,6.165664625365567,21.0,0,-0.34098213267382604,21.311234047709572,20.5,21.5
2888.0,21.032059265734745,21.338007635935575,6.164245940314579,21.0,0,-0.3380076359355755,21.30826266855307,20.5,21.5
2889.0,21.02908570306966,21.335033450715176,6.162826368639662,21.0,0,-0.33503345071517643,21.305291598511186,20.5,21.5
2890.0,21.026112451202774,21.332059576772565,6.1614059114218795,21.0,0,-0.3320595767725649,21.30232083734645,20.5,21.5
2891.0,21.02313950989482,21.329086013867947,6.159984569742974,21.0,0,-0.329086013867947,21.299350384821768,20.5,21.5
2892.0,21.02016687890679,21.326112761761795,6.1585623446853575,21.0,0,-0.32611276176179516,21.296380240700277,20.5,21.5
2893.0,21.017194557999943,21.323139820214834,6.157139237332117,21.0,0,-0.3231398202148341,21.293410404745224,20.5,21.5
2894.0,21.01422254693581,21.320167188988062,6.155715248767011,21.0,0,-0.3201671889880622,21.290440876720343,20.5,21.5
2895.0,21.011250845476177,21.317194867842744,6.1542903800744675,21.0,0,-0.3171948678427441,21.287471656389563,20.5,21.5
2896.0,21.008279453383096,21.3142228565404,6.152864632339586,21.0,0,-0.3142228565404004,21.284502743516963,20.5,21.5
2897.0,21.005308370418888,21.311251154842818,6.151438006648138,21.0,0,-0.31125115484281807,21.281534137866995,20.5,21.5
2898.0,21.002337596346134,21.308279762512058,6.1500105040865565,21.0,0,-0.3082797625120577,21.278565839204454,20.5,21.5
2899.0,20.99936713092768,21.305308679310432,6.148582125741951,21.0,0,-0.30530867931043204,21.275597847294176,20.5,21.5
2900.0,20.996396973926643,21.302337905000524,6.147152872702093,21.0,0,-0.30233790500052393,21.272630161901443,20.5,21.5
2901.0,20.993427125106397,21.299367439345186,6.1457227460554185,21.0,0,-0.29936743934518617,21.26966278279181,20.5,21.5
2902.0,20.990457584230587,21.296397282107527,6.1442917468910325,21.0,0,-0.29639728210752736,21.26669570973094,20.5,21.5
2903.0,20.987488351063117,21.293427433050926,6.1428598762987034,21.0,0,-0.2934274330509261,21.263728942484914,20.5,21.5
2904.0,20.984519425368163,21.29045789193902,6.141427135368863,21.0,0,-0.2904578919390204,21.260762480819963,20.5,21.5
2905.0,20.981550806910164,21.287488658535725,6.139993525192606,21.0,0,-0.28748865853572525,21.257796324502774,20.5,21.5
2906.0,20.97858249545382,21.284519732605208,6.138559046861689,21.0,0,-0.284519732605208,21.254830473300036,20.5,21.5
2907.0,20.9756144907641,21.28155111391191,6.1371237014685285,21.0,0,-0.28155111391190957,21.251864926978925,20.5,21.5
2908.0,20.97264679260624,21.278582802220534,6.135687490106202,21.0,0,-0.27858280222053367,21.248899685306775,20.5,21.5
2909.0,20.96967940074574,21.27561479729605,6.1342504138684495,21.0,0,-0.27561479729605054,21.24593474805122,20.5,21.5
2910.0,20.966712314948364,21.272647098903693,6.1328124738496665,21.0,0,-0.2726470989036933,21.24297011498012,20.5,21.5
2911.0,20.963745534980145,21.269679706808958,6.131373671144904,21.0,0,-0.26967970680895803,21.240005785861605,20.5,21.5
2912.0,20.96077906060738,21.266712620777614,6.129934006849876,21.0,0,-0.26671262077761426,21.237041760464177,20.5,21.5
2913.0,20.957812891596628,21.26374584057569,6.128493482060948,21.0,0,-0.26374584057569095,21.234078038556458,20.5,21.5
2914.0,20.95484702771472,21.260779365969487,6.1270520978751435,21.0,0,-0.26077936596948703,21.231114619907448,20.5,21.5
2915.0,20.951881468728754,21.257813196725564,6.125609855390136,21.0,0,-0.25781319672556435,21.228151504286338,20.5,21.5
2916.0,20.948916214406086,21.254847332610755,6.124166755704262,21.0,0,-0.25484733261075476,21.22518869146266,20.5,21.5
2917.0,20.945951264514346,21.25188177339215,6.122722799916499,21.0,0,-0.25188177339214946,21.222226181206096,20.5,21.5
2918.0,20.942986618821426,21.248916518837106,6.121277989126483,21.0,0,-0.24891651883710608,21.219263973286672,20.5,21.5
2919.0,20.940022277095487,21.24595156871326,6.119832324434503,21.0,0,-0.2459515687132594,21.216302067474793,20.5,21.5
2920.0,20.937058239104953,21.2429869227885,6.118385806941494,21.0,0,-0.24298692278849998,21.213340463540906,20.5,21.5
2921.0,20.93409450461852,21.24002258083099,6.116938437749042,21.0,0,-0.24002258083098837,21.210379161255872,20.5,21.5
2922.0,20.931131073405147,21.237058542609148,6.115490217959381,21.0,0,-0.23705854260914805,21.207418160390745,20.5,21.5
2923.0,20.92816794523406,21.234094807891676,6.114041148675394,21.0,0,-0.23409480789167603,21.204457460716956,20.5,21.5
2924.0,20.925205119874747,21.23113137644753,6.112591231000609,21.0,0,-0.23113137644752868,21.201497062006055,20.5,21.5
2925.0,20.92224259709697,21.228168248045932,6.111140466039204,21.0,0,-0.2281682480459324,21.19853696402997,20.5,21.5
2926.0,20.91928037667076,21.225205422456376,6.109688854895999,21.0,0,-0.22520542245637643,21.195577166560817,20.5,21.5
2927.0,20.916318458366405,21.222242899448627,6.108236398676458,21.0,0,-0.22224289944862718,21.192617669371135,20.5,21.5
2928.0,20.913356841954467,21.219280678792707,6.106783098486688,21.0,0,-0.21928067879270685,21.189658472233504,20.5,21.5
2929.0,20.910395527205775,21.216318760258915,6.105328955433444,21.0,0,-0.21631876025891472,21.186699574920993,20.5,21.5
2930.0,20.90743451389142,21.213357143617806,6.103873970624116,21.0,0,-0.2133571436178059,21.183740977206718,20.5,21.5
2931.0,20.904473801782768,21.21039582864021,6.10241814516674,21.0,0,-0.210395828640209,21.18078267886424,20.5,21.5
2932.0,20.901513390651445,21.207434815097216,6.100961480169992,21.0,0,-0.20743481509721562,21.17782467966728,20.5,21.5
2933.0,20.898553280269347,21.204474102760194,6.099503976743182,21.0,0,-0.2044741027601944,21.174866979389982,20.5,21.5
2934.0,20.89559347040864,21.201513691400766,6.098045635996264,21.0,0,-0.20151369140076625,21.171909577806485,20.5,21.5
2935.0,20.89263396084176,21.198553580790833,6.096586459039828,21.0,0,-0.19855358079083274,21.168952474691498,20.5,21.5
2936.0,20.8896747513414,21.19559377070256,6.0951264469851,21.0,0,-0.19559377070255834,21.165995669819814,20.5,21.5
2937.0,20.886715841680527,21.192634260908374,6.093665600943944,21.0,0,-0.192634260908374,21.16303916296653,20.5,21.5
2938.0,20.88375723163238,21.18967505118098,6.092203922028858,21.0,0,-0.1896750511809806,21.160082953907047,20.5,21.5
2939.0,20.88079892097046,21.186716141293346,6.0907414113529725,21.0,0,-0.18671614129334557,21.157127042416995,20.5,21.5
2940.0,20.877840909468535,21.1837575310187,6.089278070030055,21.0,0,-0.18375753101869918,21.154171428272235,20.5,21.5
2941.0,20.874883196900647,21.18079922013055,6.0878138991745,21.0,0,-0.18079922013054883,21.151216111249045,20.5,21.5
2942.0,20.871925783041103,21.177841208402665,6.086348899901341,21.0,0,-0.17784120840266482,21.148261091123825,20.5,21.5
2943.0,20.868968667664475,21.174883495609084,6.084883073326238,21.0,0,-0.1748834956090839,21.145306367673275,20.5,21.5
2944.0,20.866011850545608,21.171926081524113,6.08341642056548,21.0,0,-0.17192608152411282,21.142351940674402,20.5,21.5
2945.0,20.863055331459613,21.16896896592233,6.081948942735988,21.0,0,-0.16896896592232835,21.139397809904484,20.5,21.5
2946.0,20.860099110181867,21.166012148578574,6.08048064095531,21.0,0,-0.16601214857857371,21.136443975141027,20.5,21.5
2947.0,20.85714318648802,21.163055629267955,6.079011516341621,21.0,0,-0.16305562926795503,21.133490436161768,20.5,21.5
2948.0,20.854187560153992,21.16009940776586,6.077541570013725,21.0,0,-0.16009940776585907,21.1305371927449,20.5,21.5
2949.0,20.851232230955965,21.157143483847932,6.076070803091051,21.0,0,-0.15714348384793198,21.12758424466866,20.5,21.5
2950.0,20.84827719867039,21.15418785729009,6.074599216693648,21.0,0,-0.15418785729008988,21.12463159171167,20.5,21.5
2951.0,20.845322463073995,21.151232527868512,6.0731268119421955,21.0,0,-0.15123252786851182,21.12167923365273,20.5,21.5
2952.0,20.842368023943767,21.14827749535966,6.071653589957993,21.0,0,-0.14827749535966106,21.118727170271153,20.5,21.5
2953.0,20.83941388105697,21.145322759540257,6.070179551862965,21.0,0,-0.14532275954025664,21.115775401346212,20.5,21.5
2954.0,20.83646003419113,21.142368320187288,6.068704698779653,21.0,0,-0.14236832018728762,21.112823926657597,20.5,21.5
2955.0,20.833506483124047,21.13941417707802,6.067229031831223,21.0,0,-0.13941417707802017,21.109872745985346,20.5,21.5
2956.0,20.83055322763379,21.13646032998998,6.06575255214146,21.0,0,-0.1364603299899798,21.106921859109576,20.5,21.5
2957.0,20.827600267498692,21.133506778700962,6.0642752608347665,21.0,0,-0.13350677870096206,21.103971265810785,20.5,21.5
2958.0,20.824647602497357,21.13055352298904,6.062797159036165,21.0,0,-0.13055352298903955,21.101020965869814,20.5,21.5
2959.0,20.821695232408665,21.127600562632548,6.061318247871295,21.0,0,-0.12760056263254782,21.09807095906763,20.5,21.5
2960.0,20.818743157011756,21.124647897410092,6.059838528466411,21.0,0,-0.12464789741009241,21.09512124518554,20.5,21.5
2961.0,20.815791376086047,21.12169552710054,6.058358001948381,21.0,0,-0.12169552710054177,21.092171824005035,20.5,21.5
2962.0,20.81283988941122,21.11874345148305,6.056876669444694,21.0,0,-0.11874345148304855,21.089222695308116,20.5,21.5
2963.0,20.809888696767224,21.11579167033702,6.055394532083449,21.0,0,-0.1157916703370212,21.086273858876748,20.5,21.5
2964.0,20.80693779793429,21.112840183442145,6.053911590993355,21.0,0,-0.1128401834421453,21.083325314493386,20.5,21.5
2965.0,20.8039871926929,21.109888990578373,6.05242784730374,21.0,0,-0.10988899057837287,21.08037706194065,20.5,21.5
2966.0,20.801036880823823,21.106938091525926,6.050943302144536,21.0,0,-0.10693809152592593,21.077429101001457,20.5,21.5
2967.0,20.798086862108086,21.1039874860653,6.04945795664629,21.0,0,-0.10398748606530006,21.07448143145904,20.5,21.5
2968.0,20.795137136326993,21.101037173977254,6.047971811940158,21.0,0,-0.10103717397725376,21.07153405309679,20.5,21.5
2969.0,20.792187703262115,21.09808715504282,6.046484869157903,21.0,0,-0.09808715504281906,21.068586965698472,20.5,21.5
2970.0,20.789238562695296,21.095137429043298,6.044997129431897,21.0,0,-0.09513742904329803,21.065640169048088,20.5,21.5
2971.0,20.786289714408642,21.092187995760263,6.043508593895119,21.0,0,-0.09218799576026271,21.06269366292991,20.5,21.5
2972.0,20.78334115818454,21.08923885497555,6.042019263681153,21.0,0,-0.08923885497555162,21.05974744712844,20.5,21.5
2973.0,20.78039289380564,21.08629000647128,6.040529139924188,21.0,0,-0.08629000647128038,21.056801521428568,20.5,21.5
2974.0,20.777444921054865,21.083341450029828,6.039038223759018,21.0,0,-0.08334145002982751,21.0538558856153,20.5,21.5
2975.0,20.774497239715405,21.08039318543385,6.037546516321043,21.0,0,-0.08039318543384866,21.05091053947406,20.5,21.5
2976.0,20.771549849570725,21.077445212466266,6.0360540187462615,21.0,0,-0.0774452124662659,21.04796548279044,20.5,21.5
2977.0,20.76860275040456,21.07449753091027,6.034560732171273,21.0,0,-0.07449753091027134,21.045020715350326,20.5,21.5
2978.0,20.765655942000915,21.071550140549327,6.033066657733284,21.0,0,-0.07155014054932707,21.042076236939884,20.5,21.5
2979.0,20.762709424144063,21.06860304116717,6.031571796570095,21.0,0,-0.06860304116716875,21.039132047345586,20.5,21.5
2980.0,20.759763196618547,21.0656562325478,6.030076149820108,21.0,0,-0.06565623254779851,21.036188146354096,20.5,21.5
2981.0,20.756817259209186,21.06270971447549,6.028579718622324,21.0,0,-0.06270971447548845,21.033244533752388,20.5,21.5
2982.0,20.75387161170107,21.059763486734788,6.027082504116341,21.0,0,-0.05976348673478782,21.03030120932778,20.5,21.5
2983.0,20.750926253879552,21.056817549110516,6.025584507442351,21.0,0,-0.05681754911051584,21.027358172867796,20.5,21.5
2984.0,20.747981185530264,21.053871901387758,6.024085729741143,21.0,0,-0.053871901387758214,21.024415424160182,20.5,21.5
2985.0,20.745036406439105,21.05092654335187,6.022586172154105,21.0,0,-0.050926543351870635,21.021472962992995,20.5,21.5
2986.0,20.742091916392248,21.047981474788482,6.021085835823212,21.0,0,-0.04798147478848236,21.0185307891546,20.5,21.5
2987.0,20.739147715176134,21.045036695483496,6.019584721891037,21.0,0,-0.0450366954834962,21.015588902433635,20.5,21.5
2988.0,20.736203802577478,21.042092205223078,6.018082831500743,21.0,0,-0.04209220522307788,21.012647302618895,20.5,21.5
2989.0,20.73326017838326,21.039148003793677,6.016580165796086,21.0,0,-0.03914800379367733,21.009705989499672,20.5,21.5
2990.0,20.730316842380745,21.036204090982004,6.015076725921408,21.0,0,-0.036204090982003834,21.00676496286527,20.5,21.5
2991.0,20.727373794357455,21.033260466575047,6.013572513021648,21.0,0,-0.03326046657504733,21.003824222505482,20.5,21.5
2992.0,20.724431034101187,21.030317130360054,6.012067528242327,21.0,0,-0.030317130360053568,21.000883768210116,20.5,21.5
2993.0,20.721488561400015,21.027374082124563,6.0105617727295595,21.0,0,-0.02737408212456316,20.99794359976966,20.5,21.5
2994.0,20.71854637604228,21.02443132165637,6.009055247630039,21.0,0,-0.024431321656368965,20.995003716974427,20.5,21.5
2995.0,20.715604477816598,21.021488848743537,6.007547954091053,21.0,0,-0.021488848743537403,20.992064119615222,20.5,21.5
2996.0,20.712662866511852,21.01854666317442,6.00603989326047,21.0,0,-0.01854666317441911,20.989124807483236,20.5,21.5
2997.0,20.7097215419172,21.015604764737624,6.004531066286745,21.0,0,-0.015604764737624066,20.986185780369674,20.5,21.5
2998.0,20.706780503822074,21.012663153222032,6.003021474318915,21.0,0,-0.012663153222032264,20.983247038066114,20.5,21.5
2999.0,20.703839752016172,21.00972182841681,6.0015111185066,21.0,0,-0.009721828416811462,20.980308580364603,20.5,21.5
3000.0,20.70089928628947,21.006780790111385,6.0,21.0,0,-0.006780790111385215,20.977370407057123,20.5,21.5
3001.0,20.69795910643221,21.00384003809546,5.9984881199499,21.0,0,-0.0038400380954612956,20.974432517936222,20.5,21.5
3002.0,20.695019212234914,21.000899572159007,5.996975479507661,21.0,0,-0.0008995721590068229,20.971494912794462,20.5,21.5
3003.0,20.69207960348837,20.997959392092266,5.995462079825224,21.0,0,0.002040607907733971,20.968557591424858,20.5,21.5
3004.0,20.689140279983636,20.995019497685757,5.993947922055111,21.0,0,0.004980502314243296,20.965620553620663,20.5,21.5
3005.0,20.68620124151205,20.992079888730274,5.992433007350417,21.0,0,0.007920111269726249,20.962683799175444,20.5,21.5
3006.0,20.68326248786522,20.989140565016875,5.990917336864816,21.0,0,0.010859434983125027,20.959747327882887,20.5,21.5
3007.0,20.68032401883502,20.986201526336895,5.989400911752556,21.0,0,0.013798473663104716,20.9568111395371,20.5,21.5
3008.0,20.677385834213602,20.983262772481943,5.987883733168462,21.0,0,0.01673722751805684,20.953875233932422,20.5,21.5
3009.0,20.67444793379339,20.98032430324389,5.986365802267932,21.0,0,0.019675696756110028,20.950939610863358,20.5,21.5
3010.0,20.671510317367087,20.9773861184149,5.984847120206934,21.0,0,0.02261388158510158,20.948004270124983,20.5,21.5
3011.0,20.668572984727653,20.974448217787387,5.983327688142014,21.0,0,0.025551782212613006,20.945069211512273,20.5,21.5
3012.0,20.665635935668337,20.971510601154048,5.981807507230282,21.0,0,0.028489398845952252,20.942134434820655,20.5,21.5
3013.0,20.66269916998265,20.968573268307857,5.980286578629423,21.0,0,0.03142673169214305,20.93919993984595,20.5,21.5
3014.0,20.65976268746438,20.965636219042057,5.978764903497693,21.0,0,0.03436378095794268,20.93626572638406,20.5,21.5
3015.0,20.656826487907587,20.962699453150158,5.97724248299391,21.0,0,0.037300546849841965,20.933331794231165,20.5,21.5
3016.0,20.653890571106604,20.959762970425945,5.975719318277466,21.0,0,0.04023702957405462,20.93039814318382,20.5,21.5
3017.0,20.65095493685604,20.956826770663486,5.974195410508315,21.0,0,0.043173229336513685,20.927464773038896,20.5,21.5
3018.0,20.64801958495077,20.95389085365711,5.972670760846981,21.0,0,0.04610914634288932,20.924531683593354,20.5,21.5
3019.0,20.64508451518595,20.950955219201425,5.9711453704545505,21.0,0,0.04904478079857455,20.921598874644573,20.5,21.5
3020.0,20.642149727357005,20.94801986709131,5.9696192404926745,21.0,0,0.05198013290868886,20.918666345990168,20.5,21.5
3021.0,20.639215221259633,20.945084797121915,5.968092372123567,21.0,0,0.05491520287808527,20.91573409742795,20.5,21.5
3022.0,20.636280996689806,20.94215000908867,5.966564766510006,21.0,0,0.05784999091132903,20.912802128756233,20.5,21.5
3023.0,20.63334705344377,20.93921550278727,5.9650364248153265,21.0,0,0.060784497212729605,20.909870439773265,20.5,21.5
3024.0,20.630413391318044,20.936281278013688,5.96350734820343,21.0,0,0.06371872198631223,20.90693903027786,20.5,21.5
3025.0,20.62748001010942,20.933347334564168,5.961977537838775,21.0,0,0.06665266543583215,20.90400790006897,20.5,21.5
3026.0,20.624546909614967,20.930413672235236,5.960446994886379,21.0,0,0.06958632776476392,20.90107704894592,20.5,21.5
3027.0,20.621614089632022,20.92748029082368,5.958915720511813,21.0,0,0.07251970917631922,20.898146476708128,20.5,21.5
3028.0,20.618681549958197,20.924547190126567,5.957383715881214,21.0,0,0.07545280987343261,20.895216183155433,20.5,21.5
3029.0,20.61574929039138,20.92161436994123,5.955850982161268,21.0,0,0.07838563005876864,20.89228616808787,20.5,21.5
3030.0,20.612817310729735,20.918681830065296,5.954317520519217,21.0,0,0.08131816993470409,20.88935643130594,20.5,21.5
3031.0,20.60988561077169,20.91574957029664,5.952783332122862,21.0,0,0.08425042970335994,20.88642697261008,20.5,21.5
3032.0,20.60695419031596,20.912817590433427,5.951248418140551,21.0,0,0.08718240956657297,20.883497791801297,20.5,21.5
3033.0,20.604023049161526,20.909885890274094,5.949712779741189,21.0,0,0.09011410972590639,20.88056888868076,20.5,21.5
3034.0,20.601092187107643,20.906954469617347,5.948176418094232,21.0,0,0.0930455303826534,20.877640263049877,20.5,21.5
3035.0,20.59816160395384,20.904023328262166,5.946639334369687,21.0,0,0.09597667173783364,20.874711914710364,20.5,21.5
3036.0,20.595231299499925,20.901092466007814,5.945101529738108,21.0,0,0.0989075339921861,20.87178384346429,20.5,21.5
3037.0,20.592301273545974,20.898161882653817,5.943563005370602,21.0,0,0.10183811734618331,20.868856049113845,20.5,21.5
3038.0,20.58937152589234,20.895231577999983,5.94202376243882,21.0,0,0.10476842200001713,20.865928531461645,20.5,21.5
3039.0,20.58644205633965,20.892301551846383,5.940483802114965,21.0,0,0.10769844815361651,20.86300129031039,20.5,21.5
3040.0,20.583512864688803,20.889371803993377,5.9389431255717815,21.0,0,0.11062819600662266,20.860074325463316,20.5,21.5
3041.0,20.58058395074098,20.88644233424159,5.937401733982563,21.0,0,0.11355766575841031,20.857147636723713,20.5,21.5
3042.0,20.57765531429763,20.883513142391923,5.935859628521148,21.0,0,0.11648685760807709,20.854221223895255,20.5,21.5
3043.0,20.574726955160475,20.880584228245546,5.934316810361912,21.0,0,0.11941577175445417,20.851295086781775,20.5,21.5
3044.0,20.571798873131517,20.87765559160392,5.932773280679783,21.0,0,0.1223444083960814,20.848369225187646,20.5,21.5
3045.0,20.568871068013028,20.874727232268764,5.931229040650223,21.0,0,0.12527276773123575,20.84544363891722,20.5,21.5
3046.0,20.565943539607556,20.87179915004208,5.929684091449239,21.0,0,0.12820084995792058,20.84251832777523,20.5,21.5
3047.0,20.563016287717925,20.868871344726138,5.928138434253378,21.0,0,0.1311286552738622,20.83959329156672,20.5,21.5
3048.0,20.560089312147234,20.86594381612349,5.926592070239725,21.0,0,0.13405618387650975,20.836668530097015,20.5,21.5
3049.0,20.557162612698853,20.863016564036958,5.9250450005859,21.0,0,0.1369834359630424,20.83374404317163,20.5,21.5
3050.0,20.554236189176432,20.860089588269638,5.923497226470068,21.0,0,0.13991041173036223,20.83081983059644,20.5,21.5
3051.0,20.551310041383893,20.857162888624906,5.921948749070925,21.0,0,0.14283711137509414,20.827895892177587,20.5,21.5
3052.0,20.54838416912543,20.854236464906403,5.920399569567704,21.0,0,0.14576353509359663,20.82497222772138,20.5,21.5
3053.0,20.54545857220552,20.85131031691806,5.918849689140171,21.0,0,0.14868968308194042,20.82204883703462,20.5,21.5
3054.0,20.542533250428907,20.848384444464067,5.91729910896863,21.0,0,0.1516155555359333,20.819125719924138,20.5,21.5
3055.0,20.539608203600615,20.845458847348905,5.915747830233914,21.0,0,0.15454115265109536,20.816202876197284,20.5,21.5
3056.0,20.53668343152594,20.842533525377313,5.914195854117388,21.0,0,0.15746647462268726,20.813280305661394,20.5,21.5
3057.0,20.533758934010457,20.839608478354318,5.912643181800951,21.0,0,0.16039152164568193,20.81035800812437,20.5,21.5
3058.0,20.530834710860017,20.836683706085218,5.911089814467031,21.0,0,0.1633162939147823,20.807435983394214,20.5,21.5
3059.0,20.527910761880737,20.833759208375586,5.909535753298584,21.0,0,0.16624079162441419,20.804514231279267,20.5,21.5
3060.0,20.52498708687902,20.830834985031267,5.9079809994790935,21.0,0,0.16916501496873337,20.801592751588075,20.5,21.5
3061.0,20.52206368566154,20.827911035858385,5.906425554192575,21.0,0,0.172088964141615,20.79867154412957,20.5,21.5
3062.0,20.519140558035247,20.82498736066334,5.904869418623566,21.0,0,0.17501263933666067,20.795750608712883,20.5,21.5
3063.0,20.516217703807364,20.82206395925281,5.903312593957131,21.0,0,0.17793604074719127,20.792829945147503,20.5,21.5
3064.0,20.513295122785394,20.819140831433742,5.901755081378862,21.0,0,0.18085916856625772,20.789909553243078,20.5,21.5
3065.0,20.510372814777114,20.81621797701336,5.900196882074871,21.0,0,0.18378202298664092,20.786989432809527,20.5,21.5
3066.0,20.507450779590574,20.813295395799166,5.898637997231793,21.0,0,0.186704604200834,20.784069583657235,20.5,21.5
3067.0,20.504529017034102,20.81037308759894,5.89707842803679,21.0,0,0.1896269124010601,20.78115000559668,20.5,21.5
3068.0,20.501607526916303,20.807451052220724,5.895518175677539,21.0,0,0.1925489477792759,20.778230698438566,20.5,21.5
3069.0,20.498686309046054,20.80452928947286,5.893957241342242,21.0,0,0.1954707105271396,20.775311661994223,20.5,21.5
3070.0,20.495765363232515,20.80160779916394,5.892395626219618,21.0,0,0.1983922008360608,20.772392896074727,20.5,21.5
3071.0,20.49284468928511,20.79868658110285,5.890833331498904,21.0,0,0.2013134188971506,20.76947440049195,20.5,21.5
3072.0,20.489924287013555,20.79576563509874,5.889270358369855,21.0,0,0.2042343649012608,20.766556175057637,20.5,21.5
3073.0,20.487004156227826,20.792844960961045,5.887706708022744,21.0,0,0.20715503903895538,20.7636382195841,20.5,21.5
3074.0,20.484084296738185,20.78992455849947,5.88614238164836,21.0,0,0.21007544150052837,20.76072053388374,20.5,21.5
3075.0,20.481164708355166,20.787004427524003,5.884577380438003,21.0,0,0.21299557247599665,20.75780311776932,20.5,21.5
3076.0,20.478245390889583,20.784084567844893,5.88301170558349,21.0,0,0.2159154321551071,20.75488597105379,20.5,21.5
3077.0,20.47532634415252,20.78116497927269,5.881445358277153,21.0,0,0.21883502072731176,20.751969093550642,20.5,21.5
3078.0,20.472407567955347,20.778245661618193,5.879878339711831,21.0,0,0.2217543383818068,20.749052485073243,20.5,21.5
3079.0,20.469489062109698,20.775326614692496,5.878310651080876,21.0,0,0.22467338530750425,20.74613614543552,20.5,21.5
3080.0,20.466570826427493,20.772407838306965,5.876742293578155,21.0,0,0.22759216169303542,20.743220074451653,20.5,21.5
3081.0,20.463652860720924,20.76948933227323,5.875173268398038,21.0,0,0.23051066772676876,20.740304271935898,20.5,21.5
3082.0,20.460735164802458,20.76657109640322,5.873603576735405,21.0,0,0.23342890359678137,20.737388737703093,20.5,21.5
3083.0,20.457817738484845,20.76365313050912,5.872033219785646,21.0,0,0.23634686949088035,20.73447347156813,20.5,21.5
3084.0,20.454900581581104,20.760735434403397,5.870462198744655,21.0,0,0.2392645655966028,20.731558473346173,20.5,21.5
3085.0,20.451983693904538,20.757818007898805,5.868890514808834,21.0,0,0.2421819921011945,20.72864374285289,20.5,21.5
3086.0,20.44906707526872,20.754900850808365,5.867318169175089,21.0,0,0.24509914919163478,20.725729279903963,20.5,21.5
3087.0,20.4461507254875,20.751983962945374,5.865745163040828,21.0,0,0.24801603705462583,20.722815084315464,20.5,21.5
3088.0,20.44323464437501,20.749067344123407,5.864171497603965,21.0,0,0.25093265587659275,20.719901155903738,20.5,21.5
3089.0,20.440318831745657,20.746150994156316,5.8625971740629135,21.0,0,0.25384900584368353,20.71698749448541,20.5,21.5
3090.0,20.43740328741412,20.743234912858235,5.8610221936165905,21.0,0,0.2567650871417655,20.714074099877415,20.5,21.5
3091.0,20.434488011195363,20.740319100043564,5.859446557464411,21.0,0,0.25968089995643595,20.71116097189686,20.5,21.5
3092.0,20.431573002904617,20.73740355552699,5.857870266806293,21.0,0,0.26259644447301156,20.708248110361232,20.5,21.5
3093.0,20.4286582623574,20.734488279123465,5.856293322842646,21.0,0,0.2655117208765354,20.705335515088226,20.5,21.5
3094.0,20.425743789369495,20.731573270648234,5.854715726774385,21.0,0,0.26842672935176637,20.702423185895924,20.5,21.5
3095.0,20.422829583756975,20.728658529916807,5.853137479802917,21.0,0,0.2713414700831933,20.699511122602537,20.5,21.5
3096.0,20.419915645336186,20.72574405674497,5.851558583130145,21.0,0,0.27425594325503155,20.696599325026586,20.5,21.5
3097.0,20.417001973923746,20.722829850948795,5.8499790379584695,21.0,0,0.2771701490512051,20.69368779298706,20.5,21.5
3098.0,20.414088569336553,20.719915912344625,5.848398845490781,21.0,0,0.28008408765537496,20.690776526302926,20.5,21.5
3099.0,20.411175431391783,20.717002240749082,5.846818006930464,21.0,0,0.2829977592509181,20.68786552479365,20.5,21.5
3100.0,20.40826255990689,20.714088835979066,5.8452365234813985,21.0,0,0.2859111640209342,20.684954788278905,20.5,21.5
3101.0,20.405349954699606,20.71117569785175,5.843654396347952,21.0,0,0.2888243021482495,20.682044316578597,20.5,21.5
3102.0,20.402437615587935,20.70826282618459,5.842071626734981,21.0,0,0.29173717381540953,20.67913410951299,20.5,21.5
3103.0,20.399525542390165,20.705350220795314,5.840488215847838,21.0,0,0.29464977920468627,20.676224166902546,20.5,21.5
3104.0,20.396613734924856,20.70243788150193,5.838904164892355,21.0,0,0.297562118498071,20.67331448856808,20.5,21.5
3105.0,20.39370219301085,20.69952580812272,5.837319475074857,21.0,0,0.3004741918772815,20.670405074330613,20.5,21.5
3106.0,20.390790916467264,20.696614000476252,5.835734147602153,21.0,0,0.3033859995237478,20.66749592401159,20.5,21.5
3107.0,20.38787990511349,20.69370245838136,5.834148183681542,21.0,0,0.3062975416186404,20.664587037432433,20.5,21.5
3108.0,20.384969158769202,20.69079118165717,5.832561584520803,21.0,0,0.30920881834283165,20.661678414415256,20.5,21.5
3109.0,20.382058677254353,20.687880170123073,5.830974351328199,21.0,0,0.3121198298769272,20.658770054782117,20.5,21.5
3110.0,20.379148460389167,20.684969423598737,5.829386485312479,21.0,0,0.31503057640126286,20.65586195835538,20.5,21.5
3111.0,20.376238507994152,20.682058941904113,5.82779798768287,21.0,0,0.3179410580958866,20.652954124957876,20.5,21.5
3112.0,20.37332881989009,20.679148724859434,5.826208859649083,21.0,0,0.32085127514056566,20.650046554412643,20.5,21.5
3113.0,20.370419395898043,20.6762387722852,5.82461910242131,21.0,0,0.323761227714801,20.647139246542846,20.5,21.5
3114.0,20.367510235839347,20.673329084002198,5.823028717210218,21.0,0,0.32667091599780207,20.644232201172187,20.5,21.5
3115.0,20.36460133953562,20.670419659831488,5.821437705226955,21.0,0,0.329580340168512,20.64132541812439,20.5,21.5
3116.0,20.36169270680876,20.66751049959441,5.819846067683145,21.0,0,0.33248950040558967,20.638418897223634,20.5,21.5
3117.0,20.358784337480934,20.66460160311258,5.818253805790892,21.0,0,0.33539839688742035,20.635512638294273,20.5,21.5
3118.0,20.355876231374594,20.661692970207888,5.81666092076277,21.0,0,0.33830702979211225,20.63260664116097,20.5,21.5
3119.0,20.352968388312473,20.658784600702514,5.815067413811832,21.0,0,0.3412153992974858,20.62970090564878,20.5,21.5
3120.0,20.350060808117572,20.655876494418905,5.813473286151601,21.0,0,0.34412350558109495,20.626795431582813,20.5,21.5
3121.0,20.347153490613177,20.652968651179787,5.811878538996076,21.0,0,0.347031348820213,20.623890218788606,20.5,21.5
3122.0,20.344246435622853,20.65006107080817,5.810283173559725,21.0,0,0.3499389291918291,20.62098526709201,20.5,21.5
3123.0,20.34133964297044,20.647153753127338,5.80868719105749,21.0,0,0.3528462468726623,20.618080576319006,20.5,21.5
3124.0,20.338433112480057,20.644246697960856,5.80709059270478,21.0,0,0.3557533020391439,20.61517614629604,20.5,21.5
3125.0,20.3355268439761,20.64133990513256,5.805493379717475,21.0,0,0.3586600948674388,20.612271976849613,20.5,21.5
3126.0,20.33262083728325,20.63843337446658,5.8038955533119205,21.0,0,0.36156662553342045,20.609368067806763,20.5,21.5
3127.0,20.329715092226458,20.635527105787297,5.802297114704932,21.0,0,0.3644728942127031,20.60646441899447,20.5,21.5
3128.0,20.326809608630953,20.6326210989194,5.80069806511379,21.0,0,0.367378901080599,20.603561030240442,20.5,21.5
3129.0,20.323904386322248,20.62971535368784,5.79909840575624,21.0,0,0.37028464631216096,20.60065790137222,20.5,21.5
3130.0,20.320999425126136,20.62680986991785,5.797498137850493,21.0,0,0.3731901300821505,20.597755032217954,20.5,21.5
3131.0,20.31809472486868,20.623904647434934,5.795897262615221,21.0,0,0.3760953525650663,20.594852422605776,20.5,21.5
3132.0,20.31519028537623,20.620999686064888,5.794295781269561,21.0,0,0.37900031393511213,20.59195007236443,20.5,21.5
3133.0,20.31228610647541,20.618094985633782,5.792693695033112,21.0,0,0.38190501436621815,20.58904798132272,20.5,21.5
3134.0,20.30938218799312,20.615190545967955,5.79109100512593,21.0,0,0.3848094540320446,20.58614614930969,20.5,21.5
3135.0,20.306478529756546,20.612286366894033,5.789487712768534,21.0,0,0.3877136331059674,20.583244576154804,20.5,21.5
3136.0,20.30357513159315,20.609382448238925,5.787883819181903,21.0,0,0.3906175517610748,20.58034326168785,20.5,21.5
3137.0,20.300671993330667,20.606478789829815,5.7862793255874685,21.0,0,0.39352121017018504,20.577442205738713,20.5,21.5
3138.0,20.29776911479712,20.603575391494154,5.784674233207123,21.0,0,0.39642460850584627,20.57454140813754,20.5,21.5
3139.0,20.294866495820802,20.60067225305969,5.783068543263215,21.0,0,0.39932774694030826,20.571640868715072,20.5,21.5
3140.0,20.29196413623029,20.597769374354442,5.781462256978547,21.0,0,0.4022306256455579,20.568740587301946,20.5,21.5
3141.0,20.289062035854442,20.594866755206702,5.7798553755763775,21.0,0,0.4051332447932978,20.565840563729303,20.5,21.5
3142.0,20.286160194522388,20.591964395445046,5.778247900280412,21.0,0,0.4080356045549536,20.56294079782849,20.5,21.5
3143.0,20.28325861206354,20.589062294898334,5.776639832314818,21.0,0,0.4109377051016665,20.560041289431204,20.5,21.5
3144.0,20.28035728830759,20.58616045339569,5.775031172904207,21.0,0,0.41383954660431144,20.55714203836924,20.5,21.5
3145.0,20.27745622308451,20.583258870766535,5.773421923273641,21.0,0,0.41674112923346485,20.554243044475,20.5,21.5
3146.0,20.274555416224548,20.580357546840556,5.771812084648637,21.0,0,0.4196424531594438,20.551344307580766,20.5,21.5
3147.0,20.271654867558233,20.577456481447726,5.770201658255157,21.0,0,0.4225435185522741,20.548445827519423,20.5,21.5
3148.0,20.268754576916372,20.574555674418292,5.768590645319607,21.0,0,0.42544432558170797,20.545547604123954,20.5,21.5
3149.0,20.265854544130054,20.571655125582783,5.766979047068848,21.0,0,0.4283448744172169,20.542649637227694,20.5,21.5
3150.0,20.262954769030642,20.568754834772008,5.76536686473018,21.0,0,0.43124516522799183,20.53975192666426,20.5,21.5
3151.0,20.26005525144978,20.565854801817057,5.763754099531349,21.0,0,0.43414519818294295,20.536854472267546,20.5,21.5
3152.0,20.2571559912194,20.56295502654929,5.762140752700549,21.0,0,0.43704497345071047,20.533957273871614,20.5,21.5
3153.0,20.254256988171694,20.560055508800353,5.76052682546641,21.0,0,0.43994449119964685,20.53106033131099,20.5,21.5
3154.0,20.25135824213915,20.557156248402173,5.758912319058011,21.0,0,0.4428437515978274,20.528163644420367,20.5,21.5
3155.0,20.248459752954535,20.554257245186953,5.757297234704866,21.0,0,0.4457427548130468,20.52526721303476,20.5,21.5
3156.0,20.245561520450885,20.551358498987174,5.7556815736369344,21.0,0,0.4486415010128262,20.52237103698938,20.5,21.5
3157.0,20.24266354446152,20.548460009635598,5.7540653370846115,21.0,0,0.4515399903644024,20.519475116119835,20.5,21.5
3158.0,20.239765824820047,20.54556177696527,5.752448526278731,21.0,0,0.4544382230347317,20.516579450261975,20.5,21.5
3159.0,20.23686836136034,20.54266380080951,5.750831142450567,21.0,0,0.4573361991904896,20.51368403925193,20.5,21.5
3160.0,20.23397115391656,20.539766081001915,5.749213186831825,21.0,0,0.4602339189980853,20.510788882925958,20.5,21.5
3161.0,20.231074202323143,20.536868617376363,5.747594660654649,21.0,0,0.4631313826236365,20.50789398112085,20.5,21.5
3162.0,20.22817750641481,20.533971409767023,5.745975565151618,21.0,0,0.4660285902329768,20.50499933367362,20.5,21.5
3163.0,20.225281066026557,20.531074458008323,5.744355901555744,21.0,0,0.4689255419916769,20.502104940421322,20.5,21.5
3164.0,20.222384880993662,20.528177761934984,5.742735671100471,21.0,1,0.4718222380650161,20.499210801201592,20.5,21.5
3165.0,20.23948895115168,20.52928132138201,5.741114875019672,21.0,1,0.47071867861799177,20.54031691585225,20.5,21.5
3166.0,20.256589276336456,20.53438433618467,5.739493514547659,21.0,1,0.46561566381533126,20.585414484211274,20.5,21.5
3167.0,20.2736858571841,20.54348600633853,5.737871590919164,21.0,1,0.4565139936614706,20.634502707877136,20.5,21.5
3168.0,20.290778694330847,20.55658553199939,5.736249105369356,21.0,1,0.44341446800061135,20.68758078860798,20.5,21.5
3169.0,20.307867788413056,20.573682113483265,5.734626059133826,21.0,1,0.42631788651673475,20.74464792832203,20.5,21.5
3170.0,20.3249531400672,20.590774951266372,5.733002453448595,21.0,1,0.40922504873362797,20.76170332909744,20.5,21.5
3171.0,20.342034749929876,20.607864045985057,5.731378289550109,21.0,1,0.39213595401494317,20.778754993171905,20.5,21.5
3172.0,20.359112618637802,20.624949398275795,5.729753568675239,21.0,1,0.37505060172420457,20.79580292118318,20.5,21.5
3173.0,20.37618674682781,20.642031008775188,5.728128292061283,21.0,1,0.35796899122481207,20.812847113769113,20.5,21.5
3174.0,20.393257135136857,20.659108878119948,5.726502460945958,21.0,1,0.3408911218800519,20.82988757156755,20.5,21.5
3175.0,20.410323784202017,20.67618300694691,5.724876076567403,21.0,1,0.3238169930530894,20.846924295216535,20.5,21.5
3176.0,20.42738669466049,20.693253395893034,5.723249140164185,21.0,1,0.30674660410696575,20.86395728535427,20.5,21.5
3177.0,20.444445867149593,20.71032004559539,5.721621652975284,21.0,1,0.28967995440460825,20.880986542618967,20.5,21.5
3178.0,20.461501302306758,20.72738295669118,5.719993616240102,21.0,1,0.27261704330882,20.898012067649063,20.5,21.5
3179.0,20.478553000769544,20.74444212981772,5.718365031198462,21.0,1,0.2555578701822796,20.915033861083124,20.5,21.5
3180.0,20.49560096317563,20.76149756561244,5.716735899090601,21.0,1,0.23850243438755925,20.932051923559644,20.5,21.5
3181.0,20.51264519016281,20.778549264712904,5.715106221157173,21.0,1,0.22145073528709602,20.949066255717536,20.5,21.5
3182.0,20.52968568236901,20.79559722775679,5.71347599863925,21.0,1,0.2044027722432098,20.966076858195652,20.5,21.5
3183.0,20.546722440432266,20.81264145538189,5.711845232778318,21.0,1,0.1873585446181103,20.983083731632885,20.5,21.5
3184.0,20.563755464990734,20.829681948226128,5.710213924816274,21.0,1,0.17031805177387227,21.000086876668508,20.5,21.5
3185.0,20.5807847566827,20.84671870692754,5.708582075995432,21.0,1,0.1532812930724603,21.01708629394166,20.5,21.5
3186.0,20.597810316146564,20.863751732124292,5.706949687558515,21.0,1,0.13624826787570754,21.03408198409182,20.5,21.5
3187.0,20.614832144020845,20.88078102445466,5.705316760748657,21.0,1,0.11921897554534056,21.05107394775833,20.5,21.5
3188.0,20.63185024094419,20.897806584557042,5.703683296809404,21.0,1,0.10219341544295801,21.068062185580867,20.5,21.5
3189.0,20.64886460755536,20.91482841306997,5.702049296984709,21.0,1,0.08517158693003068,21.085046698199243,20.5,21.5
3190.0,20.665875244493247,20.931846510632077,5.700414762518935,21.0,1,0.06815348936792276,21.102027486253156,20.5,21.5
3191.0,20.682882152396854,20.948860877882137,5.69877969465685,21.0,1,0.05113912211786342,21.11900455038273,20.5,21.5
3192.0,20.699885331905307,20.96587151545903,5.6971440946436305,21.0,1,0.034128484540971726,21.135977891227945,20.5,21.5
3193.0,20.716884783657854,20.98287842400176,5.6955079637248565,21.0,1,0.017121575998238825,21.15294750942909,20.5,21.5
3194.0,20.73388050829387,20.99988160414946,5.693871303146511,21.0,1,0.00011839585053863289,21.169913405626463,20.5,21.5
3195.0,20.75087250645284,21.016881056541383,5.692234114154986,21.0,1,-0.016881056541382833,21.186875580460597,20.5,21.5
3196.0,20.76786077877438,21.03387678181689,5.69059639799707,21.0,1,-0.03387678181688969,21.20383403457196,20.5,21.5
3197.0,20.784845325898225,21.050868780615474,5.688958155919955,21.0,1,-0.05086878061547395,21.220788768601317,20.5,21.5
3198.0,20.80182614846423,21.06785705357675,5.687319389171233,21.0,1,-0.06785705357674843,21.237739783189493,20.5,21.5
3199.0,20.81880324711237,21.084841601340447,5.685680098998897,21.0,1,-0.08484160134044672,21.25468707897743,20.5,21.5
3200.0,20.835776622482747,21.10182242454643,5.684040286651338,21.0,1,-0.10182242454643031,21.271630656606266,20.5,21.5
3201.0,20.85274627521558,21.118799523834667,5.6823999533773435,21.0,1,-0.1187995238346673,21.288570516717037,20.5,21.5
3202.0,20.869712205951213,21.135772899845264,5.6807591004261,21.0,1,-0.1357728998452643,21.305506659951234,20.5,21.5
3203.0,20.88667441533011,21.152742553218438,5.679117729047189,21.0,1,-0.1527425532184381,21.322439086950176,20.5,21.5
3204.0,20.903632903992854,21.169708484594537,5.677475840490582,21.0,1,-0.1697084845945369,21.339367798355525,20.5,21.5
3205.0,20.920587672580155,21.186670694614016,5.675833436006654,21.0,1,-0.18667069461401553,21.3562927948088,20.5,21.5
3206.0,20.93753872173284,21.203629183917467,5.674190516846164,21.0,1,-0.20362918391746732,21.373214076951985,20.5,21.5
3207.0,20.954486052091863,21.2205839531456,5.672547084260269,21.0,1,-0.2205839531455993,21.39013164542692,20.5,21.5
3208.0,20.971429664298295,21.237535002939232,5.67090313950051,21.0,1,-0.23753500293923224,21.40704550087556,20.5,21.5
3209.0,20.988369558993334,21.25448233393933,5.669258683818827,21.0,1,-0.25448233393932895,21.423955643940296,20.5,21.5
3210.0,21.0053057368183,21.27142594678696,5.667613718467543,21.0,1,-0.27142594678695886,21.440862075263258,20.5,21.5
3211.0,21.02223819841463,21.28836584212332,5.665968244699369,21.0,1,-0.2883658421233193,21.457764795486924,20.5,21.5
3212.0,21.039166944423886,21.30530202058972,5.664322263767406,21.0,1,-0.3053020205897212,21.47466380525374,20.5,21.5
3213.0,21.056091975487757,21.322234482827614,5.662675776925143,21.0,1,-0.32223448282761424,21.491559105206544,20.5,21.5
3214.0,21.073013292248046,21.339163229478554,5.6610287854264465,21.0,0,-0.3391632294785545,21.508450695987957,20.5,21.5
3215.0,21.06993089534668,21.352088261184228,5.659381290525575,21.0,0,-0.3520882611842282,21.481338578240965,20.5,21.5
3216.0,21.066848785425716,21.36101037858645,5.6577332934771665,21.0,0,-0.3610103785864496,21.450231552608663,20.5,21.5
3217.0,21.063766962327325,21.365930382167143,5.656084795536243,21.0,0,-0.3659303821671429,21.415130417974076,20.5,21.5
3218.0,21.060685425893965,21.36684907224838,5.654435797958208,21.0,0,-0.3668490722483817,21.37603597306077,20.5,21.5
3219.0,21.05760417596838,21.36376724899245,5.6527863019988445,21.0,0,-0.36376724899244905,21.332949016433123,20.5,21.5
3220.0,21.054523212393587,21.360685712401832,5.651136308914314,21.0,0,-0.3606857124018319,21.32987034649566,20.5,21.5
3221.0,21.051442535012892,21.35760446231927,5.649485819961159,21.0,0,-0.35760446231926935,21.326791961493644,20.5,21.5
3222.0,21.04836214366988,21.35452349858778,5.647834836396299,21.0,0,-0.3545234985877812,21.3237138612729,20.5,21.5
3223.0,21.045282038208427,21.351442821050675,5.64618335947703,21.0,0,-0.35144282105067504,21.320636045679613,20.5,21.5
3224.0,21.04220221847268,21.34836242955154,5.644531390461022,21.0,0,-0.34836242955153907,21.31755851456018,20.5,21.5
3225.0,21.039122684307078,21.345282323934235,5.642878930606323,21.0,0,-0.3452823239342351,21.314481267761195,20.5,21.5
3226.0,21.036043435556337,21.342202504042927,5.6412259811713525,21.0,0,-0.34220250404292685,21.311404305129845,20.5,21.5
3227.0,21.03296447206546,21.339122969722048,5.639572543414903,21.0,0,-0.33912296972204814,21.30832762651326,20.5,21.5
3228.0,21.02988579367973,21.336043720816306,5.63791861859614,21.0,0,-0.3360437208163063,21.305251231758888,20.5,21.5
3229.0,21.02680740024471,21.33296475717071,5.636264207974599,21.0,0,-0.3329647571707106,21.302175120714754,20.5,21.5
3230.0,21.023729291606255,21.329886078630544,5.634609312810185,21.0,0,-0.329886078630544,21.299099293228878,20.5,21.5
3231.0,21.020651467610495,21.32680768504138,5.632953934363172,21.0,0,-0.3268076850413806,21.296023749149747,20.5,21.5
3232.0,21.017573928103847,21.323729576249058,5.631298073894206,21.0,0,-0.3237295762490575,21.292948488325827,20.5,21.5
3233.0,21.014496672933006,21.320651752099714,5.629641732664292,21.0,0,-0.32065175209971386,21.289873510606277,20.5,21.5
3234.0,21.011419701944952,21.317574212439762,5.627984911934809,21.0,0,-0.31757421243976225,21.286798815840246,20.5,21.5
3235.0,21.00834301498695,21.3144969571159,5.6263276129675,21.0,0,-0.31449695711589953,21.283724403877272,20.5,21.5
3236.0,21.005266611906546,21.311419985975114,5.624669837024466,21.0,0,-0.3114199859751139,21.280650274567257,20.5,21.5
3237.0,21.00219049255157,21.308343298864656,5.623011585368176,21.0,0,-0.3083432988646564,21.27757642776008,20.5,21.5
3238.0,20.999114656770132,21.30526689563208,5.621352859261464,21.0,0,-0.3052668956320801,21.274502863306317,20.5,21.5
3239.0,20.99603910441063,21.302190776125215,5.619693659967519,21.0,0,-0.30219077612521517,21.271429581056566,20.5,21.5
3240.0,20.992963835321742,21.299114940192176,5.618033988749896,21.0,0,-0.299114940192176,21.268356580861784,20.5,21.5
3241.0,20.98988884935243,21.29603938768135,5.616373846872504,21.0,0,-0.2960393876813505,21.265283862573096,20.5,21.5
3242.0,20.986814146351932,21.29296411844142,5.6147132355996145,21.0,0,-0.29296411844142156,21.262211426042132,20.5,21.5
3243.0,20.98373972616978,21.289889132321353,5.613052156195856,21.0,0,-0.2898891323213526,21.259139271120663,20.5,21.5
3244.0,20.980665588655786,21.286814429170384,5.611390609926211,21.0,0,-0.28681442917038424,21.2560673976607,20.5,21.5
3245.0,20.977591733660038,21.283740008838045,5.609728598056021,21.0,0,-0.28374000883804484,21.25299580551465,20.5,21.5
3246.0,20.97451816103292,21.280665871174143,5.608066121850982,21.0,0,-0.28066587117414343,21.24992449453513,20.5,21.5
3247.0,20.97144487062508,21.277592016028773,5.606403182577136,21.0,0,-0.27759201602877326,21.24685346457507,20.5,21.5
3248.0,20.968371862287473,21.274518443252312,5.604739781500889,21.0,0,-0.2745184432523118,21.243782715487697,20.5,21.5
3249.0,20.965299135871316,21.271445152695417,5.603075919888992,21.0,0,-0.27144515269541714,21.24071224712647,20.5,21.5
3250.0,20.962226691228118,21.268372144209035,5.601411599008546,21.0,0,-0.2683721442090352,21.237642059345216,20.5,21.5
3251.0,20.959154528209673,21.26529941764439,5.599746820127007,21.0,0,-0.265299417644389,21.234572151997927,20.5,21.5
3252.0,20.956082646668058,21.262226972852982,5.598081584512174,21.0,0,-0.26222697285298224,21.231502524938914,20.5,21.5
3253.0,20.953011046455625,21.259154809686613,5.596415893432197,21.0,0,-0.2591548096866134,21.228433178022925,20.5,21.5
3254.0,20.949939727425022,21.25608292799735,5.5947497481555715,21.0,0,-0.2560829279973511,21.225364111104728,20.5,21.5
3255.0,20.946868689429166,21.25301132763756,5.593083149951142,21.0,0,-0.25301132763755874,21.222295324039635,20.5,21.5
3256.0,20.94379793232127,21.24994000845988,5.591416100088093,21.0,0,-0.2499400084598804,21.219226816683097,20.5,21.5
3257.0,20.940727455954825,21.24686897031723,5.589748599835958,21.0,0,-0.2468689703172302,21.21615858889073,20.5,21.5
3258.0,20.937657260183602,21.243798213062828,5.588080650464608,21.0,0,-0.24379821306282778,21.213090640518804,20.5,21.5
3259.0,20.934587344861658,21.240727736550156,5.586412253244261,21.0,0,-0.24072773655015567,21.210022971423435,20.5,21.5
3260.0,20.931517709843334,21.237657540632988,5.5847434094454735,21.0,0,-0.23765754063298772,21.206955581461308,20.5,21.5
3261.0,20.928448354983253,21.234587625165386,5.583074120339143,21.0,0,-0.23458762516538556,21.203888470489364,20.5,21.5
3262.0,20.925379280136323,21.231517990001684,5.581404387196506,21.0,0,-0.23151799000168438,21.200821638364673,20.5,21.5
3263.0,20.922310485157734,21.22844863499651,5.579734211289136,21.0,0,-0.2284486349965107,21.197755084944774,20.5,21.5
3264.0,20.91924196990296,21.225379560004768,5.578063593888944,21.0,0,-0.2253795600047681,21.194688810087342,20.5,21.5
3265.0,20.916173734227755,21.22231076488165,5.5763925362681785,21.0,0,-0.22231076488165158,21.191622813650486,20.5,21.5
3266.0,20.913105777988164,21.219242249482633,5.5747210396994245,21.0,0,-0.21924224948263316,21.18855709549245,20.5,21.5
3267.0,20.910038101040506,21.21617401366347,5.573049105455596,21.0,0,-0.2161740136634691,21.18549165547183,20.5,21.5
3268.0,20.906970703241388,21.2131060572802,5.571376734809948,21.0,0,-0.21310605728019993,21.182426493447508,20.5,21.5
3269.0,20.9039035844477,21.21003838018915,5.569703929036059,21.0,0,-0.21003838018915033,21.179361609278654,20.5,21.5
3270.0,20.900836744516617,21.206970982246922,5.568030689407845,21.0,0,-0.20697098224692212,21.17629700282464,20.5,21.5
3271.0,20.897770183305596,21.20390386331041,5.566357017199552,21.0,0,-0.20390386331040844,21.17323267394527,20.5,21.5
3272.0,20.894703900672376,21.200837023236783,5.564682913685753,21.0,0,-0.2008370232367831,21.17016862250053,20.5,21.5
3273.0,20.89163789647498,21.197770461883504,5.563008380141352,21.0,0,-0.1977704618835041,21.167104848350714,20.5,21.5
3274.0,20.888572170571713,21.194704179108307,5.561333417841576,21.0,0,-0.19470417910830662,21.16404135135633,20.5,21.5
3275.0,20.885506722821166,21.191638174769217,5.5596580280619845,21.0,0,-0.19163817476921707,21.16097813137832,20.5,21.5
3276.0,20.882441553082213,21.18857244872454,5.557982212078459,21.0,0,-0.18857244872453904,21.15791518827776,20.5,21.5
3277.0,20.879376661214014,21.185507000832864,5.556305971167205,21.0,0,-0.18550700083286387,21.154852521916112,20.5,21.5
3278.0,20.876312047076006,21.18244183095307,5.554629306604755,21.0,0,-0.18244183095307065,21.15179013215514,20.5,21.5
3279.0,20.873247710527913,21.17937693894431,5.552952219667962,21.0,0,-0.1793769389443085,21.148728018856687,20.5,21.5
3280.0,20.87018365142974,21.176312324666025,5.551274711633998,21.0,0,-0.17631232466602498,21.14566618188319,20.5,21.5
3281.0,20.867119869641783,21.173247987977938,5.549596783780362,21.0,0,-0.1732479879779376,21.142604621097064,20.5,21.5
3282.0,20.86405636502461,21.170183928740055,5.547918437384865,21.0,0,-0.17018392874005528,21.139543336361232,20.5,21.5
3283.0,20.86099313743908,21.16712014681267,5.546239673725643,21.0,0,-0.16712014681267107,21.13648232753883,20.5,21.5
3284.0,20.857930186746337,21.164056642056355,5.544560494081149,21.0,0,-0.16405664205635517,21.133421594493196,20.5,21.5
3285.0,20.854867512807804,21.160993414331966,5.542880899730149,21.0,0,-0.16099341433196557,21.13036113708807,20.5,21.5
3286.0,20.85180511548519,21.157930463500648,5.541200891951728,21.0,0,-0.157930463500648,21.127300955187472,20.5,21.5
3287.0,20.84874299464048,21.154867789423825,5.539520472025284,21.0,0,-0.15486778942382529,21.1242410486556,20.5,21.5
3288.0,20.84568115013596,21.1518053919632,5.537839641230532,21.0,0,-0.15180539196320098,21.121181417356958,20.5,21.5
3289.0,20.842619581834178,21.148743270980766,5.536158400847496,21.0,0,-0.14874327098076634,21.11812206115642,20.5,21.5
3290.0,20.83955828959798,21.145681426338804,5.534476752156514,21.0,0,-0.145681426338804,21.11506297991918,20.5,21.5
3291.0,20.836497273290494,21.142619857899867,5.532794696438235,21.0,0,-0.14261985789986653,21.112004173510492,20.5,21.5
3292.0,20.833436532775124,21.13955856552679,5.531112234973618,21.0,0,-0.1395585655267908,21.108945641796033,20.5,21.5
3293.0,20.830376067915562,21.136497549082712,5.529429369043929,21.0,0,-0.13649754908271206,21.105887384641925,20.5,21.5
3294.0,20.82731587857579,21.133436808431036,5.527746099930746,21.0,0,-0.13343680843103556,21.10282940191427,20.5,21.5
3295.0,20.82425596462006,21.13037634343545,5.52606242891595,21.0,0,-0.1303763434354508,21.099771693479603,20.5,21.5
3296.0,20.821196325912922,21.127316153959935,5.52437835728173,21.0,0,-0.127316153959935,21.096714259204777,20.5,21.5
3297.0,20.818136962319194,21.12425623986875,5.522693886310579,21.0,0,-0.12425623986874967,21.093657098956896,20.5,21.5
3298.0,20.81507787370399,21.121196601026437,5.521009017285297,21.0,0,-0.12119660102643692,21.09060021260331,20.5,21.5
3299.0,20.81201905993271,21.118137237297823,5.519323751488983,21.0,0,-0.1181372372978231,21.087543600011685,20.5,21.5
3300.0,20.80896052087102,21.115078148548015,5.5176380902050415,21.0,0,-0.11507814854801524,21.084487261049937,20.5,21.5
3301.0,20.80590225638489,21.112019334642408,5.515952034717177,21.0,0,-0.1120193346424081,21.081431195586337,20.5,21.5
3302.0,20.802844266340557,21.10896079544668,5.514265586309393,21.0,0,-0.10896079544668069,21.078375403489407,20.5,21.5
3303.0,20.79978655060455,21.10590253082679,5.512578746265993,21.0,0,-0.10590253082678913,21.075319884627874,20.5,21.5
3304.0,20.796729109043685,21.102844540648984,5.510891515871581,21.0,0,-0.1028445406489844,21.072264638870937,20.5,21.5
3305.0,20.79367194152505,21.09978682477979,5.509203896411055,21.0,0,-0.09978682477979106,21.069209666087858,20.5,21.5
3306.0,20.790615047916027,21.096729383086018,5.507515889169611,21.0,0,-0.09672938308601786,21.066154966148286,20.5,21.5
3307.0,20.787558428084278,21.09367221543476,5.50582749543274,21.0,0,-0.09367221543476134,21.063100538922196,20.5,21.5
3308.0,20.78450208189775,21.090615321693402,5.504138716486228,21.0,0,-0.09061532169340225,21.06004638427981,20.5,21.5
3309.0,20.781446009224666,21.0875587017296,5.5024495536161515,21.0,0,-0.08755870172959845,21.05699250209156,20.5,21.5
3310.0,20.778390209933544,21.084502355411296,5.500760008108883,21.0,0,-0.08450235541129558,21.053938892228267,20.5,21.5
3311.0,20.775334683893178,21.081446282606727,5.499070081251085,21.0,0,-0.08144628260672704,21.05088555456104,20.5,21.5
3312.0,20.77227943097265,21.0783904831844,5.49737977432971,21.0,0,-0.07839048318439978,21.047832488961127,20.5,21.5
3313.0,20.76922445104132,21.075334957013116,5.495689088632,21.0,0,-0.07533495701311566,21.044779695300274,20.5,21.5
3314.0,20.766169743968838,21.07227970396195,5.493998025445486,21.0,0,-0.07227970396195005,21.041727173450294,20.5,21.5
3315.0,20.763115309625135,21.06922472390027,5.492306586057986,21.0,0,-0.06922472390026968,21.038674923283466,20.5,21.5
3316.0,20.76006114788042,21.06617001669772,5.490614771757604,21.0,0,-0.06617001669771838,21.035622944672205,20.5,21.5
3317.0,20.757007258605196,21.063115582224224,5.488922583832734,21.0,0,-0.0631155822242242,21.032571237489282,20.5,21.5
3318.0,20.75395364167024,21.060061420350007,5.487230023572046,21.0,0,-0.0600614203500065,21.02951980160783,20.5,21.5
3319.0,20.75090029694662,21.05700753094556,5.485537092264499,21.0,0,-0.05700753094556177,21.026468636901114,20.5,21.5
3320.0,20.747847224305684,21.053953913881674,5.483843791199336,21.0,0,-0.053953913881674254,21.0234177432428,20.5,21.5
3321.0,20.744794423619062,21.0509005690294,5.482150121666077,21.0,0,-0.050900569029401765,21.020367120506677,20.5,21.5
3322.0,20.741741894758672,21.047847496260097,5.480456084954528,21.0,0,-0.04784749626009699,21.01731676856705,20.5,21.5
3323.0,20.73868963759671,21.044794695445393,5.478761682354769,21.0,0,-0.04479469544539327,21.014266687298356,20.5,21.5
3324.0,20.73563765200566,21.0417421664572,5.477066915157162,21.0,0,-0.04174216645720108,21.01121687657528,20.5,21.5
3325.0,20.732585937858293,21.038689909167722,5.475371784652347,21.0,0,-0.03868990916772219,21.008167336272933,20.5,21.5
3326.0,20.72953449502765,21.035637923449436,5.473676292131238,21.0,0,-0.035637923449435505,21.00511806626657,20.5,21.5
3327.0,20.726483323387072,21.032586209175115,5.471980438885026,21.0,0,-0.03258620917511479,21.002069066431908,20.5,21.5
3328.0,20.72343242281017,21.029534766217807,5.47028422620518,21.0,0,-0.029534766217807373,20.999020336644733,20.5,21.5
3329.0,20.720381793170848,21.026483594450845,5.468587655383438,21.0,0,-0.026483594450844805,20.99597187678122,20.5,21.5
3330.0,20.71733143434329,21.023432693747843,5.466890727711811,21.0,0,-0.023432693747842848,20.992923686717823,20.5,21.5
3331.0,20.714281346201965,21.02038206398271,5.465193444482585,21.0,0,-0.020382063982708587,20.989875766331366,20.5,21.5
3332.0,20.71123152862162,21.01733170502962,5.463495806988314,21.0,0,-0.017331705029619116,20.986828115498724,20.5,21.5
3333.0,20.708181981477296,21.014281616763043,5.461797816521824,21.0,0,-0.014281616763042848,20.98378073409728,20.5,21.5
3334.0,20.705132704644303,21.011231799057732,5.460099474376209,21.0,0,-0.011231799057732417,20.980733622004628,20.5,21.5
3335.0,20.702083697998248,21.00818225178872,5.458400781844829,21.0,0,-0.008182251788721118,20.977686779098608,20.5,21.5
3336.0,20.699034961415016,21.005132974831334,5.456701740221312,21.0,0,-0.00513297483133357,20.974640205257458,20.5,21.5
3337.0,20.69598649477078,21.002083968061164,5.455002350799552,21.0,0,-0.0020839680611643985,20.971593900359473,20.5,21.5
3338.0,20.692938297941986,20.999035231354103,5.45330261487371,21.0,0,0.0009647686458968963,20.96854786428349,20.5,21.5
3339.0,20.689890370805372,20.995986764586313,5.451602533738207,21.0,0,0.004013235413687255,20.96550209690841,20.5,21.5
3340.0,20.686842713237958,20.99293856763426,5.449902108687731,21.0,0,0.007061432365741638,20.962456598113715,20.5,21.5
3341.0,20.68379532511705,20.989890640374664,5.448201341017226,21.0,0,0.010109359625335657,20.959411367778724,20.5,21.5
3342.0,20.680748206320228,20.986842982684557,5.4465002320219025,21.0,0,0.013157017315442943,20.956366405783484,20.5,21.5
3343.0,20.67770135672537,20.98379559444123,5.44479878299723,21.0,0,0.016204405558770674,20.953321712007952,20.5,21.5
3344.0,20.674654776210623,20.980748475522283,5.4430969952389345,21.0,0,0.01925152447771694,20.95027728633282,20.5,21.5
3345.0,20.67160846465443,20.977701625805576,5.441394870043003,21.0,0,0.022298374194424042,20.947233128638505,20.5,21.5
3346.0,20.66856242193551,20.974655045169264,5.4396924087056755,21.0,0,0.025344954830735844,20.944189238806146,20.5,21.5
3347.0,20.66551664793286,20.97160873349179,5.4379896125234515,21.0,0,0.028391266508208446,20.941145616717066,20.5,21.5
3348.0,20.662471142525778,20.968562690651872,5.4362864827930855,21.0,0,0.03143730934812794,20.938102262252677,20.5,21.5
3349.0,20.65942590559383,20.965516916528514,5.434583020811583,21.0,0,0.03448308347148554,20.93505917529494,20.5,21.5
3350.0,20.656380937016877,20.962471411001,5.432879227876206,21.0,0,0.03752858899899891,20.932016355725867,20.5,21.5
3351.0,20.65333623667505,20.959426173948913,5.431175105284466,21.0,0,0.04057382605108728,20.92897380342803,20.5,21.5
3352.0,20.65029180444877,20.956381205252093,5.429470654334127,21.0,0,0.043618794747906975,20.925931518283896,20.5,21.5
3353.0,20.647247640218747,20.95333650479069,5.4277658763232015,21.0,0,0.04666349520930879,20.922889500176673,20.5,21.5
3354.0,20.64420374386597,20.950292072445116,5.4260607725499534,21.0,0,0.04970792755488418,20.919847748989362,20.5,21.5
3355.0,20.641160115271706,20.94724790809608,5.424355344312892,21.0,0,0.05275209190391905,20.916806264605732,20.5,21.5
3356.0,20.638116754317515,20.944204011624578,5.422649592910778,21.0,0,0.05579598837542221,20.913765046909546,20.5,21.5
3357.0,20.635073660885233,20.94116038291187,5.420943519642612,21.0,0,0.058839617088128904,20.910724095784804,20.5,21.5
3358.0,20.632030834856984,20.93811702183952,5.419237125807644,21.0,0,0.061882978160479496,20.907683411116015,20.5,21.5
3359.0,20.628988276115173,20.935073928289363,5.417530412705367,21.0,0,0.06492607171063725,20.904642992787785,20.5,21.5
3360.0,20.62594598454249,20.93203110214352,5.415823381635518,21.0,0,0.06796889785648119,20.90160284068508,20.5,21.5
3361.0,20.622903960021908,20.928988543284397,5.414116033898076,21.0,0,0.0710114567156026,20.898562954693183,20.5,21.5
3362.0,20.619862202436682,20.925946251594688,5.412408370793259,21.0,0,0.07405374840531209,20.895523334697593,20.5,21.5
3363.0,20.616820711670353,20.92290422695736,5.410700393621528,21.0,0,0.07709577304263959,20.892483980584085,20.5,21.5
3364.0,20.613779487606745,20.919862469255673,5.408992103683581,21.0,0,0.08013753074432728,20.889444892238796,20.5,21.5
3365.0,20.61073853012996,20.916820978373167,5.407283502280355,21.0,0,0.0831790216268331,20.88640606954811,20.5,21.5
3366.0,20.60769783912439,20.913779754193662,5.405574590713025,21.0,0,0.08622024580633791,20.883367512398614,20.5,21.5
3367.0,20.60465741447471,20.910738796601272,5.403865370283002,21.0,0,0.08926120339872767,20.880329220677375,20.5,21.5
3368.0,20.60161725606587,20.907698105480375,5.40215584229193,21.0,0,0.09230189451962545,20.877291194271397,20.5,21.5
3369.0,20.598577363783118,20.90465768071565,5.40044600804169,21.0,0,0.09534231928434878,20.874253433068418,20.5,21.5
3370.0,20.595537737511968,20.90161752219205,5.398735868834395,21.0,0,0.09838247780794873,20.87121593695605,20.5,21.5
3371.0,20.592498377138234,20.898577629794822,5.39702542597239,21.0,0,0.10142237020517797,20.86817870582253,20.5,21.5
3372.0,20.589459282548003,20.895538003409477,5.3953146807582515,21.0,0,0.10446199659052269,20.86514173955603,20.5,21.5
3373.0,20.586420453627646,20.892498642921833,5.393603634494789,21.0,0,0.1075013570781671,20.86210503804539,20.5,21.5
3374.0,20.58338189026382,20.889459548217975,5.391892288485036,21.0,0,0.11054045178202543,20.85906860117939,20.5,21.5
3375.0,20.580343592343464,20.886420719184272,5.390180644032256,21.0,0,0.11357928081572766,20.85603242884725,20.5,21.5
3376.0,20.577305559753803,20.883382155707388,5.388468702439944,21.0,0,0.11661784429261246,20.85299652093854,20.5,21.5
3377.0,20.57426779238234,20.880343857674255,5.386756465011816,21.0,0,0.11965614232574495,20.84996087734293,20.5,21.5
3378.0,20.571230290116866,20.877305824972098,5.385043933051816,21.0,0,0.12269417502790247,20.846925497950522,20.5,21.5
3379.0,20.56819305284545,20.874268057488425,5.38333110786411,21.0,0,0.1257319425115746,20.843890382651704,20.5,21.5
3380.0,20.565156080456454,20.871230555111023,5.38161799075309,21.0,0,0.12876944488897735,20.840855531336995,20.5,21.5
3381.0,20.562119372838513,20.868193317727965,5.37990458302337,21.0,0,0.1318066822720354,20.837820943897384,20.5,21.5
3382.0,20.55908292988055,20.865156345227604,5.378190885979782,21.0,0,0.13484365477239635,20.834786620223994,20.5,21.5
3383.0,20.55604675147177,20.862119637498584,5.3764769009273845,21.0,0,0.13788036250141644,20.831752560208383,20.5,21.5
3384.0,20.55301083750166,20.85908319442982,5.37476262917145,21.0,0,0.14091680557017838,20.828718763742202,20.5,21.5
3385.0,20.549975187859992,20.85604701591053,5.373048072017469,21.0,0,0.14395298408947,20.825685230717614,20.5,21.5
3386.0,20.546939802436825,20.85301110183019,5.371333230771154,21.0,0,0.1469888981698091,20.8226519610268,20.5,21.5
3387.0,20.54390468112249,20.84997545207858,5.369618106738431,21.0,0,0.15002454792141862,20.819618954562486,20.5,21.5
3388.0,20.540869823807615,20.846940066545752,5.367902701225439,21.0,0,0.15305993345424795,20.81658621121746,20.5,21.5
3389.0,20.5378352303831,20.84390494512204,5.366187015538539,21.0,0,0.15609505487795872,20.813553730884934,20.5,21.5
3390.0,20.53480090074013,20.84087008769807,5.364471050984296,21.0,0,0.1591299123019283,20.810521513458376,20.5,21.5
3391.0,20.531766834770178,20.837835494164743,5.362754808869492,21.0,0,0.162164505835257,20.807489558831456,20.5,21.5
3392.0,20.528733032364997,20.834801164413243,5.36103829050112,21.0,0,0.1651988355867573,20.80445786689824,20.5,21.5
3393.0,20.525699493416624,20.831767098335042,5.359321497186385,21.0,0,0.16823290166495752,20.80142643755304,20.5,21.5
3394.0,20.522666217817378,20.8287332958219,5.3576044302326995,21.0,0,0.17126670417810175,20.798395270690456,20.5,21.5
3395.0,20.51963320545986,20.825699756765847,5.355887090947684,21.0,0,0.17430024323415338,20.79536436620533,20.5,21.5
3396.0,20.516600456236958,20.8226664810592,5.354169480639166,21.0,0,0.17733351894079874,20.792333723992748,20.5,21.5
3397.0,20.513567970041837,20.81963346859457,5.352451600615184,21.0,0,0.18036653140542924,20.789303343948266,20.5,21.5
3398.0,20.510535746767953,20.816600719264837,5.350733452183974,21.0,0,0.18339928073516276,20.786273225967502,20.5,21.5
3399.0,20.507503786309037,20.81356823296317,5.3490150366539835,21.0,0,0.1864317670368294,20.783243369946504,20.5,21.5
3400.0,20.504472088559105,20.81053600958302,5.347296355333861,21.0,0,0.1894639904169786,20.78021377578153,20.5,21.5
3401.0,20.50144065341246,20.80750404901812,5.3455774095324555,21.0,0,0.1924959509818791,20.777184443369116,20.5,21.5
3402.0,20.498409480763684,20.80447235116249,5.343858200558819,21.0,0,0.1955276488375084,20.7741553726062,20.5,21.5
3403.0,20.495378570507643,20.801440915910426,5.342138729722206,21.0,0,0.1985590840895739,20.77112656338977,20.5,21.5
3404.0,20.492347922539487,20.79840974315652,5.340418998332066,21.0,0,0.20159025684348109,20.768098015617447,20.5,21.5
3405.0,20.489317536754644,20.795378832795624,5.3386990076980485,21.0,0,0.20462116720437606,20.765069729186674,20.5,21.5
3406.0,20.48628741304883,20.7923481847229,5.336978759130005,21.0,0,0.20765181527709942,20.762041703995667,20.5,21.5
3407.0,20.483257551318047,20.78931779883377,5.335258253937978,21.0,0,0.21068220116622882,20.759013939942477,20.5,21.5
3408.0,20.48022795145857,20.78628767502396,5.333537493432204,21.0,0,0.21371232497603998,20.75598643692585,20.5,21.5
3409.0,20.477198613366966,20.783257813189454,5.3318164789231215,21.0,0,0.2167421868105457,20.752959194844397,20.5,21.5
3410.0,20.474169536940078,20.780228213226543,5.330095211721355,21.0,0,0.21977178677345677,20.749932213597432,20.5,21.5
3411.0,20.471140722075035,20.77719887503178,5.328373693137727,21.0,0,0.22280112496822113,20.746905493084135,20.5,21.5
3412.0,20.468112168669247,20.774169798502022,5.326651924483245,21.0,0,0.2258302014979776,20.743879033204458,20.5,21.5
3413.0,20.465083876620408,20.771140983534387,5.324929907069113,21.0,0,0.2288590164656128,20.740852833858035,20.5,21.5
3414.0,20.462055845826498,20.768112430026296,5.3232076422067225,21.0,0,0.2318875699737042,20.737826894945382,20.5,21.5
3415.0,20.459028076185774,20.765084137875434,5.321485131207652,21.0,0,0.2349158621245664,20.73480121636681,20.5,21.5
3416.0,20.456000567596778,20.762056106979784,5.31976237538367,21.0,0,0.23794389302021557,20.731775798023293,20.5,21.5
3417.0,20.452973319958335,20.759028337237602,5.3180393760467295,21.0,0,0.2409716627623979,20.72875063981578,20.5,21.5
3418.0,20.449946333169553,20.756000828547432,5.316316134508967,21.0,0,0.24399917145256822,20.72572574164573,20.5,21.5
3419.0,20.44691960712982,20.752973580808096,5.314592652082709,21.0,0,0.24702641919190427,20.722701103414735,20.5,21.5
3420.0,20.443893141738812,20.749946593918704,5.312868930080462,21.0,0,0.250053406081296,20.719676725024787,20.5,21.5
3421.0,20.44086693689648,20.746919867778644,5.311144969814913,21.0,0,0.2530801322213563,20.71665260637804,20.5,21.5
3422.0,20.437840992503062,20.74389340228759,5.309420772598937,21.0,0,0.2561065977124102,20.71362874737705,20.5,21.5
3423.0,20.434815308459083,20.740867197345494,5.307696339745581,21.0,0,0.25913280265450567,20.71060514792454,20.5,21.5
3424.0,20.43178988466534,20.737841252852597,5.305971672568077,21.0,0,0.26215874714740295,20.707581807923624,20.5,21.5
3425.0,20.42876472102292,20.73481556870942,5.304246772379833,21.0,0,0.26518443129058156,20.704558727277632,20.5,21.5
3426.0,20.42573981743319,20.731790144816763,5.302521640494438,21.0,0,0.2682098551832368,20.70153590589021,20.5,21.5
3427.0,20.4227151737978,20.72876498107571,5.300796278225654,21.0,0,0.27123501892429047,20.698513343665173,20.5,21.5
3428.0,20.419690790018688,20.725740077387634,5.299070686887419,21.0,0,0.27425992261236587,20.69549104050688,20.5,21.5
3429.0,20.41666666599806,20.72271543365418,5.297344867793846,21.0,0,0.2772845663458199,20.69246899631964,20.5,21.5
3430.0,20.41364280163842,20.719691049777282,5.295618822259222,21.0,0,0.28030895022271807,20.6894472110083,20.5,21.5
3431.0,20.410619196842546,20.71666692565915,5.293892551598003,21.0,0,0.28333307434084887,20.686425684477843,20.5,21.5
3432.0,20.4075958515135,20.713643061202294,5.292166057124823,21.0,0,0.28635693879770585,20.683404416633724,20.5,21.5
3433.0,20.404572765554622,20.71061945630948,5.290439340154482,21.0,0,0.2893805436905197,20.680383407381342,20.5,21.5
3434.0,20.401549938869543,20.707596110883777,5.288712402001948,21.0,0,0.2924038891162226,20.677362656626748,20.5,21.5
3435.0,20.39852737136217,20.704573024828527,5.286985243982358,21.0,0,0.2954269751714733,20.67434216427602,20.5,21.5
3436.0,20.395505062936696,20.701550198047357,5.2852578674110235,21.0,0,0.2984498019526427,20.671321930235663,20.5,21.5
3437.0,20.39248301349759,20.698527630444175,5.2835302736034135,21.0,0,0.30147236955582457,20.668301954412357,20.5,21.5
3438.0,20.38946122294961,20.69550532192317,5.281802463875165,21.0,0,0.3044946780768285,20.665282236713132,20.5,21.5
3439.0,20.386439691197793,20.69248327238882,5.2800744395420836,21.0,0,0.3075167276111799,20.662262777045306,20.5,21.5
3440.0,20.383418418147464,20.68946148174588,5.278346201920131,21.0,0,0.3105385182541198,20.65924357531648,20.5,21.5
3441.0,20.38039740370422,20.686439949899388,5.276617752325437,21.0,0,0.3135600501006124,20.656224631434462,20.5,21.5
3442.0,20.377376647773943,20.683418676754656,5.274889092074293,21.0,0,0.3165813232453445,20.653205945307334,20.5,21.5
3443.0,20.374356150262802,20.680397662217295,5.273160222483147,21.0,0,0.31960233778270464,20.650187516843694,20.5,21.5
3444.0,20.371335911077246,20.67737690619319,5.27143114486861,21.0,0,0.3226230938068113,20.647169345952122,20.5,21.5
3445.0,20.368315930124005,20.674356408588498,5.269701860547446,21.0,0,0.32564359141150234,20.644151432541587,20.5,21.5
3446.0,20.36529620731009,20.671336169309672,5.267972370836585,21.0,0,0.3286638306903278,20.641133776521418,20.5,21.5
3447.0,20.362276742542797,20.668316188263443,5.266242677053105,21.0,0,0.33168381173655703,20.63811637780115,20.5,21.5
3448.0,20.3592575357297,20.665296465356825,5.264512780514244,21.0,0,0.33470353464317526,20.635099236290642,20.5,21.5
3449.0,20.356238586778655,20.662277000497106,5.262782682537396,21.0,0,0.3377229995028941,20.632082351899918,20.5,21.5
3450.0,20.353219895597807,20.659257793591866,5.261052384440104,21.0,0,0.3407422064081338,20.62906572453947,20.5,21.5
3451.0,20.350201462095576,20.656238844548962,5.259321887540064,21.0,0,0.3437611554510376,20.626049354119925,20.5,21.5
3452.0,20.347183286180666,20.653220153276536,5.257591193155125,21.0,0,0.3467798467234644,20.623033240552267,20.5,21.5
3453.0,20.34416536776206,20.650201719683007,5.255860302603288,21.0,0,0.34979828031699256,20.620017383747726,20.5,21.5
3454.0,20.341147706749027,20.64718354367708,5.2541292172027,21.0,0,0.3528164563229197,20.61700178361781,20.5,21.5
3455.0,20.338130303051116,20.644165625167744,5.25239793827166,21.0,0,0.35583437483225566,20.613986440074385,20.5,21.5
3456.0,20.33511315657816,20.64114796406426,5.250666467128609,21.0,0,0.35885203593574033,20.610971353029413,20.5,21.5
3457.0,20.33209626724027,20.63813056027618,5.248934805092139,21.0,0,0.3618694397238187,20.607956522395398,20.5,21.5
3458.0,20.329079634947842,20.635113413713338,5.247202953480985,21.0,0,0.36488658628666215,20.604941948084903,20.5,21.5
3459.0,20.326063259611548,20.632096524285846,5.24547091361403,21.0,0,0.3679034757141544,20.601927630010923,20.5,21.5
3460.0,20.323047141142347,20.62907989190409,5.243738686810295,21.0,0,0.37092010809590903,20.598913568086545,20.5,21.5
3461.0,20.32003127945148,20.62606351647876,5.242006274388948,21.0,0,0.3739364835212413,20.595899762225436,20.5,21.5
3462.0,20.317015674450467,20.623047397920796,5.240273677669294,21.0,0,0.37695260207920356,20.592886212341174,20.5,21.5
3463.0,20.31400032605111,20.62003153614145,5.2385408979707835,21.0,0,0.37996846385854965,20.58987291834799,20.5,21.5
3464.0,20.310985234165496,20.617015931052244,5.236807936613001,21.0,0,0.3829840689477564,20.586859880160176,20.5,21.5
3465.0,20.307970398705987,20.61400058256497,5.2350747949156755,21.0,0,0.3859994174350305,20.583847097692228,20.5,21.5
3466.0,20.304955819585228,20.61098549059172,5.233341474198667,21.0,0,0.3890145094082804,20.58083457085922,20.5,21.5
3467.0,20.30194149671615,20.607970655044856,5.231607975781975,21.0,0,0.3920293449551444,20.577822299576216,20.5,21.5
3468.0,20.298927430011965,20.604956075837027,5.229874300985733,21.0,0,0.39504392416297307,20.57481028375874,20.5,21.5
3469.0,20.29591361938616,20.601941752881157,5.228140451130212,21.0,0,0.3980582471188434,20.571798523322453,20.5,21.5
3470.0,20.29290006475251,20.598927686090462,5.226406427535814,21.0,0,0.40107231390953757,20.56878701818352,20.5,21.5
3471.0,20.289886766025067,20.595913875378432,5.224672231523071,21.0,0,0.4040861246215677,20.56577576825813,20.5,21.5
3472.0,20.286873723118166,20.592900320658835,5.222937864412652,21.0,0,0.4070996793411652,20.56276477346286,20.5,21.5
3473.0,20.283860935946425,20.589887021845726,5.22120332752535,21.0,0,0.41011297815427383,20.55975403371464,20.5,21.5
3474.0,20.28084840442474,20.58687397885344,5.219468622182091,21.0,0,0.41312602114656016,20.556743548930577,20.5,21.5
3475.0,20.277836128468294,20.583861191596597,5.217733749703929,21.0,0,0.416138808403403,20.55373331902817,20.5,21.5
3476.0,20.27482410799254,20.58084865999009,5.215998711412046,21.0,0,0.41915134000991117,20.550723343925007,20.5,21.5
3477.0,20.271812342913226,20.5778363839491,5.214263508627749,21.0,0,0.4221636160508986,20.547713623539227,20.5,21.5
3478.0,20.26880083314637,20.57482436338909,5.212528142672467,21.0,0,0.4251756366109092,20.544704157788985,20.5,21.5
3479.0,20.265789578608274,20.571812598225797,5.21079261486776,21.0,0,0.42818740177420267,20.541694946592862,20.5,21.5
3480.0,20.262778579215524,20.568801088375245,5.2090569265353075,21.0,0,0.43119891162475454,20.538685989869727,20.5,21.5
3481.0,20.25976783488499,20.565789833753737,5.207321078996911,21.0,0,0.4342101662462632,20.53567728753865,20.5,21.5
3482.0,20.256757345533813,20.562778834277857,5.205585073574493,21.0,0,0.43722116572214276,20.53266883951906,20.5,21.5
3483.0,20.25374711107942,20.559768089864466,5.203848911590101,21.0,0,0.44023191013553387,20.529660645730555,20.5,21.5
3484.0,20.25073713143952,20.556757600430714,5.202112594365893,21.0,0,0.4432423995692858,20.526652706093195,20.5,21.5
3485.0,20.247727406532107,20.553747365894033,5.200376123224153,21.0,0,0.44625263410596716,20.52364502052722,20.5,21.5
3486.0,20.244717936275446,20.550737386172123,5.198639499487278,21.0,0,0.4492626138278766,20.52063758895303,20.5,21.5
3487.0,20.24170872058809,20.54772766118298,5.196902724477783,21.0,0,0.45227233881702134,20.51763041129153,20.5,21.5
3488.0,20.23869975938887,20.54471819084487,5.1951657995183,21.0,0,0.4552818091551316,20.514623487463766,20.5,21.5
3489.0,20.235691052596895,20.54170897507634,5.193428725931569,21.0,0,0.4582910249236605,20.51161681739105,20.5,21.5
3490.0,20.23268260013156,20.538700013796234,5.191691505040449,21.0,0,0.4612999862037661,20.508610400995178,20.5,21.5
3491.0,20.229674401912543,20.535691306923653,5.189954138167908,21.0,0,0.46430869307634737,20.50560423819784,20.5,21.5
3492.0,20.226666457859796,20.532682854377995,5.188216626637029,21.0,0,0.46731714562200466,20.502598328921422,20.5,21.5
3493.0,20.22365876789355,20.52967465607893,5.186478971771001,21.0,1,0.4703253439210684,20.499592673088294,20.5,21.5
3494.0,20.240651331934327,20.530666711946417,5.184741174893124,21.0,1,0.46933328805358343,20.540587270621266,20.5,21.5
3495.0,20.25764014990292,20.53565822190069,5.183003237326806,21.0,1,0.46434177809931043,20.58557332144342,20.5,21.5
3496.0,20.274625222520402,20.544648386022264,5.181265160395561,21.0,1,0.4553516139777365,20.634550027238003,20.5,21.5
3497.0,20.29160655050798,20.557636404551896,5.179526945423011,21.0,1,0.44236359544810355,20.687516589848226,20.5,21.5
3498.0,20.30858413458696,20.57462147789058,5.177788593732883,21.0,1,0.42537852210941907,20.744472211277426,20.5,21.5
3499.0,20.32555797547879,20.591602806599475,5.176050106649008,21.0,1,0.4083971934005248,20.761416093688418,20.5,21.5
3500.0,20.342528073905026,20.608580391399894,5.174311485495317,21.0,1,0.3914196086001063,20.77835623940408,20.5,21.5
3501.0,20.359494430587343,20.625554233013283,5.172572731595847,21.0,1,0.3744457669867174,20.79529264914717,20.5,21.5
3502.0,20.376457046247545,20.642524332161194,5.170833846274736,21.0,1,0.3574756678388056,20.812225323640313,20.5,21.5
3503.0,20.39341592160755,20.659490689565313,5.169094830856218,21.0,1,0.3405093104346868,20.8291542636065,20.5,21.5
3504.0,20.410371057389398,20.676453305947433,5.167355686664631,21.0,1,0.32354669405256686,20.846079469768632,20.5,21.5
3505.0,20.427322454315252,20.69341218202948,5.1656164150244095,21.0,1,0.30658781797052015,20.863000942849947,20.5,21.5
3506.0,20.444270113107393,20.71036731853349,5.1638770172600825,21.0,1,0.2896326814665109,20.87991868357358,20.5,21.5
3507.0,20.461214034488222,20.72731871618162,5.162137494696277,21.0,1,0.27268128381837897,20.89683269266294,20.5,21.5
3508.0,20.478154219180265,20.744266375696164,5.160397848657718,21.0,1,0.2557336243038364,20.91374297084159,20.5,21.5
3509.0,20.49509066790616,20.76121029779952,5.158658080469219,21.0,1,0.23878970220048146,20.930649518833068,20.5,21.5
3510.0,20.512023381388673,20.7781504832142,5.156918191455691,21.0,1,0.22184951678579878,20.947552337361028,20.5,21.5
3511.0,20.528952360350686,20.795086932662862,5.155178182942132,21.0,1,0.204913067337138,20.96445142714947,20.5,21.5
3512.0,20.545877605515205,20.812019646868258,5.153438056253638,21.0,1,0.1879803531317421,20.981346788922217,20.5,21.5
3513.0,20.56279911760535,20.828948626553274,5.151697812715389,21.0,1,0.17105137344672627,20.998238423403432,20.5,21.5
3514.0,20.579716897344372,20.84587387244091,5.149957453652656,21.0,1,0.1541261275590884,21.01512633131729,20.5,21.5
3515.0,20.596630945455633,20.86279538525431,5.1482169803907984,21.0,1,0.13720461474569134,21.03201051338828,20.5,21.5
3516.0,20.61354126266262,20.879713165716694,5.146476394255265,21.0,1,0.12028683428330567,21.04889097034055,20.5,21.5
3517.0,20.630447849688938,20.896627214551444,5.1447356965715825,21.0,1,0.10337278544855621,21.06576770289894,20.5,21.5
3518.0,20.647350707258315,20.91353753248204,5.142994888665372,21.0,1,0.08646246751796127,21.082640711787988,20.5,21.5
3519.0,20.664249836094598,20.930444120232085,5.141253971862334,21.0,1,0.06955587976791477,21.09950999773255,20.5,21.5
3520.0,20.68114523692175,20.94734697852531,5.13951294748825,21.0,1,0.052653021474689865,21.11637556145756,20.5,21.5
3521.0,20.698036910463863,20.964246108085558,5.13777181686899,21.0,1,0.03575389191444245,21.13323740368803,20.5,21.5
3522.0,20.714924857445144,20.981141509636803,5.136030581330497,21.0,1,0.018858490363196978,21.150095525149258,20.5,21.5
3523.0,20.731809078589922,20.998033183903125,5.134289242198799,21.0,1,0.0019668160968748793,21.166949926566346,20.5,21.5
3524.0,20.748689574622645,21.014921131608734,5.1325478008,21.0,1,-0.014921131608733873,21.18380060866482,20.5,21.5
3525.0,20.76556634626788,21.03180535347796,5.130806258460286,21.0,1,-0.0318053534779601,21.200647572170222,20.5,21.5
3526.0,20.78243939425032,21.048685850235252,5.129064616505916,21.0,1,-0.04868585023525185,21.21749081780817,20.5,21.5
3527.0,20.79930871929477,21.065562622605178,5.127322876263226,21.0,1,-0.06556262260517798,21.23433034630444,20.5,21.5
3528.0,20.816174322126166,21.082435671312425,5.125581039058627,21.0,1,-0.08243567131242457,21.25116615838489,20.5,21.5
3529.0,20.833036203469554,21.09930499708181,5.123839106218604,21.0,1,-0.09930499708180918,21.267998254775655,20.5,21.5
3530.0,20.849894364050105,21.11617060063825,5.122097079069714,21.0,1,-0.1161706006382488,21.284826636202645,20.5,21.5
3531.0,20.866748804593108,21.133032482706806,5.120354958938587,21.0,1,-0.13303248270680612,21.30165130339238,20.5,21.5
3532.0,20.88359952582398,21.14989064401265,5.118612747151924,21.0,1,-0.1498906440126504,21.318472257071093,20.5,21.5
3533.0,20.900446528468244,21.166745085281065,5.116870445036493,21.0,1,-0.16674508528106458,21.335289497965206,20.5,21.5
3534.0,20.917289813251557,21.183595807237463,5.115128053919134,21.0,1,-0.18359580723746305,21.352103026801448,20.5,21.5
3535.0,20.93412938089969,21.20044281060738,5.113385575126755,21.0,1,-0.200442810607381,21.36891284430656,20.5,21.5
3536.0,20.950965232138536,21.217286096116467,5.111643009986328,21.0,1,-0.21728609611646732,21.38571895120733,20.5,21.5
3537.0,20.967797367694107,21.234125664490495,5.109900359824891,21.0,1,-0.2341256644904952,21.402521348230774,20.5,21.5
3538.0,20.984625788292533,21.25096151645535,5.108157625969551,21.0,1,-0.2509615164553516,21.419320036103915,20.5,21.5
3539.0,21.00145049466007,21.267793652737055,5.1064148097474735,21.0,1,-0.2677936527370548,21.436115015554087,20.5,21.5
3540.0,21.018271487523087,21.284622074061737,5.1046719124858875,21.0,1,-0.2846220740617369,21.452906287308558,20.5,21.5
3541.0,21.03508876760808,21.301446781155644,5.102928935512089,21.0,1,-0.3014467811556436,21.46969385209471,20.5,21.5
3542.0,21.05190233564166,21.31826777474516,5.101185880153427,21.0,1,-0.3182677747451592,21.486477710640315,20.5,21.5
3543.0,21.068712192350564,21.335085055556764,5.099442747737316,21.0,0,-0.33508505555676393,21.50325786367281,20.5,21.5
3544.0,21.06551833846164,21.347898624317075,5.097699539591227,21.0,0,-0.3478986243170752,21.476034311920188,20.5,21.5
3545.0,21.062324774701867,21.356709281752828,5.095956257042689,21.0,0,-0.3567092817528277,21.444815856110353,20.5,21.5
3546.0,21.059131500998337,21.36151782843088,5.094212901419285,21.0,0,-0.36151782843088043,21.409603295211408,20.5,21.5
3547.0,21.05593851727842,21.36232506475823,5.092469474048659,21.0,0,-0.362325064758231,21.370397428031737,20.5,21.5
3548.0,21.052745823469774,21.359131790982076,5.090725976258508,21.0,0,-0.3591317909820759,21.327199053220525,20.5,21.5
3549.0,21.04955341950033,21.355938807189812,5.0889824093765785,21.0,0,-0.35593880718981197,21.324008969267172,20.5,21.5
3550.0,21.046361305298305,21.3527461133091,5.087238774730672,21.0,0,-0.3527461133090988,21.320819174501967,20.5,21.5
3551.0,21.04316948079219,21.349553709267873,5.085495073648644,21.0,0,-0.3495537092678731,21.317629668855616,20.5,21.5
3552.0,21.039977945910763,21.34636159499434,5.0837513074583995,21.0,0,-0.3463615949943417,21.314440452259028,20.5,21.5
3553.0,21.03678670058307,21.343169770417,5.08200747748789,21.0,0,-0.34316977041699914,21.311251524643573,20.5,21.5
3554.0,21.033595744738452,21.339978235464628,5.08026358506512,21.0,0,-0.3399782354646277,21.308062885940913,20.5,21.5
3555.0,21.03040507830652,21.33678699006627,5.078519631518138,21.0,0,-0.336786990066269,21.304874536082682,20.5,21.5
3556.0,21.02721470121716,21.333596034151263,5.07677561817504,21.0,0,-0.33359603415126315,21.301686475001205,20.5,21.5
3557.0,21.024024613400552,21.330405367649224,5.075031546363969,21.0,0,-0.3304053676492238,21.29849870262883,20.5,21.5
3558.0,21.020834814787143,21.327214990490038,5.073287417413113,21.0,0,-0.3272149904900381,21.29531121889818,20.5,21.5
3559.0,21.017645305307667,21.324024902603878,5.071543232650699,21.0,0,-0.3240249026038775,21.29212402374227,20.5,21.5
3560.0,21.014456084893137,21.3208351039212,5.069798993405002,21.0,0,-0.3208351039212012,21.288937117094438,20.5,21.5
3561.0,21.01126715347484,21.31764559437274,5.0680547010043355,21.0,0,-0.3176455943727383,21.28575049888811,20.5,21.5
3562.0,21.008078510984348,21.314456373889495,5.066310356777053,21.0,0,-0.3144563738894952,21.282564169057064,20.5,21.5
3563.0,21.004890157353508,21.31126744240277,5.064565962051549,21.0,0,-0.3112674424027695,21.279378127535512,20.5,21.5
3564.0,21.001702092514446,21.308078799844125,5.062821518156256,21.0,0,-0.30807879984412523,21.276192374257683,20.5,21.5
3565.0,20.998514316399575,21.304890446145414,5.061077026419646,21.0,0,-0.3048904461454143,21.273006909158305,20.5,21.5
3566.0,20.99532682894158,21.301702381238762,5.059332488170222,21.0,0,-0.30170238123876203,21.26982173217224,20.5,21.5
3567.0,20.992139630073424,21.298514605056575,5.057587904736527,21.0,0,-0.29851460505657457,21.2666368432347,20.5,21.5
3568.0,20.988952719728356,21.295327117531546,5.0558432774471385,21.0,0,-0.2953271175315457,21.263452242281257,20.5,21.5
3569.0,20.9857660978399,21.292139918596636,5.054098607630663,21.0,0,-0.2921399185966358,21.260267929247537,20.5,21.5
3570.0,20.982579764341857,21.288953008185093,5.052353896615746,21.0,0,-0.28895300818509284,21.257083904069663,20.5,21.5
3571.0,20.97939371916831,21.28576638623044,5.05060914573106,21.0,0,-0.2857663862304385,21.253900166683895,20.5,21.5
3572.0,20.976207962253625,21.28258005266648,5.048864356305307,21.0,0,-0.28258005266647857,21.25071671702688,20.5,21.5
3573.0,20.973022493532437,21.279394007427292,5.047119529667221,21.0,0,-0.2793940074272925,21.24753355503543,20.5,21.5
3574.0,20.969837312939664,21.276208250447247,5.045374667145563,21.0,0,-0.2762082504472474,21.244350680646797,20.5,21.5
3575.0,20.966652420410504,21.273022781660977,5.043629770069122,21.0,0,-0.27302278166097693,21.241168093798272,20.5,21.5
3576.0,20.963467815880435,21.269837601003402,5.041884839766714,21.0,0,-0.2698376010034025,21.237985794427658,20.5,21.5
3577.0,20.96028349928521,21.26665270840972,5.040139877567179,21.0,0,-0.266652708409719,21.234803782472884,20.5,21.5
3578.0,20.957099470560866,21.263468103815406,5.03839488479938,21.0,0,-0.26346810381540564,21.231622057872272,20.5,21.5
3579.0,20.953915729643715,21.260283787156215,5.036649862792205,21.0,0,-0.26028378715621514,21.22844062056431,20.5,21.5
3580.0,20.950732276470344,21.25709975836818,5.034904812874567,21.0,0,-0.2570997583681809,21.22525947048784,20.5,21.5
3581.0,20.947549110977626,21.25391601738762,5.033159736375395,21.0,0,-0.2539160173876205,21.222078607582016,20.5,21.5
3582.0,20.944366233102706,21.25073256415112,5.031414634623642,21.0,0,-0.25073256415112155,21.218898031786132,20.5,21.5
3583.0,20.94118364278301,21.24754939859555,5.029669508948277,21.0,0,-0.2475493985955488,21.21571774303982,20.5,21.5
3584.0,20.938001339956244,21.244366520658055,5.02792436067829,21.0,0,-0.24436652065805475,21.212537741283114,20.5,21.5
3585.0,20.93481932456039,21.241183930276062,5.026179191142689,21.0,0,-0.2411839302760619,21.209358026456133,20.5,21.5
3586.0,20.931637596533708,21.238001627387277,5.024434001670494,21.0,0,-0.23800162738727693,21.206178598499427,20.5,21.5
3587.0,20.928456155814736,21.234819611929684,5.022688793590746,21.0,0,-0.2348196119296837,21.20299945735375,20.5,21.5
3588.0,20.925275002342293,21.231637883841536,5.020943568232492,21.0,0,-0.23163788384153605,21.19982060296006,20.5,21.5
3589.0,20.92209413605547,21.228456443061383,5.0191983269248,21.0,0,-0.22845644306138269,21.19664203525985,20.5,21.5
3590.0,20.918913556893646,21.225275289528035,5.017453070996748,21.0,0,-0.22527528952803522,21.19346375419456,20.5,21.5
3591.0,20.915733264796465,21.22209442318059,5.015707801777423,21.0,0,-0.22209442318058947,21.190285759706132,20.5,21.5
3592.0,20.912553259703863,21.218913843958415,5.013962520595922,21.0,0,-0.21891384395841484,21.18710805173667,20.5,21.5
3593.0,20.90937354155604,21.21573355180116,5.012217228781357,21.0,0,-0.21573355180116138,21.183930630228627,20.5,21.5
3594.0,20.906194110293484,21.212553546648763,5.01047192766284,21.0,0,-0.21255354664876336,21.180753495124783,20.5,21.5
3595.0,20.903014965856958,21.209373828441425,5.008726618569494,21.0,0,-0.20937382844142505,21.177576646368042,20.5,21.5
3596.0,20.8998361081875,21.20619439711963,5.0069813028304475,21.0,0,-0.2061943971196314,21.174400083901695,20.5,21.5
3597.0,20.896657537226428,21.203015252624144,5.0052359817748355,21.0,0,-0.20301525262414444,21.171223807669275,20.5,21.5
3598.0,20.893479252915338,21.199836394896003,5.003490656731797,21.0,0,-0.19983639489600336,21.168047817614593,20.5,21.5
3599.0,20.8903012551961,21.196657823876528,5.00174532903047,21.0,0,-0.19665782387652797,21.164872113681774,20.5,21.5
