t,T_true,T_meas,T_out,setpoint,heater,error,T_pred,lower,upper
0.0,19.0,19.2,8.0,21.0,1,1.8000000000000007,19.2,20.5,21.5
1.0,0.0,9.7,8.001163552572116,21.0,1,11.3,9.7,20.5,21.5
2.0,0.0,6.533333333333332,8.00232710356895,21.0,1,14.466666666666669,6.533333333333332,20.5,21.5
3.0,0.0,4.949999999999999,8.003490651415223,21.0,1,16.05,4.949999999999999,20.5,21.5
4.0,0.0,3.999999999999999,8.00465419453566,21.0,1,17.0,3.999999999999999,20.5,21.5
5.0,0.0,0.1999999999999993,8.005817731354993,21.0,1,20.8,0.1999999999999993,20.5,21.5
6.0,0.0,0.1999999999999993,8.006981260297962,21.0,1,20.8,0.1999999999999993,20.5,21.5
7.0,0.0,0.1999999999999993,8.008144779789315,21.0,1,20.8,0.1999999999999993,20.5,21.5
8.0,0.0,0.1999999999999993,8.009308288253816,21.0,1,20.8,0.1999999999999993,20.5,21.5
9.0,0.0,0.1999999999999993,8.010471784116246,21.0,1,20.8,0.1999999999999993,20.5,21.5
10.0,0.0,0.1999999999999993,8.011635265801397,21.0,1,20.8,0.1999999999999993,20.5,21.5
11.0,0.0,0.1999999999999993,8.012798731734085,21.0,1,20.8,0.1999999999999993,20.5,21.5
12.0,0.0,0.1999999999999993,8.013962180339146,21.0,1,20.8,0.1999999999999993,20.5,21.5
13.0,0.0,0.1999999999999993,8.015125610041437,21.0,1,20.8,0.1999999999999993,20.5,21.5
14.0,0.0,0.1999999999999993,8.016289019265846,21.0,1,20.8,0.1999999999999993,20.5,21.5
15.0,0.0,0.1999999999999993,8.017452406437284,21.0,1,20.8,0.1999999999999993,20.5,21.5
16.0,0.0,0.1999999999999993,8.018615769980693,21.0,1,20.8,0.1999999999999993,20.5,21.5
17.0,0.0,0.1999999999999993,8.019779108321048,21.0,1,20.8,0.1999999999999993,20.5,21.5
18.0,0.0,0.1999999999999993,8.020942419883356,21.0,1,20.8,0.1999999999999993,20.5,21.5
19.0,0.0,0.1999999999999993,8.022105703092665,21.0,1,20.8,0.1999999999999993,20.5,21.5
20.0,0.0,0.1999999999999993,8.023268956374057,21.0,1,20.8,0.1999999999999993,20.5,21.5
21.0,0.0,0.1999999999999993,8.024432178152653,21.0,1,20.8,0.1999999999999993,20.5,21.5
22.0,0.0,0.1999999999999993,8.025595366853622,21.0,1,20.8,0.1999999999999993,20.5,21.5
23.0,0.0,0.1999999999999993,8.026758520902176,21.0,1,20.8,0.1999999999999993,20.5,21.5
24.0,0.0,0.1999999999999993,8.02792163872357,21.0,1,20.8,0.1999999999999993,20.5,21.5
25.0,0.0,0.1999999999999993,8.029084718743112,21.0,1,20.8,0.1999999999999993,20.5,21.5
26.0,0.0,0.1999999999999993,8.03024775938616,21.0,1,20.8,0.1999999999999993,20.5,21.5
27.0,0.0,0.1999999999999993,8.031410759078128,21.0,1,20.8,0.1999999999999993,20.5,21.5
28.0,0.0,0.1999999999999993,8.032573716244482,21.0,1,20.8,0.1999999999999993,20.5,21.5
29.0,0.0,0.1999999999999993,8.033736629310743,21.0,1,20.8,0.1999999999999993,20.5,21.5
30.0,0.0,0.1999999999999993,8.0348994967025,21.0,1,20.8,0.1999999999999993,20.5,21.5
31.0,0.0,0.1999999999999993,8.036062316845399,21.0,1,20.8,0.1999999999999993,20.5,21.5
32.0,0.0,0.1999999999999993,8.037225088165146,21.0,1,20.8,0.1999999999999993,20.5,21.5
33.0,0.0,0.1999999999999993,8.03838780908752,21.0,1,20.8,0.1999999999999993,20.5,21.5
34.0,0.0,0.1999999999999993,8.039550478038365,21.0,1,20.8,0.1999999999999993,20.5,21.5
35.0,0.0,0.1999999999999993,8.040713093443596,21.0,1,20.8,0.1999999999999993,20.5,21.5
36.0,0.0,0.1999999999999993,8.0418756537292,21.0,1,20.8,0.1999999999999993,20.5,21.5
37.0,0.0,0.1999999999999993,8.043038157321238,21.0,1,20.8,0.1999999999999993,20.5,21.5
38.0,0.0,0.1999999999999993,8.04420060264585,21.0,1,20.8,0.1999999999999993,20.5,21.5
39.0,0.0,0.1999999999999993,8.045362988129254,21.0,1,20.8,0.1999999999999993,20.5,21.5
40.0,0.0,0.1999999999999993,8.046525312197746,21.0,1,20.8,0.1999999999999993,20.5,21.5
41.0,0.0,0.1999999999999993,8.047687573277711,21.0,1,20.8,0.1999999999999993,20.5,21.5
42.0,0.0,0.1999999999999993,8.048849769795613,21.0,1,20.8,0.1999999999999993,20.5,21.5
43.0,0.0,0.1999999999999993,8.050011900178008,21.0,1,20.8,0.1999999999999993,20.5,21.5
44.0,0.0,0.1999999999999993,8.05117396285154,21.0,1,20.8,0.1999999999999993,20.5,21.5
45.0,0.0,0.1999999999999993,8.052335956242944,21.0,1,20.8,0.1999999999999993,20.5,21.5
46.0,0.0,0.1999999999999993,8.05349787877905,21.0,1,20.8,0.1999999999999993,20.5,21.5
47.0,0.0,0.1999999999999993,8.054659728886781,21.0,1,20.8,0.1999999999999993,20.5,21.5
48.0,0.0,0.1999999999999993,8.055821504993164,21.0,1,20.8,0.1999999999999993,20.5,21.5
49.0,0.0,0.1999999999999993,8.05698320552532,21.0,1,20.8,0.1999999999999993,20.5,21.5
50.0,0.0,0.1999999999999993,8.058144828910477,21.0,1,20.8,0.1999999999999993,20.5,21.5
51.0,0.0,0.1999999999999993,8.059306373575962,21.0,1,20.8,0.1999999999999993,20.5,21.5
52.0,0.0,0.1999999999999993,8.060467837949215,21.0,1,20.8,0.1999999999999993,20.5,21.5
53.0,0.0,0.1999999999999993,8.06162922045778,21.0,1,20.8,0.1999999999999993,20.5,21.5
54.0,0.0,0.1999999999999993,8.062790519529313,21.0,1,20.8,0.1999999999999993,20.5,21.5
55.0,0.0,0.1999999999999993,8.063951733591585,21.0,1,20.8,0.1999999999999993,20.5,21.5
56.0,0.0,0.1999999999999993,8.06511286107248,21.0,1,20.8,0.1999999999999993,20.5,21.5
57.0,0.0,0.1999999999999993,8.0662739004,21.0,1,20.8,0.1999999999999993,20.5,21.5
58.0,0.0,0.1999999999999993,8.067434850002265,21.0,1,20.8,0.1999999999999993,20.5,21.5
59.0,0.0,0.1999999999999993,8.068595708307518,21.0,1,20.8,0.1999999999999993,20.5,21.5
60.0,0.0,0.1999999999999993,8.069756473744125,21.0,1,20.8,0.1999999999999993,20.5,21.5
61.0,0.0,0.1999999999999993,8.070917144740578,21.0,1,20.8,0.1999999999999993,20.5,21.5
62.0,0.0,0.1999999999999993,8.072077719725497,21.0,1,20.8,0.1999999999999993,20.5,21.5
63.0,0.0,0.1999999999999993,8.073238197127631,21.0,1,20.8,0.1999999999999993,20.5,21.5
64.0,0.0,0.1999999999999993,8.074398575375863,21.0,1,20.8,0.1999999999999993,20.5,21.5
65.0,0.0,0.1999999999999993,8.075558852899208,21.0,1,20.8,0.1999999999999993,20.5,21.5
66.0,0.0,0.1999999999999993,8.076719028126819,21.0,1,20.8,0.1999999999999993,20.5,21.5
67.0,0.0,0.1999999999999993,8.077879099487985,21.0,1,20.8,0.1999999999999993,20.5,21.5
68.0,0.0,0.1999999999999993,8.079039065412141,21.0,1,20.8,0.1999999999999993,20.5,21.5
69.0,0.0,0.1999999999999993,8.080198924328858,21.0,1,20.8,0.1999999999999993,20.5,21.5
70.0,0.0,0.1999999999999993,8.081358674667857,21.0,1,20.8,0.1999999999999993,20.5,21.5
71.0,0.0,0.1999999999999993,8.082518314859005,21.0,1,20.8,0.1999999999999993,20.5,21.5
72.0,0.0,0.1999999999999993,8.083677843332316,21.0,1,20.8,0.1999999999999993,20.5,21.5
73.0,0.0,0.1999999999999993,8.084837258517956,21.0,1,20.8,0.1999999999999993,20.5,21.5
74.0,0.0,0.1999999999999993,8.085996558846244,21.0,1,20.8,0.1999999999999993,20.5,21.5
75.0,0.0,0.1999999999999993,8.087155742747658,21.0,1,20.8,0.1999999999999993,20.5,21.5
76.0,0.0,0.1999999999999993,8.08831480865283,21.0,1,20.8,0.1999999999999993,20.5,21.5
77.0,0.0,0.1999999999999993,8.089473754992552,21.0,1,20.8,0.1999999999999993,20.5,21.5
78.0,0.0,0.1999999999999993,8.09063258019778,21.0,1,20.8,0.1999999999999993,20.5,21.5
79.0,0.0,0.1999999999999993,8.091791282699631,21.0,1,20.8,0.1999999999999993,20.5,21.5
80.0,0.0,0.1999999999999993,8.092949860929393,21.0,1,20.8,0.1999999999999993,20.5,21.5
81.0,0.0,0.1999999999999993,8.094108313318515,21.0,1,20.8,0.1999999999999993,20.5,21.5
82.0,0.0,0.1999999999999993,8.095266638298622,21.0,1,20.8,0.1999999999999993,20.5,21.5
83.0,0.0,0.1999999999999993,8.09642483430151,21.0,1,20.8,0.1999999999999993,20.5,21.5
84.0,0.0,0.1999999999999993,8.09758289975915,21.0,1,20.8,0.1999999999999993,20.5,21.5
85.0,0.0,0.1999999999999993,8.098740833103689,21.0,1,20.8,0.1999999999999993,20.5,21.5
86.0,0.0,0.1999999999999993,8.09989863276745,21.0,1,20.8,0.1999999999999993,20.5,21.5
87.0,0.0,0.1999999999999993,8.101056297182947,21.0,1,20.8,0.1999999999999993,20.5,21.5
88.0,0.0,0.1999999999999993,8.102213824782863,21.0,1,20.8,0.1999999999999993,20.5,21.5
89.0,0.0,0.1999999999999993,8.103371214000079,21.0,1,20.8,0.1999999999999993,20.5,21.5
90.0,0.0,0.1999999999999993,8.104528463267654,21.0,1,20.8,0.1999999999999993,20.5,21.5
91.0,0.0,0.1999999999999993,8.10568557101884,21.0,1,20.8,0.1999999999999993,20.5,21.5
92.0,0.0,0.1999999999999993,8.106842535687084,21.0,1,20.8,0.1999999999999993,20.5,21.5
93.0,0.0,0.1999999999999993,8.107999355706022,21.0,1,20.8,0.1999999999999993,20.5,21.5
94.0,0.0,0.1999999999999993,8.109156029509489,21.0,1,20.8,0.1999999999999993,20.5,21.5
95.0,0.0,0.1999999999999993,8.110312555531511,21.0,1,20.8,0.1999999999999993,20.5,21.5
96.0,0.0,0.1999999999999993,8.111468932206325,21.0,1,20.8,0.1999999999999993,20.5,21.5
97.0,0.0,0.1999999999999993,8.112625157968363,21.0,1,20.8,0.1999999999999993,20.5,21.5
98.0,0.0,0.1999999999999993,8.113781231252261,21.0,1,20.8,0.1999999999999993,20.5,21.5
99.0,0.0,0.1999999999999993,8.114937150492867,21.0,1,20.8,0.1999999999999993,20.5,21.5
100.0,0.0,0.1999999999999993,8.11609291412523,21.0,1,20.8,0.1999999999999993,20.5,21.5
101.0,0.0,0.1999999999999993,8.117248520584615,21.0,1,20.8,0.1999999999999993,20.5,21.5
102.0,0.0,0.1999999999999993,8.1184039683065,21.0,1,20.8,0.1999999999999993,20.5,21.5
103.0,0.0,0.1999999999999993,8.119559255726575,21.0,1,20.8,0.1999999999999993,20.5,21.5
104.0,0.0,0.1999999999999993,8.120714381280749,21.0,1,20.8,0.1999999999999993,20.5,21.5
105.0,0.0,0.1999999999999993,8.121869343405148,21.0,1,20.8,0.1999999999999993,20.5,21.5
106.0,0.0,0.1999999999999993,8.12302414053612,21.0,1,20.8,0.1999999999999993,20.5,21.5
107.0,0.0,0.1999999999999993,8.124178771110241,21.0,1,20.8,0.1999999999999993,20.5,21.5
108.0,0.0,0.1999999999999993,8.125333233564303,21.0,1,20.8,0.1999999999999993,20.5,21.5
109.0,0.0,0.1999999999999993,8.126487526335337,21.0,1,20.8,0.1999999999999993,20.5,21.5
110.0,0.0,0.1999999999999993,8.127641647860594,21.0,1,20.8,0.1999999999999993,20.5,21.5
111.0,0.0,0.1999999999999993,8.128795596577563,21.0,1,20.8,0.1999999999999993,20.5,21.5
112.0,0.0,0.1999999999999993,8.129949370923963,21.0,1,20.8,0.1999999999999993,20.5,21.5
113.0,0.0,0.1999999999999993,8.131102969337752,21.0,1,20.8,0.1999999999999993,20.5,21.5
114.0,0.0,0.1999999999999993,8.132256390257123,21.0,1,20.8,0.1999999999999993,20.5,21.5
115.0,0.0,0.1999999999999993,8.133409632120513,21.0,1,20.8,0.1999999999999993,20.5,21.5
116.0,0.0,0.1999999999999993,8.134562693366599,21.0,1,20.8,0.1999999999999993,20.5,21.5
117.0,0.0,0.1999999999999993,8.135715572434304,21.0,1,20.8,0.1999999999999993,20.5,21.5
118.0,0.0,0.1999999999999993,8.136868267762797,21.0,1,20.8,0.1999999999999993,20.5,21.5
119.0,0.0,0.1999999999999993,8.138020777791494,21.0,1,20.8,0.1999999999999993,20.5,21.5
120.0,0.0,0.1999999999999993,8.139173100960065,21.0,1,20.8,0.1999999999999993,20.5,21.5
121.0,0.0,0.1999999999999993,8.140325235708431,21.0,1,20.8,0.1999999999999993,20.5,21.5
122.0,0.0,0.1999999999999993,8.14147718047677,21.0,1,20.8,0.1999999999999993,20.5,21.5
123.0,0.0,0.1999999999999993,8.142628933705511,21.0,1,20.8,0.1999999999999993,20.5,21.5
124.0,0.0,0.1999999999999993,8.143780493835353,21.0,1,20.8,0.1999999999999993,20.5,21.5
125.0,0.0,0.1999999999999993,8.144931859307247,21.0,1,20.8,0.1999999999999993,20.5,21.5
126.0,0.0,0.1999999999999993,8.146083028562412,21.0,1,20.8,0.1999999999999993,20.5,21.5
127.0,0.0,0.1999999999999993,8.147234000042332,21.0,1,20.8,0.1999999999999993,20.5,21.5
128.0,0.0,0.1999999999999993,8.148384772188757,21.0,1,20.8,0.1999999999999993,20.5,21.5
129.0,0.0,0.1999999999999993,8.14953534344371,21.0,1,20.8,0.1999999999999993,20.5,21.5
130.0,0.0,0.1999999999999993,8.150685712249484,21.0,1,20.8,0.1999999999999993,20.5,21.5
131.0,0.0,0.1999999999999993,8.151835877048645,21.0,1,20.8,0.1999999999999993,20.5,21.5
132.0,0.0,0.1999999999999993,8.152985836284039,21.0,1,20.8,0.1999999999999993,20.5,21.5
133.0,0.0,0.1999999999999993,8.154135588398784,21.0,1,20.8,0.1999999999999993,20.5,21.5
134.0,0.0,0.1999999999999993,8.155285131836287,21.0,1,20.8,0.1999999999999993,20.5,21.5
135.0,0.0,0.1999999999999993,8.156434465040231,21.0,1,20.8,0.1999999999999993,20.5,21.5
136.0,0.0,0.1999999999999993,8.157583586454585,21.0,1,20.8,0.1999999999999993,20.5,21.5
137.0,0.0,0.1999999999999993,8.158732494523605,21.0,1,20.8,0.1999999999999993,20.5,21.5
138.0,0.0,0.1999999999999993,8.159881187691834,21.0,1,20.8,0.1999999999999993,20.5,21.5
139.0,0.0,0.1999999999999993,8.161029664404113,21.0,1,20.8,0.1999999999999993,20.5,21.5
140.0,0.0,0.1999999999999993,8.162177923105567,21.0,1,20.8,0.1999999999999993,20.5,21.5
141.0,0.0,0.1999999999999993,8.163325962241622,21.0,1,20.8,0.1999999999999993,20.5,21.5
142.0,0.0,0.1999999999999993,8.164473780258,21.0,1,20.8,0.1999999999999993,20.5,21.5
143.0,0.0,0.1999999999999993,8.165621375600718,21.0,1,20.8,0.1999999999999993,20.5,21.5
144.0,0.0,0.1999999999999993,8.166768746716102,21.0,1,20.8,0.1999999999999993,20.5,21.5
145.0,0.0,0.1999999999999993,8.167915892050777,21.0,1,20.8,0.1999999999999993,20.5,21.5
146.0,0.0,0.1999999999999993,8.169062810051674,21.0,1,20.8,0.1999999999999993,20.5,21.5
147.0,0.0,0.1999999999999993,8.170209499166033,21.0,1,20.8,0.1999999999999993,20.5,21.5
148.0,0.0,0.1999999999999993,8.171355957841401,21.0,1,20.8,0.1999999999999993,20.5,21.5
149.0,0.0,0.1999999999999993,8.172502184525642,21.0,1,20.8,0.1999999999999993,20.5,21.5
150.0,0.0,0.1999999999999993,8.17364817766693,21.0,1,20.8,0.1999999999999993,20.5,21.5
151.0,0.0,0.1999999999999993,8.174793935713756,21.0,1,20.8,0.1999999999999993,20.5,21.5
152.0,0.0,0.1999999999999993,8.17593945711493,21.0,1,20.8,0.1999999999999993,20.5,21.5
153.0,0.0,0.1999999999999993,8.177084740319584,21.0,1,20.8,0.1999999999999993,20.5,21.5
154.0,0.0,0.1999999999999993,8.178229783777166,21.0,1,20.8,0.1999999999999993,20.5,21.5
155.0,0.0,0.1999999999999993,8.179374585937458,21.0,1,20.8,0.1999999999999993,20.5,21.5
156.0,0.0,0.1999999999999993,8.18051914525056,21.0,1,20.8,0.1999999999999993,20.5,21.5
157.0,0.0,0.1999999999999993,8.181663460166908,21.0,1,20.8,0.1999999999999993,20.5,21.5
158.0,0.0,0.1999999999999993,8.18280752913726,21.0,1,20.8,0.1999999999999993,20.5,21.5
159.0,0.0,0.1999999999999993,8.18395135061272,21.0,1,20.8,0.1999999999999993,20.5,21.5
160.0,0.0,0.1999999999999993,8.185094923044714,21.0,1,20.8,0.1999999999999993,20.5,21.5
161.0,0.0,0.1999999999999993,8.186238244885013,21.0,1,20.8,0.1999999999999993,20.5,21.5
162.0,0.0,0.1999999999999993,8.187381314585725,21.0,1,20.8,0.1999999999999993,20.5,21.5
163.0,0.0,0.1999999999999993,8.188524130599298,21.0,1,20.8,0.1999999999999993,20.5,21.5
164.0,0.0,0.1999999999999993,8.189666691378525,21.0,1,20.8,0.1999999999999993,20.5,21.5
165.0,0.0,0.1999999999999993,8.190808995376544,21.0,1,20.8,0.1999999999999993,20.5,21.5
166.0,0.0,0.1999999999999993,8.191951041046844,21.0,1,20.8,0.1999999999999993,20.5,21.5
167.0,0.0,0.1999999999999993,8.193092826843257,21.0,1,20.8,0.1999999999999993,20.5,21.5
168.0,0.0,0.1999999999999993,8.194234351219972,21.0,1,20.8,0.1999999999999993,20.5,21.5
169.0,0.0,0.1999999999999993,8.19537561263153,21.0,1,20.8,0.1999999999999993,20.5,21.5
170.0,0.0,0.1999999999999993,8.19651660953283,21.0,1,20.8,0.1999999999999993,20.5,21.5
171.0,0.0,0.1999999999999993,8.197657340379125,21.0,1,20.8,0.1999999999999993,20.5,21.5
172.0,0.0,0.1999999999999993,8.198797803626034,21.0,1,20.8,0.1999999999999993,20.5,21.5
173.0,0.0,0.1999999999999993,8.199937997729533,21.0,1,20.8,0.1999999999999993,20.5,21.5
174.0,0.0,0.1999999999999993,8.201077921145965,21.0,1,20.8,0.1999999999999993,20.5,21.5
175.0,0.0,0.1999999999999993,8.202217572332039,21.0,1,20.8,0.1999999999999993,20.5,21.5
176.0,0.0,0.1999999999999993,8.20335694974483,21.0,1,20.8,0.1999999999999993,20.5,21.5
177.0,0.0,0.1999999999999993,8.20449605184179,21.0,1,20.8,0.1999999999999993,20.5,21.5
178.0,0.0,0.1999999999999993,8.205634877080739,21.0,1,20.8,0.1999999999999993,20.5,21.5
179.0,0.0,0.1999999999999993,8.20677342391987,21.0,1,20.8,0.1999999999999993,20.5,21.5
180.0,0.0,0.1999999999999993,8.20791169081776,21.0,1,20.8,0.1999999999999993,20.5,21.5
181.0,0.0,0.1999999999999993,8.209049676233356,21.0,1,20.8,0.1999999999999993,20.5,21.5
182.0,0.0,0.1999999999999993,8.210187378625994,21.0,1,20.8,0.1999999999999993,20.5,21.5
183.0,0.0,0.1999999999999993,8.211324796455388,21.0,1,20.8,0.1999999999999993,20.5,21.5
184.0,0.0,0.1999999999999993,8.212461928181641,21.0,1,20.8,0.1999999999999993,20.5,21.5
185.0,0.0,0.1999999999999993,8.21359877226524,21.0,1,20.8,0.1999999999999993,20.5,21.5
186.0,0.0,0.1999999999999993,8.214735327167062,21.0,1,20.8,0.1999999999999993,20.5,21.5
187.0,0.0,0.1999999999999993,8.21587159134838,21.0,1,20.8,0.1999999999999993,20.5,21.5
188.0,0.0,0.1999999999999993,8.217007563270853,21.0,1,20.8,0.1999999999999993,20.5,21.5
189.0,0.0,0.1999999999999993,8.218143241396543,21.0,1,20.8,0.1999999999999993,20.5,21.5
190.0,0.0,0.1999999999999993,8.219278624187904,21.0,1,20.8,0.1999999999999993,20.5,21.5
191.0,0.0,0.1999999999999993,8.220413710107792,21.0,1,20.8,0.1999999999999993,20.5,21.5
192.0,0.0,0.1999999999999993,8.221548497619468,21.0,1,20.8,0.1999999999999993,20.5,21.5
193.0,0.0,0.1999999999999993,8.22268298518659,21.0,1,20.8,0.1999999999999993,20.5,21.5
194.0,0.0,0.1999999999999993,8.22381717127323,21.0,1,20.8,0.1999999999999993,20.5,21.5
195.0,0.0,0.1999999999999993,8.224951054343865,21.0,1,20.8,0.1999999999999993,20.5,21.5
196.0,0.0,0.1999999999999993,8.226084632863378,21.0,1,20.8,0.1999999999999993,20.5,21.5
197.0,0.0,0.1999999999999993,8.22721790529707,21.0,1,20.8,0.1999999999999993,20.5,21.5
198.0,0.0,0.1999999999999993,8.228350870110656,21.0,1,20.8,0.1999999999999993,20.5,21.5
199.0,0.0,0.1999999999999993,8.229483525770263,21.0,1,20.8,0.1999999999999993,20.5,21.5
200.0,0.0,0.1999999999999993,8.23061587074244,21.0,1,20.8,0.1999999999999993,20.5,21.5
201.0,0.0,0.1999999999999993,8.231747903494158,21.0,1,20.8,0.1999999999999993,20.5,21.5
202.0,0.0,0.1999999999999993,8.232879622492806,21.0,1,20.8,0.1999999999999993,20.5,21.5
203.0,0.0,0.1999999999999993,8.234011026206202,21.0,1,20.8,0.1999999999999993,20.5,21.5
204.0,0.0,0.1999999999999993,8.23514211310259,21.0,1,20.8,0.1999999999999993,20.5,21.5
205.0,0.0,0.1999999999999993,8.236272881650642,21.0,1,20.8,0.1999999999999993,20.5,21.5
206.0,0.0,0.1999999999999993,8.23740333031946,21.0,1,20.8,0.1999999999999993,20.5,21.5
207.0,0.0,0.1999999999999993,8.238533457578582,21.0,1,20.8,0.1999999999999993,20.5,21.5
208.0,0.0,0.1999999999999993,8.239663261897977,21.0,1,20.8,0.1999999999999993,20.5,21.5
209.0,0.0,0.1999999999999993,8.240792741748056,21.0,1,20.8,0.1999999999999993,20.5,21.5
210.0,0.0,0.1999999999999993,8.241921895599667,21.0,1,20.8,0.1999999999999993,20.5,21.5
211.0,0.0,0.1999999999999993,8.2430507219241,21.0,1,20.8,0.1999999999999993,20.5,21.5
212.0,0.0,0.1999999999999993,8.244179219193086,21.0,1,20.8,0.1999999999999993,20.5,21.5
213.0,0.0,0.1999999999999993,8.245307385878803,21.0,1,20.8,0.1999999999999993,20.5,21.5
214.0,0.0,0.1999999999999993,8.246435220453877,21.0,1,20.8,0.1999999999999993,20.5,21.5
215.0,0.0,0.1999999999999993,8.247562721391386,21.0,1,20.8,0.1999999999999993,20.5,21.5
216.0,0.0,0.1999999999999993,8.248689887164854,21.0,1,20.8,0.1999999999999993,20.5,21.5
217.0,0.0,0.1999999999999993,8.249816716248265,21.0,1,20.8,0.1999999999999993,20.5,21.5
218.0,0.0,0.1999999999999993,8.250943207116054,21.0,1,20.8,0.1999999999999993,20.5,21.5
219.0,0.0,0.1999999999999993,8.252069358243114,21.0,1,20.8,0.1999999999999993,20.5,21.5
220.0,0.0,0.1999999999999993,8.253195168104801,21.0,1,20.8,0.1999999999999993,20.5,21.5
221.0,0.0,0.1999999999999993,8.254320635176933,21.0,1,20.8,0.1999999999999993,20.5,21.5
222.0,0.0,0.1999999999999993,8.25544575793579,21.0,1,20.8,0.1999999999999993,20.5,21.5
223.0,0.0,0.1999999999999993,8.256570534858119,21.0,1,20.8,0.1999999999999993,20.5,21.5
224.0,0.0,0.1999999999999993,8.257694964421134,21.0,1,20.8,0.1999999999999993,20.5,21.5
225.0,0.0,0.1999999999999993,8.25881904510252,21.0,1,20.8,0.1999999999999993,20.5,21.5
226.0,0.0,0.1999999999999993,8.259942775380438,21.0,1,20.8,0.1999999999999993,20.5,21.5
227.0,0.0,0.1999999999999993,8.261066153733516,21.0,1,20.8,0.1999999999999993,20.5,21.5
228.0,0.0,0.1999999999999993,8.262189178640865,21.0,1,20.8,0.1999999999999993,20.5,21.5
229.0,0.0,0.1999999999999993,8.26331184858207,21.0,1,20.8,0.1999999999999993,20.5,21.5
230.0,0.0,0.1999999999999993,8.264434162037203,21.0,1,20.8,0.1999999999999993,20.5,21.5
231.0,0.0,0.1999999999999993,8.265556117486808,21.0,1,20.8,0.1999999999999993,20.5,21.5
232.0,0.0,0.1999999999999993,8.266677713411926,21.0,1,20.8,0.1999999999999993,20.5,21.5
233.0,0.0,0.1999999999999993,8.267798948294075,21.0,1,20.8,0.1999999999999993,20.5,21.5
234.0,0.0,0.1999999999999993,8.268919820615265,21.0,1,20.8,0.1999999999999993,20.5,21.5
235.0,0.0,0.1999999999999993,8.270040328858,21.0,1,20.8,0.1999999999999993,20.5,21.5
236.0,0.0,0.1999999999999993,8.271160471505274,21.0,1,20.8,0.1999999999999993,20.5,21.5
237.0,0.0,0.1999999999999993,8.272280247040575,21.0,1,20.8,0.1999999999999993,20.5,21.5
238.0,0.0,0.1999999999999993,8.273399653947887,21.0,1,20.8,0.1999999999999993,20.5,21.5
239.0,0.0,0.1999999999999993,8.274518690711702,21.0,1,20.8,0.1999999999999993,20.5,21.5
240.0,0.0,0.1999999999999993,8.275637355816999,21.0,1,20.8,0.1999999999999993,20.5,21.5
241.0,0.0,0.1999999999999993,8.276755647749273,21.0,1,20.8,0.1999999999999993,20.5,21.5
242.0,0.0,0.1999999999999993,8.277873564994515,21.0,1,20.8,0.1999999999999993,20.5,21.5
243.0,0.0,0.1999999999999993,8.278991106039228,21.0,1,20.8,0.1999999999999993,20.5,21.5
244.0,0.0,0.1999999999999993,8.280108269370427,21.0,1,20.8,0.1999999999999993,20.5,21.5
245.0,0.0,0.1999999999999993,8.28122505347563,21.0,1,20.8,0.1999999999999993,20.5,21.5
246.0,0.0,0.1999999999999993,8.282341456842877,21.0,1,20.8,0.1999999999999993,20.5,21.5
247.0,0.0,0.1999999999999993,8.283457477960717,21.0,1,20.8,0.1999999999999993,20.5,21.5
248.0,0.0,0.1999999999999993,8.284573115318219,21.0,1,20.8,0.1999999999999993,20.5,21.5
249.0,0.0,0.1999999999999993,8.285688367404973,21.0,1,20.8,0.1999999999999993,20.5,21.5
250.0,0.0,0.1999999999999993,8.28680323271109,21.0,1,20.8,0.1999999999999993,20.5,21.5
251.0,0.0,0.1999999999999993,8.287917709727203,21.0,1,20.8,0.1999999999999993,20.5,21.5
252.0,0.0,0.1999999999999993,8.289031796944471,21.0,1,20.8,0.1999999999999993,20.5,21.5
253.0,0.0,0.1999999999999993,8.290145492854583,21.0,1,20.8,0.1999999999999993,20.5,21.5
254.0,0.0,0.1999999999999993,8.291258795949755,21.0,1,20.8,0.1999999999999993,20.5,21.5
255.0,0.0,0.1999999999999993,8.292371704722736,21.0,1,20.8,0.1999999999999993,20.5,21.5
256.0,0.0,0.1999999999999993,8.29348421766681,21.0,1,20.8,0.1999999999999993,20.5,21.5
257.0,0.0,0.1999999999999993,8.294596333275795,21.0,1,20.8,0.1999999999999993,20.5,21.5
258.0,0.0,0.1999999999999993,8.295708050044047,21.0,1,20.8,0.1999999999999993,20.5,21.5
259.0,0.0,0.1999999999999993,8.296819366466464,21.0,1,20.8,0.1999999999999993,20.5,21.5
260.0,0.0,0.1999999999999993,8.297930281038482,21.0,1,20.8,0.1999999999999993,20.5,21.5
261.0,0.0,0.1999999999999993,8.299040792256086,21.0,1,20.8,0.1999999999999993,20.5,21.5
262.0,0.0,0.1999999999999993,8.300150898615806,21.0,1,20.8,0.1999999999999993,20.5,21.5
263.0,0.0,0.1999999999999993,8.301260598614716,21.0,1,20.8,0.1999999999999993,20.5,21.5
264.0,0.0,0.1999999999999993,8.302369890750445,21.0,1,20.8,0.1999999999999993,20.5,21.5
265.0,0.0,0.1999999999999993,8.30347877352117,21.0,1,20.8,0.1999999999999993,20.5,21.5
266.0,0.0,0.1999999999999993,8.304587245425628,21.0,1,20.8,0.1999999999999993,20.5,21.5
267.0,0.0,0.1999999999999993,8.305695304963105,21.0,1,20.8,0.1999999999999993,20.5,21.5
268.0,0.0,0.1999999999999993,8.306802950633452,21.0,1,20.8,0.1999999999999993,20.5,21.5
269.0,0.0,0.1999999999999993,8.307910180937077,21.0,1,20.8,0.1999999999999993,20.5,21.5
270.0,0.0,0.1999999999999993,8.309016994374947,21.0,1,20.8,0.1999999999999993,20.5,21.5
271.0,0.0,0.1999999999999993,8.310123389448602,21.0,1,20.8,0.1999999999999993,20.5,21.5
272.0,0.0,0.1999999999999993,8.31122936466014,21.0,1,20.8,0.1999999999999993,20.5,21.5
273.0,0.0,0.1999999999999993,8.312334918512233,21.0,1,20.8,0.1999999999999993,20.5,21.5
274.0,0.0,0.1999999999999993,8.31344004950812,21.0,1,20.8,0.1999999999999993,20.5,21.5
275.0,0.0,0.1999999999999993,8.314544756151614,21.0,1,20.8,0.1999999999999993,20.5,21.5
276.0,0.0,0.1999999999999993,8.315649036947102,21.0,1,20.8,0.1999999999999993,20.5,21.5
277.0,0.0,0.1999999999999993,8.316752890399549,21.0,1,20.8,0.1999999999999993,20.5,21.5
278.0,0.0,0.1999999999999993,8.317856315014497,21.0,1,20.8,0.1999999999999993,20.5,21.5
279.0,0.0,0.1999999999999993,8.31895930929807,21.0,1,20.8,0.1999999999999993,20.5,21.5
280.0,0.0,0.1999999999999993,8.320061871756971,21.0,1,20.8,0.1999999999999993,20.5,21.5
281.0,0.0,0.1999999999999993,8.321164000898493,21.0,1,20.8,0.1999999999999993,20.5,21.5
282.0,0.0,0.1999999999999993,8.322265695230511,21.0,1,20.8,0.1999999999999993,20.5,21.5
283.0,0.0,0.1999999999999993,8.323366953261491,21.0,1,20.8,0.1999999999999993,20.5,21.5
284.0,0.0,0.1999999999999993,8.32446777350049,21.0,1,20.8,0.1999999999999993,20.5,21.5
285.0,0.0,0.1999999999999993,8.325568154457157,21.0,1,20.8,0.1999999999999993,20.5,21.5
286.0,0.0,0.1999999999999993,8.326668094641734,21.0,1,20.8,0.1999999999999993,20.5,21.5
287.0,0.0,0.1999999999999993,8.327767592565063,21.0,1,20.8,0.1999999999999993,20.5,21.5
288.0,0.0,0.1999999999999993,8.328866646738582,21.0,1,20.8,0.1999999999999993,20.5,21.5
289.0,0.0,0.1999999999999993,8.329965255674335,21.0,1,20.8,0.1999999999999993,20.5,21.5
290.0,0.0,0.1999999999999993,8.331063417884959,21.0,1,20.8,0.1999999999999993,20.5,21.5
291.0,0.0,0.1999999999999993,8.332161131883703,21.0,1,20.8,0.1999999999999993,20.5,21.5
292.0,0.0,0.1999999999999993,8.333258396184425,21.0,1,20.8,0.1999999999999993,20.5,21.5
293.0,0.0,0.1999999999999993,8.334355209301583,21.0,1,20.8,0.1999999999999993,20.5,21.5
294.0,0.0,0.1999999999999993,8.335451569750255,21.0,1,20.8,0.1999999999999993,20.5,21.5
295.0,0.0,0.1999999999999993,8.336547476046126,21.0,1,20.8,0.1999999999999993,20.5,21.5
296.0,0.0,0.1999999999999993,8.337642926705499,21.0,1,20.8,0.1999999999999993,20.5,21.5
297.0,0.0,0.1999999999999993,8.338737920245292,21.0,1,20.8,0.1999999999999993,20.5,21.5
298.0,0.0,0.1999999999999993,8.339832455183041,21.0,1,20.8,0.1999999999999993,20.5,21.5
299.0,0.0,0.1999999999999993,8.340926530036906,21.0,1,20.8,0.1999999999999993,20.5,21.5
300.0,0.0,0.1999999999999993,8.34202014332567,21.0,1,20.8,0.1999999999999993,20.5,21.5
301.0,0.0,0.1999999999999993,8.343113293568734,21.0,1,20.8,0.1999999999999993,20.5,21.5
302.0,0.0,0.1999999999999993,8.344205979286135,21.0,1,20.8,0.1999999999999993,20.5,21.5
303.0,0.0,0.1999999999999993,8.345298198998535,21.0,1,20.8,0.1999999999999993,20.5,21.5
304.0,0.0,0.1999999999999993,8.346389951227225,21.0,1,20.8,0.1999999999999993,20.5,21.5
305.0,0.0,0.1999999999999993,8.347481234494131,21.0,1,20.8,0.1999999999999993,20.5,21.5
306.0,0.0,0.1999999999999993,8.348572047321815,21.0,1,20.8,0.1999999999999993,20.5,21.5
307.0,0.0,0.1999999999999993,8.349662388233474,21.0,1,20.8,0.1999999999999993,20.5,21.5
308.0,0.0,0.1999999999999993,8.350752255752944,21.0,1,20.8,0.1999999999999993,20.5,21.5
309.0,0.0,0.1999999999999993,8.351841648404703,21.0,1,20.8,0.1999999999999993,20.5,21.5
310.0,0.0,0.1999999999999993,8.35293056471387,21.0,1,20.8,0.1999999999999993,20.5,21.5
311.0,0.0,0.1999999999999993,8.35401900320621,21.0,1,20.8,0.1999999999999993,20.5,21.5
312.0,0.0,0.1999999999999993,8.355106962408136,21.0,1,20.8,0.1999999999999993,20.5,21.5
313.0,0.0,0.1999999999999993,8.35619444084671,21.0,1,20.8,0.1999999999999993,20.5,21.5
314.0,0.0,0.1999999999999993,8.357281437049643,21.0,1,20.8,0.1999999999999993,20.5,21.5
315.0,0.0,0.1999999999999993,8.3583679495453,21.0,1,20.8,0.1999999999999993,20.5,21.5
316.0,0.0,0.1999999999999993,8.3594539768627,21.0,1,20.8,0.1999999999999993,20.5,21.5
317.0,0.0,0.1999999999999993,8.36053951753152,21.0,1,20.8,0.1999999999999993,20.5,21.5
318.0,0.0,0.1999999999999993,8.361624570082093,21.0,1,20.8,0.1999999999999993,20.5,21.5
319.0,0.0,0.1999999999999993,8.362709133045417,21.0,1,20.8,0.1999999999999993,20.5,21.5
320.0,0.0,0.1999999999999993,8.36379320495315,21.0,1,20.8,0.1999999999999993,20.5,21.5
321.0,0.0,0.1999999999999993,8.36487678433762,21.0,1,20.8,0.1999999999999993,20.5,21.5
322.0,0.0,0.1999999999999993,8.365959869731812,21.0,1,20.8,0.1999999999999993,20.5,21.5
323.0,0.0,0.1999999999999993,8.367042459669388,21.0,1,20.8,0.1999999999999993,20.5,21.5
324.0,0.0,0.1999999999999993,8.368124552684678,21.0,1,20.8,0.1999999999999993,20.5,21.5
325.0,0.0,0.1999999999999993,8.369206147312685,21.0,1,20.8,0.1999999999999993,20.5,21.5
326.0,0.0,0.1999999999999993,8.370287242089086,21.0,1,20.8,0.1999999999999993,20.5,21.5
327.0,0.0,0.1999999999999993,8.371367835550235,21.0,1,20.8,0.1999999999999993,20.5,21.5
328.0,0.0,0.1999999999999993,8.372447926233166,21.0,1,20.8,0.1999999999999993,20.5,21.5
329.0,0.0,0.1999999999999993,8.373527512675594,21.0,1,20.8,0.1999999999999993,20.5,21.5
330.0,0.0,0.1999999999999993,8.374606593415912,21.0,1,20.8,0.1999999999999993,20.5,21.5
331.0,0.0,0.1999999999999993,8.375685166993204,21.0,1,20.8,0.1999999999999993,20.5,21.5
332.0,0.0,0.1999999999999993,8.376763231947237,21.0,1,20.8,0.1999999999999993,20.5,21.5
333.0,0.0,0.1999999999999993,8.377840786818467,21.0,1,20.8,0.1999999999999993,20.5,21.5
334.0,0.0,0.1999999999999993,8.37891783014804,21.0,1,20.8,0.1999999999999993,20.5,21.5
335.0,0.0,0.1999999999999993,8.379994360477799,21.0,1,20.8,0.1999999999999993,20.5,21.5
336.0,0.0,0.1999999999999993,8.381070376350275,21.0,1,20.8,0.1999999999999993,20.5,21.5
337.0,0.0,0.1999999999999993,8.382145876308698,21.0,1,20.8,0.1999999999999993,20.5,21.5
338.0,0.0,0.1999999999999993,8.383220858896998,21.0,1,20.8,0.1999999999999993,20.5,21.5
339.0,0.0,0.1999999999999993,8.384295322659804,21.0,1,20.8,0.1999999999999993,20.5,21.5
340.0,0.0,0.1999999999999993,8.385369266142447,21.0,1,20.8,0.1999999999999993,20.5,21.5
341.0,0.0,0.1999999999999993,8.386442687890968,21.0,1,20.8,0.1999999999999993,20.5,21.5
342.0,0.0,0.1999999999999993,8.387515586452103,21.0,1,20.8,0.1999999999999993,20.5,21.5
343.0,0.0,0.1999999999999993,8.388587960373307,21.0,1,20.8,0.1999999999999993,20.5,21.5
344.0,0.0,0.1999999999999993,8.389659808202738,21.0,1,20.8,0.1999999999999993,20.5,21.5
345.0,0.0,0.1999999999999993,8.390731128489273,21.0,1,20.8,0.1999999999999993,20.5,21.5
346.0,0.0,0.1999999999999993,8.391801919782498,21.0,1,20.8,0.1999999999999993,20.5,21.5
347.0,0.0,0.1999999999999993,8.392872180632716,21.0,1,20.8,0.1999999999999993,20.5,21.5
348.0,0.0,0.1999999999999993,8.393941909590952,21.0,1,20.8,0.1999999999999993,20.5,21.5
349.0,0.0,0.1999999999999993,8.395011105208942,21.0,1,20.8,0.1999999999999993,20.5,21.5
350.0,0.0,0.1999999999999993,8.396079766039156,21.0,1,20.8,0.1999999999999993,20.5,21.5
351.0,0.0,0.1999999999999993,8.39714789063478,21.0,1,20.8,0.1999999999999993,20.5,21.5
352.0,0.0,0.1999999999999993,8.398215477549728,21.0,1,20.8,0.1999999999999993,20.5,21.5
353.0,0.0,0.1999999999999993,8.399282525338643,21.0,1,20.8,0.1999999999999993,20.5,21.5
354.0,0.0,0.1999999999999993,8.400349032556894,21.0,1,20.8,0.1999999999999993,20.5,21.5
355.0,0.0,0.1999999999999993,8.40141499776059,21.0,1,20.8,0.1999999999999993,20.5,21.5
356.0,0.0,0.1999999999999993,8.402480419506563,21.0,1,20.8,0.1999999999999993,20.5,21.5
357.0,0.0,0.1999999999999993,8.403545296352391,21.0,1,20.8,0.1999999999999993,20.5,21.5
358.0,0.0,0.1999999999999993,8.40460962685638,21.0,1,20.8,0.1999999999999993,20.5,21.5
359.0,0.0,0.1999999999999993,8.405673409577586,21.0,1,20.8,0.1999999999999993,20.5,21.5
360.0,0.0,0.1999999999999993,8.406736643075801,21.0,1,20.8,0.1999999999999993,20.5,21.5
361.0,0.0,0.1999999999999993,8.407799325911556,21.0,1,20.8,0.1999999999999993,20.5,21.5
362.0,0.0,0.1999999999999993,8.408861456646138,21.0,1,20.8,0.1999999999999993,20.5,21.5
363.0,0.0,0.1999999999999993,8.409923033841572,21.0,1,20.8,0.1999999999999993,20.5,21.5
364.0,0.0,0.1999999999999993,8.41098405606064,21.0,1,20.8,0.1999999999999993,20.5,21.5
365.0,0.0,0.1999999999999993,8.412044521866868,21.0,1,20.8,0.1999999999999993,20.5,21.5
366.0,0.0,0.1999999999999993,8.413104429824541,21.0,1,20.8,0.1999999999999993,20.5,21.5
367.0,0.0,0.1999999999999993,8.414163778498699,21.0,1,20.8,0.1999999999999993,20.5,21.5
368.0,0.0,0.1999999999999993,8.415222566455133,21.0,1,20.8,0.1999999999999993,20.5,21.5
369.0,0.0,0.1999999999999993,8.416280792260402,21.0,1,20.8,0.1999999999999993,20.5,21.5
370.0,0.0,0.1999999999999993,8.417338454481818,21.0,1,20.8,0.1999999999999993,20.5,21.5
371.0,0.0,0.1999999999999993,8.418395551687462,21.0,1,20.8,0.1999999999999993,20.5,21.5
372.0,0.0,0.1999999999999993,8.419452082446178,21.0,1,20.8,0.1999999999999993,20.5,21.5
373.0,0.0,0.1999999999999993,8.420508045327574,21.0,1,20.8,0.1999999999999993,20.5,21.5
374.0,0.0,0.1999999999999993,8.421563438902032,21.0,1,20.8,0.1999999999999993,20.5,21.5
375.0,0.0,0.1999999999999993,8.4226182617407,21.0,1,20.8,0.1999999999999993,20.5,21.5
376.0,0.0,0.1999999999999993,8.423672512415502,21.0,1,20.8,0.1999999999999993,20.5,21.5
377.0,0.0,0.1999999999999993,8.424726189499134,21.0,1,20.8,0.1999999999999993,20.5,21.5
378.0,0.0,0.1999999999999993,8.425779291565073,21.0,1,20.8,0.1999999999999993,20.5,21.5
379.0,0.0,0.1999999999999993,8.42683181718757,21.0,1,20.8,0.1999999999999993,20.5,21.5
380.0,0.0,0.1999999999999993,8.427883764941654,21.0,1,20.8,0.1999999999999993,20.5,21.5
381.0,0.0,0.1999999999999993,8.428935133403145,21.0,1,20.8,0.1999999999999993,20.5,21.5
382.0,0.0,0.1999999999999993,8.429985921148642,21.0,1,20.8,0.1999999999999993,20.5,21.5
383.0,0.0,0.1999999999999993,8.43103612675553,21.0,1,20.8,0.1999999999999993,20.5,21.5
384.0,0.0,0.1999999999999993,8.432085748801983,21.0,1,20.8,0.1999999999999993,20.5,21.5
385.0,0.0,0.1999999999999993,8.433134785866963,21.0,1,20.8,0.1999999999999993,20.5,21.5
386.0,0.0,0.1999999999999993,8.434183236530227,21.0,1,20.8,0.1999999999999993,20.5,21.5
387.0,0.0,0.1999999999999993,8.435231099372327,21.0,1,20.8,0.1999999999999993,20.5,21.5
388.0,0.0,0.1999999999999993,8.436278372974607,21.0,1,20.8,0.1999999999999993,20.5,21.5
389.0,0.0,0.1999999999999993,8.437325055919208,21.0,1,20.8,0.1999999999999993,20.5,21.5
390.0,0.0,0.1999999999999993,8.438371146789077,21.0,1,20.8,0.1999999999999993,20.5,21.5
391.0,0.0,0.1999999999999993,8.439416644167956,21.0,1,20.8,0.1999999999999993,20.5,21.5
392.0,0.0,0.1999999999999993,8.440461546640394,21.0,1,20.8,0.1999999999999993,20.5,21.5
393.0,0.0,0.1999999999999993,8.441505852791746,21.0,1,20.8,0.1999999999999993,20.5,21.5
394.0,0.0,0.1999999999999993,8.44254956120817,21.0,1,20.8,0.1999999999999993,20.5,21.5
395.0,0.0,0.1999999999999993,8.443592670476637,21.0,1,20.8,0.1999999999999993,20.5,21.5
396.0,0.0,0.1999999999999993,8.444635179184928,21.0,1,20.8,0.1999999999999993,20.5,21.5
397.0,0.0,0.1999999999999993,8.445677085921638,21.0,1,20.8,0.1999999999999993,20.5,21.5
398.0,0.0,0.1999999999999993,8.446718389276176,21.0,1,20.8,0.1999999999999993,20.5,21.5
399.0,0.0,0.1999999999999993,8.44775908783877,21.0,1,20.8,0.1999999999999993,20.5,21.5
400.0,0.0,0.1999999999999993,8.448799180200462,21.0,1,20.8,0.1999999999999993,20.5,21.5
401.0,0.0,0.1999999999999993,8.44983866495312,21.0,1,20.8,0.1999999999999993,20.5,21.5
402.0,0.0,0.1999999999999993,8.450877540689431,21.0,1,20.8,0.1999999999999993,20.5,21.5
403.0,0.0,0.1999999999999993,8.451915806002908,21.0,1,20.8,0.1999999999999993,20.5,21.5
404.0,0.0,0.1999999999999993,8.45295345948789,21.0,1,20.8,0.1999999999999993,20.5,21.5
405.0,0.0,0.1999999999999993,8.453990499739547,21.0,1,20.8,0.1999999999999993,20.5,21.5
406.0,0.0,0.1999999999999993,8.455026925353874,21.0,1,20.8,0.1999999999999993,20.5,21.5
407.0,0.0,0.1999999999999993,8.456062734927702,21.0,1,20.8,0.1999999999999993,20.5,21.5
408.0,0.0,0.1999999999999993,8.457097927058694,21.0,1,20.8,0.1999999999999993,20.5,21.5
409.0,0.0,0.1999999999999993,8.458132500345352,21.0,1,20.8,0.1999999999999993,20.5,21.5
410.0,0.0,0.1999999999999993,8.459166453387011,21.0,1,20.8,0.1999999999999993,20.5,21.5
411.0,0.0,0.1999999999999993,8.460199784783851,21.0,1,20.8,0.1999999999999993,20.5,21.5
412.0,0.0,0.1999999999999993,8.46123249313689,21.0,1,20.8,0.1999999999999993,20.5,21.5
413.0,0.0,0.1999999999999993,8.462264577047991,21.0,1,20.8,0.1999999999999993,20.5,21.5
414.0,0.0,0.1999999999999993,8.463296035119862,21.0,1,20.8,0.1999999999999993,20.5,21.5
415.0,0.0,0.1999999999999993,8.464326865956057,21.0,1,20.8,0.1999999999999993,20.5,21.5
416.0,0.0,0.1999999999999993,8.465357068160982,21.0,1,20.8,0.1999999999999993,20.5,21.5
417.0,0.0,0.1999999999999993,8.466386640339891,21.0,1,20.8,0.1999999999999993,20.5,21.5
418.0,0.0,0.1999999999999993,8.467415581098894,21.0,1,20.8,0.1999999999999993,20.5,21.5
419.0,0.0,0.1999999999999993,8.468443889044954,21.0,1,20.8,0.1999999999999993,20.5,21.5
420.0,0.0,0.1999999999999993,8.469471562785891,21.0,1,20.8,0.1999999999999993,20.5,21.5
421.0,0.0,0.1999999999999993,8.470498600930384,21.0,1,20.8,0.1999999999999993,20.5,21.5
422.0,0.0,0.1999999999999993,8.47152500208797,21.0,1,20.8,0.1999999999999993,20.5,21.5
423.0,0.0,0.1999999999999993,8.472550764869053,21.0,1,20.8,0.1999999999999993,20.5,21.5
424.0,0.0,0.1999999999999993,8.4735758878849,21.0,1,20.8,0.1999999999999993,20.5,21.5
425.0,0.0,0.1999999999999993,8.474600369747641,21.0,1,20.8,0.1999999999999993,20.5,21.5
426.0,0.0,0.1999999999999993,8.475624209070276,21.0,1,20.8,0.1999999999999993,20.5,21.5
427.0,0.0,0.1999999999999993,8.476647404466675,21.0,1,20.8,0.1999999999999993,20.5,21.5
428.0,0.0,0.1999999999999993,8.47766995455158,21.0,1,20.8,0.1999999999999993,20.5,21.5
429.0,0.0,0.1999999999999993,8.478691857940607,21.0,1,20.8,0.1999999999999993,20.5,21.5
430.0,0.0,0.1999999999999993,8.479713113250247,21.0,1,20.8,0.1999999999999993,20.5,21.5
431.0,0.0,0.1999999999999993,8.480733719097866,21.0,1,20.8,0.1999999999999993,20.5,21.5
432.0,0.0,0.1999999999999993,8.481753674101714,21.0,1,20.8,0.1999999999999993,20.5,21.5
433.0,0.0,0.1999999999999993,8.482772976880922,21.0,1,20.8,0.1999999999999993,20.5,21.5
434.0,0.0,0.1999999999999993,8.483791626055496,21.0,1,20.8,0.1999999999999993,20.5,21.5
435.0,0.0,0.1999999999999993,8.484809620246336,21.0,1,20.8,0.1999999999999993,20.5,21.5
436.0,0.0,0.1999999999999993,8.485826958075227,21.0,1,20.8,0.1999999999999993,20.5,21.5
437.0,0.0,0.1999999999999993,8.486843638164839,21.0,1,20.8,0.1999999999999993,20.5,21.5
438.0,0.0,0.1999999999999993,8.487859659138733,21.0,1,20.8,0.1999999999999993,20.5,21.5
439.0,0.0,0.1999999999999993,8.488875019621366,21.0,1,20.8,0.1999999999999993,20.5,21.5
440.0,0.0,0.1999999999999993,8.489889718238087,21.0,1,20.8,0.1999999999999993,20.5,21.5
441.0,0.0,0.1999999999999993,8.490903753615141,21.0,1,20.8,0.1999999999999993,20.5,21.5
442.0,0.0,0.1999999999999993,8.49191712437967,21.0,1,20.8,0.1999999999999993,20.5,21.5
443.0,0.0,0.1999999999999993,8.492929829159719,21.0,1,20.8,0.1999999999999993,20.5,21.5
444.0,0.0,0.1999999999999993,8.493941866584231,21.0,1,20.8,0.1999999999999993,20.5,21.5
445.0,0.0,0.1999999999999993,8.494953235283054,21.0,1,20.8,0.1999999999999993,20.5,21.5
446.0,0.0,0.1999999999999993,8.495963933886943,21.0,1,20.8,0.1999999999999993,20.5,21.5
447.0,0.0,0.1999999999999993,8.496973961027555,21.0,1,20.8,0.1999999999999993,20.5,21.5
448.0,0.0,0.1999999999999993,8.497983315337464,21.0,1,20.8,0.1999999999999993,20.5,21.5
449.0,0.0,0.1999999999999993,8.498991995450147,21.0,1,20.8,0.1999999999999993,20.5,21.5
450.0,0.0,0.1999999999999993,8.5,21.0,1,20.8,0.1999999999999993,20.5,21.5
451.0,0.0,0.1999999999999993,8.501007327622329,21.0,1,20.8,0.1999999999999993,20.5,21.5
452.0,0.0,0.1999999999999993,8.50201397695336,21.0,1,20.8,0.1999999999999993,20.5,21.5
453.0,0.0,0.1999999999999993,8.503019946630236,21.0,1,20.8,0.1999999999999993,20.5,21.5
454.0,0.0,0.1999999999999993,8.504025235291017,21.0,1,20.8,0.1999999999999993,20.5,21.5
455.0,0.0,0.1999999999999993,8.50502984157469,21.0,1,20.8,0.1999999999999993,20.5,21.5
456.0,0.0,0.1999999999999993,8.506033764121163,21.0,1,20.8,0.1999999999999993,20.5,21.5
457.0,0.0,0.1999999999999993,8.507037001571273,21.0,1,20.8,0.1999999999999993,20.5,21.5
458.0,0.0,0.1999999999999993,8.508039552566778,21.0,1,20.8,0.1999999999999993,20.5,21.5
459.0,0.0,0.1999999999999993,8.50904141575037,21.0,1,20.8,0.1999999999999993,20.5,21.5
460.0,0.0,0.1999999999999993,8.510042589765675,21.0,1,20.8,0.1999999999999993,20.5,21.5
461.0,0.0,0.1999999999999993,8.511043073257245,21.0,1,20.8,0.1999999999999993,20.5,21.5
462.0,0.0,0.1999999999999993,8.51204286487057,21.0,1,20.8,0.1999999999999993,20.5,21.5
463.0,0.0,0.1999999999999993,8.513041963252082,21.0,1,20.8,0.1999999999999993,20.5,21.5
464.0,0.0,0.1999999999999993,8.514040367049141,21.0,1,20.8,0.1999999999999993,20.5,21.5
465.0,0.0,0.1999999999999993,8.515038074910054,21.0,1,20.8,0.1999999999999993,20.5,21.5
466.0,0.0,0.1999999999999993,8.516035085484072,21.0,1,20.8,0.1999999999999993,20.5,21.5
467.0,0.0,0.1999999999999993,8.517031397421384,21.0,1,20.8,0.1999999999999993,20.5,21.5
468.0,0.0,0.1999999999999993,8.51802700937313,21.0,1,20.8,0.1999999999999993,20.5,21.5
469.0,0.0,0.1999999999999993,8.519021919991395,21.0,1,20.8,0.1999999999999993,20.5,21.5
470.0,0.0,0.1999999999999993,8.520016127929216,21.0,1,20.8,0.1999999999999993,20.5,21.5
471.0,0.0,0.1999999999999993,8.521009631840576,21.0,1,20.8,0.1999999999999993,20.5,21.5
472.0,0.0,0.1999999999999993,8.522002430380418,21.0,1,20.8,0.1999999999999993,20.5,21.5
473.0,0.0,0.1999999999999993,8.522994522204636,21.0,1,20.8,0.1999999999999993,20.5,21.5
474.0,0.0,0.1999999999999993,8.523985905970079,21.0,1,20.8,0.1999999999999993,20.5,21.5
475.0,0.0,0.1999999999999993,8.52497658033456,21.0,1,20.8,0.1999999999999993,20.5,21.5
476.0,0.0,0.1999999999999993,8.525966543956848,21.0,1,20.8,0.1999999999999993,20.5,21.5
477.0,0.0,0.1999999999999993,8.526955795496677,21.0,1,20.8,0.1999999999999993,20.5,21.5
478.0,0.0,0.1999999999999993,8.527944333614743,21.0,1,20.8,0.1999999999999993,20.5,21.5
479.0,0.0,0.1999999999999993,8.52893215697271,21.0,1,20.8,0.1999999999999993,20.5,21.5
480.0,0.0,0.1999999999999993,8.529919264233206,21.0,1,20.8,0.1999999999999993,20.5,21.5
481.0,0.0,0.1999999999999993,8.530905654059831,21.0,1,20.8,0.1999999999999993,20.5,21.5
482.0,0.0,0.1999999999999993,8.531891325117158,21.0,1,20.8,0.1999999999999993,20.5,21.5
483.0,0.0,0.1999999999999993,8.53287627607073,21.0,1,20.8,0.1999999999999993,20.5,21.5
484.0,0.0,0.1999999999999993,8.533860505587066,21.0,1,20.8,0.1999999999999993,20.5,21.5
485.0,0.0,0.1999999999999993,8.534844012333664,21.0,1,20.8,0.1999999999999993,20.5,21.5
486.0,0.0,0.1999999999999993,8.535826794978997,21.0,1,20.8,0.1999999999999993,20.5,21.5
487.0,0.0,0.1999999999999993,8.536808852192518,21.0,1,20.8,0.1999999999999993,20.5,21.5
488.0,0.0,0.1999999999999993,8.537790182644667,21.0,1,20.8,0.1999999999999993,20.5,21.5
489.0,0.0,0.1999999999999993,8.538770785006863,21.0,1,20.8,0.1999999999999993,20.5,21.5
490.0,0.0,0.1999999999999993,8.539750657951513,21.0,1,20.8,0.1999999999999993,20.5,21.5
491.0,0.0,0.1999999999999993,8.540729800152011,21.0,1,20.8,0.1999999999999993,20.5,21.5
492.0,0.0,0.1999999999999993,8.54170821028274,21.0,1,20.8,0.1999999999999993,20.5,21.5
493.0,0.0,0.1999999999999993,8.542685887019076,21.0,1,20.8,0.1999999999999993,20.5,21.5
494.0,0.0,0.1999999999999993,8.543662829037384,21.0,1,20.8,0.1999999999999993,20.5,21.5
495.0,0.0,0.1999999999999993,8.544639035015027,21.0,1,20.8,0.1999999999999993,20.5,21.5
496.0,0.0,0.1999999999999993,8.545614503630365,21.0,1,20.8,0.1999999999999993,20.5,21.5
497.0,0.0,0.1999999999999993,8.546589233562754,21.0,1,20.8,0.1999999999999993,20.5,21.5
498.0,0.0,0.1999999999999993,8.547563223492551,21.0,1,20.8,0.1999999999999993,20.5,21.5
499.0,0.0,0.1999999999999993,8.548536472101114,21.0,1,20.8,0.1999999999999993,20.5,21.5
500.0,0.0,0.1999999999999993,8.549508978070806,21.0,1,20.8,0.1999999999999993,20.5,21.5
501.0,0.0,0.1999999999999993,8.550480740084996,21.0,1,20.8,0.1999999999999993,20.5,21.5
502.0,0.0,0.1999999999999993,8.551451756828058,21.0,1,20.8,0.1999999999999993,20.5,21.5
503.0,0.0,0.1999999999999993,8.552422026985376,21.0,1,20.8,0.1999999999999993,20.5,21.5
504.0,0.0,0.1999999999999993,8.553391549243344,21.0,1,20.8,0.1999999999999993,20.5,21.5
505.0,0.0,0.1999999999999993,8.554360322289371,21.0,1,20.8,0.1999999999999993,20.5,21.5
506.0,0.0,0.1999999999999993,8.55532834481188,21.0,1,20.8,0.1999999999999993,20.5,21.5
507.0,0.0,0.1999999999999993,8.556295615500305,21.0,1,20.8,0.1999999999999993,20.5,21.5
508.0,0.0,0.1999999999999993,8.557262133045104,21.0,1,20.8,0.1999999999999993,20.5,21.5
509.0,0.0,0.1999999999999993,8.558227896137753,21.0,1,20.8,0.1999999999999993,20.5,21.5
510.0,0.0,0.1999999999999993,8.559192903470747,21.0,1,20.8,0.1999999999999993,20.5,21.5
511.0,0.0,0.1999999999999993,8.560157153737606,21.0,1,20.8,0.1999999999999993,20.5,21.5
512.0,0.0,0.1999999999999993,8.561120645632878,21.0,1,20.8,0.1999999999999993,20.5,21.5
513.0,0.0,0.1999999999999993,8.562083377852131,21.0,1,20.8,0.1999999999999993,20.5,21.5
514.0,0.0,0.1999999999999993,8.563045349091967,21.0,1,20.8,0.1999999999999993,20.5,21.5
515.0,0.0,0.1999999999999993,8.564006558050014,21.0,1,20.8,0.1999999999999993,20.5,21.5
516.0,0.0,0.1999999999999993,8.564967003424938,21.0,1,20.8,0.1999999999999993,20.5,21.5
517.0,0.0,0.1999999999999993,8.565926683916432,21.0,1,20.8,0.1999999999999993,20.5,21.5
518.0,0.0,0.1999999999999993,8.56688559822523,21.0,1,20.8,0.1999999999999993,20.5,21.5
519.0,0.0,0.1999999999999993,8.567843745053102,21.0,1,20.8,0.1999999999999993,20.5,21.5
520.0,0.0,0.1999999999999993,8.568801123102851,21.0,1,20.8,0.1999999999999993,20.5,21.5
521.0,0.0,0.1999999999999993,8.569757731078331,21.0,1,20.8,0.1999999999999993,20.5,21.5
522.0,0.0,0.1999999999999993,8.570713567684432,21.0,1,20.8,0.1999999999999993,20.5,21.5
523.0,0.0,0.1999999999999993,8.57166863162709,21.0,1,20.8,0.1999999999999993,20.5,21.5
524.0,0.0,0.1999999999999993,8.572622921613283,21.0,1,20.8,0.1999999999999993,20.5,21.5
525.0,0.0,0.1999999999999993,8.573576436351047,21.0,1,20.8,0.1999999999999993,20.5,21.5
526.0,0.0,0.1999999999999993,8.574529174549456,21.0,1,20.8,0.1999999999999993,20.5,21.5
527.0,0.0,0.1999999999999993,8.575481134918643,21.0,1,20.8,0.1999999999999993,20.5,21.5
528.0,0.0,0.1999999999999993,8.576432316169793,21.0,1,20.8,0.1999999999999993,20.5,21.5
529.0,0.0,0.1999999999999993,8.577382717015142,21.0,1,20.8,0.1999999999999993,20.5,21.5
530.0,0.0,0.1999999999999993,8.578332336167987,21.0,1,20.8,0.1999999999999993,20.5,21.5
531.0,0.0,0.1999999999999993,8.579281172342679,21.0,1,20.8,0.1999999999999993,20.5,21.5
532.0,0.0,0.1999999999999993,8.580229224254632,21.0,1,20.8,0.1999999999999993,20.5,21.5
533.0,0.0,0.1999999999999993,8.581176490620324,21.0,1,20.8,0.1999999999999993,20.5,21.5
534.0,0.0,0.1999999999999993,8.58212297015729,21.0,1,20.8,0.1999999999999993,20.5,21.5
535.0,0.0,0.1999999999999993,8.583068661584134,21.0,1,20.8,0.1999999999999993,20.5,21.5
536.0,0.0,0.1999999999999993,8.58401356362053,21.0,1,20.8,0.1999999999999993,20.5,21.5
537.0,0.0,0.1999999999999993,8.584957674987216,21.0,1,20.8,0.1999999999999993,20.5,21.5
538.0,0.0,0.1999999999999993,8.585900994406,21.0,1,20.8,0.1999999999999993,20.5,21.5
539.0,0.0,0.1999999999999993,8.586843520599768,21.0,1,20.8,0.1999999999999993,20.5,21.5
540.0,0.0,0.1999999999999993,8.587785252292473,21.0,1,20.8,0.1999999999999993,20.5,21.5
541.0,0.0,0.1999999999999993,8.588726188209149,21.0,1,20.8,0.1999999999999993,20.5,21.5
542.0,0.0,0.1999999999999993,8.589666327075903,21.0,1,20.8,0.1999999999999993,20.5,21.5
543.0,0.0,0.1999999999999993,8.590605667619926,21.0,1,20.8,0.1999999999999993,20.5,21.5
544.0,0.0,0.1999999999999993,8.591544208569484,21.0,1,20.8,0.1999999999999993,20.5,21.5
545.0,0.0,0.1999999999999993,8.59248194865393,21.0,1,20.8,0.1999999999999993,20.5,21.5
546.0,0.0,0.1999999999999993,8.593418886603702,21.0,1,20.8,0.1999999999999993,20.5,21.5
547.0,0.0,0.1999999999999993,8.594355021150317,21.0,1,20.8,0.1999999999999993,20.5,21.5
548.0,0.0,0.1999999999999993,8.59529035102639,21.0,1,20.8,0.1999999999999993,20.5,21.5
549.0,0.0,0.1999999999999993,8.596224874965616,21.0,1,20.8,0.1999999999999993,20.5,21.5
550.0,0.0,0.1999999999999993,8.597158591702787,21.0,1,20.8,0.1999999999999993,20.5,21.5
551.0,0.0,0.1999999999999993,8.598091499973783,21.0,1,20.8,0.1999999999999993,20.5,21.5
552.0,0.0,0.1999999999999993,8.599023598515586,21.0,1,20.8,0.1999999999999993,20.5,21.5
553.0,0.0,0.1999999999999993,8.599954886066266,21.0,1,20.8,0.1999999999999993,20.5,21.5
554.0,0.0,0.1999999999999993,8.600885361364996,21.0,1,20.8,0.1999999999999993,20.5,21.5
555.0,0.0,0.1999999999999993,8.601815023152048,21.0,1,20.8,0.1999999999999993,20.5,21.5
556.0,0.0,0.1999999999999993,8.602743870168794,21.0,1,20.8,0.1999999999999993,20.5,21.5
557.0,0.0,0.1999999999999993,8.603671901157709,21.0,1,20.8,0.1999999999999993,20.5,21.5
558.0,0.0,0.1999999999999993,8.604599114862374,21.0,1,20.8,0.1999999999999993,20.5,21.5
559.0,0.0,0.1999999999999993,8.605525510027478,21.0,1,20.8,0.1999999999999993,20.5,21.5
560.0,0.0,0.1999999999999993,8.606451085398813,21.0,1,20.8,0.1999999999999993,20.5,21.5
561.0,0.0,0.1999999999999993,8.607375839723286,21.0,1,20.8,0.1999999999999993,20.5,21.5
562.0,0.0,0.1999999999999993,8.608299771748914,21.0,1,20.8,0.1999999999999993,20.5,21.5
563.0,0.0,0.1999999999999993,8.609222880224827,21.0,1,20.8,0.1999999999999993,20.5,21.5
564.0,0.0,0.1999999999999993,8.610145163901267,21.0,1,20.8,0.1999999999999993,20.5,21.5
565.0,0.0,0.1999999999999993,8.6110666215296,21.0,1,20.8,0.1999999999999993,20.5,21.5
566.0,0.0,0.1999999999999993,8.611987251862303,21.0,1,20.8,0.1999999999999993,20.5,21.5
567.0,0.0,0.1999999999999993,8.612907053652977,21.0,1,20.8,0.1999999999999993,20.5,21.5
568.0,0.0,0.1999999999999993,8.613826025656342,21.0,1,20.8,0.1999999999999993,20.5,21.5
569.0,0.0,0.1999999999999993,8.614744166628247,21.0,1,20.8,0.1999999999999993,20.5,21.5
570.0,0.0,0.1999999999999993,8.615661475325659,21.0,1,20.8,0.1999999999999993,20.5,21.5
571.0,0.0,0.1999999999999993,8.616577950506676,21.0,1,20.8,0.1999999999999993,20.5,21.5
572.0,0.0,0.1999999999999993,8.617493590930522,21.0,1,20.8,0.1999999999999993,20.5,21.5
573.0,0.0,0.1999999999999993,8.618408395357553,21.0,1,20.8,0.1999999999999993,20.5,21.5
574.0,0.0,0.1999999999999993,8.61932236254926,21.0,1,20.8,0.1999999999999993,20.5,21.5
575.0,0.0,0.1999999999999993,8.62023549126826,21.0,1,20.8,0.1999999999999993,20.5,21.5
576.0,0.0,0.1999999999999993,8.62114778027831,21.0,1,20.8,0.1999999999999993,20.5,21.5
577.0,0.0,0.1999999999999993,8.622059228344304,21.0,1,20.8,0.1999999999999993,20.5,21.5
578.0,0.0,0.1999999999999993,8.622969834232272,21.0,1,20.8,0.1999999999999993,20.5,21.5
579.0,0.0,0.1999999999999993,8.623879596709386,21.0,1,20.8,0.1999999999999993,20.5,21.5
580.0,0.0,0.1999999999999993,8.62478851454396,21.0,1,20.8,0.1999999999999993,20.5,21.5
581.0,0.0,0.1999999999999993,8.625696586505452,21.0,1,20.8,0.1999999999999993,20.5,21.5
582.0,0.0,0.1999999999999993,8.626603811364461,21.0,1,20.8,0.1999999999999993,20.5,21.5
583.0,0.0,0.1999999999999993,8.627510187892739,21.0,1,20.8,0.1999999999999993,20.5,21.5
584.0,0.0,0.1999999999999993,8.62841571486318,21.0,1,20.8,0.1999999999999993,20.5,21.5
585.0,0.0,0.1999999999999993,8.629320391049838,21.0,1,20.8,0.1999999999999993,20.5,21.5
586.0,0.0,0.1999999999999993,8.630224215227907,21.0,1,20.8,0.1999999999999993,20.5,21.5
587.0,0.0,0.1999999999999993,8.631127186173742,21.0,1,20.8,0.1999999999999993,20.5,21.5
588.0,0.0,0.1999999999999993,8.63202930266485,21.0,1,20.8,0.1999999999999993,20.5,21.5
589.0,0.0,0.1999999999999993,8.6329305634799,21.0,1,20.8,0.1999999999999993,20.5,21.5
590.0,0.0,0.1999999999999993,8.63383096739871,21.0,1,20.8,0.1999999999999993,20.5,21.5
591.0,0.0,0.1999999999999993,8.634730513202268,21.0,1,20.8,0.1999999999999993,20.5,21.5
592.0,0.0,0.1999999999999993,8.635629199672717,21.0,1,20.8,0.1999999999999993,20.5,21.5
593.0,0.0,0.1999999999999993,8.636527025593367,21.0,1,20.8,0.1999999999999993,20.5,21.5
594.0,0.0,0.1999999999999993,8.63742398974869,21.0,1,20.8,0.1999999999999993,20.5,21.5
595.0,0.0,0.1999999999999993,8.638320090924328,21.0,1,20.8,0.1999999999999993,20.5,21.5
596.0,0.0,0.1999999999999993,8.63921532790709,21.0,1,20.8,0.1999999999999993,20.5,21.5
597.0,0.0,0.1999999999999993,8.640109699484956,21.0,1,20.8,0.1999999999999993,20.5,21.5
598.0,0.0,0.1999999999999993,8.641003204447074,21.0,1,20.8,0.1999999999999993,20.5,21.5
599.0,0.0,0.1999999999999993,8.641895841583768,21.0,1,20.8,0.1999999999999993,20.5,21.5
600.0,0.0,0.1999999999999993,8.64278760968654,21.0,1,20.8,0.1999999999999993,20.5,21.5
601.0,0.0,0.1999999999999993,8.643678507548062,21.0,1,20.8,0.1999999999999993,20.5,21.5
602.0,0.0,0.1999999999999993,8.644568533962186,21.0,1,20.8,0.1999999999999993,20.5,21.5
603.0,0.0,0.1999999999999993,8.645457687723951,21.0,1,20.8,0.1999999999999993,20.5,21.5
604.0,0.0,0.1999999999999993,8.646345967629566,21.0,1,20.8,0.1999999999999993,20.5,21.5
605.0,0.0,0.1999999999999993,8.647233372476432,21.0,1,20.8,0.1999999999999993,20.5,21.5
606.0,0.0,0.1999999999999993,8.648119901063131,21.0,1,20.8,0.1999999999999993,20.5,21.5
607.0,0.0,0.1999999999999993,8.649005552189431,21.0,1,20.8,0.1999999999999993,20.5,21.5
608.0,0.0,0.1999999999999993,8.649890324656289,21.0,1,20.8,0.1999999999999993,20.5,21.5
609.0,0.0,0.1999999999999993,8.650774217265852,21.0,1,20.8,0.1999999999999993,20.5,21.5
610.0,0.0,0.1999999999999993,8.651657228821456,21.0,1,20.8,0.1999999999999993,20.5,21.5
611.0,0.0,0.1999999999999993,8.652539358127632,21.0,1,20.8,0.1999999999999993,20.5,21.5
612.0,0.0,0.1999999999999993,8.653420603990105,21.0,1,20.8,0.1999999999999993,20.5,21.5
613.0,0.0,0.1999999999999993,8.654300965215796,21.0,1,20.8,0.1999999999999993,20.5,21.5
614.0,0.0,0.1999999999999993,8.655180440612826,21.0,1,20.8,0.1999999999999993,20.5,21.5
615.0,0.0,0.1999999999999993,8.656059028990507,21.0,1,20.8,0.1999999999999993,20.5,21.5
616.0,0.0,0.1999999999999993,8.656936729159362,21.0,1,20.8,0.1999999999999993,20.5,21.5
617.0,0.0,0.1999999999999993,8.657813539931112,21.0,1,20.8,0.1999999999999993,20.5,21.5
618.0,0.0,0.1999999999999993,8.65868946011868,21.0,1,20.8,0.1999999999999993,20.5,21.5
619.0,0.0,0.1999999999999993,8.6595644885362,21.0,1,20.8,0.1999999999999993,20.5,21.5
620.0,0.0,0.1999999999999993,8.660438623999008,21.0,1,20.8,0.1999999999999993,20.5,21.5
621.0,0.0,0.1999999999999993,8.661311865323652,21.0,1,20.8,0.1999999999999993,20.5,21.5
622.0,0.0,0.1999999999999993,8.66218421132789,21.0,1,20.8,0.1999999999999993,20.5,21.5
623.0,0.0,0.1999999999999993,8.663055660830691,21.0,1,20.8,0.1999999999999993,20.5,21.5
624.0,0.0,0.1999999999999993,8.663926212652242,21.0,1,20.8,0.1999999999999993,20.5,21.5
625.0,0.0,0.1999999999999993,8.664795865613938,21.0,1,20.8,0.1999999999999993,20.5,21.5
626.0,0.0,0.1999999999999993,8.665664618538397,21.0,1,20.8,0.1999999999999993,20.5,21.5
627.0,0.0,0.1999999999999993,8.666532470249452,21.0,1,20.8,0.1999999999999993,20.5,21.5
628.0,0.0,0.1999999999999993,8.66739941957216,21.0,1,20.8,0.1999999999999993,20.5,21.5
629.0,0.0,0.1999999999999993,8.668265465332794,21.0,1,20.8,0.1999999999999993,20.5,21.5
630.0,0.0,0.1999999999999993,8.66913060635886,21.0,1,20.8,0.1999999999999993,20.5,21.5
631.0,0.0,0.1999999999999993,8.669994841479072,21.0,1,20.8,0.1999999999999993,20.5,21.5
632.0,0.0,0.1999999999999993,8.67085816952339,21.0,1,20.8,0.1999999999999993,20.5,21.5
633.0,0.0,0.1999999999999993,8.671720589322991,21.0,1,20.8,0.1999999999999993,20.5,21.5
634.0,0.0,0.1999999999999993,8.67258209971028,21.0,1,20.8,0.1999999999999993,20.5,21.5
635.0,0.0,0.1999999999999993,8.673442699518901,21.0,1,20.8,0.1999999999999993,20.5,21.5
636.0,0.0,0.1999999999999993,8.674302387583724,21.0,1,20.8,0.1999999999999993,20.5,21.5
637.0,0.0,0.1999999999999993,8.675161162740856,21.0,1,20.8,0.1999999999999993,20.5,21.5
638.0,0.0,0.1999999999999993,8.676019023827642,21.0,1,20.8,0.1999999999999993,20.5,21.5
639.0,0.0,0.1999999999999993,8.67687596968266,21.0,1,20.8,0.1999999999999993,20.5,21.5
640.0,0.0,0.1999999999999993,8.677731999145733,21.0,1,20.8,0.1999999999999993,20.5,21.5
641.0,0.0,0.1999999999999993,8.678587111057917,21.0,1,20.8,0.1999999999999993,20.5,21.5
642.0,0.0,0.1999999999999993,8.679441304261516,21.0,1,20.8,0.1999999999999993,20.5,21.5
643.0,0.0,0.1999999999999993,8.680294577600078,21.0,1,20.8,0.1999999999999993,20.5,21.5
644.0,0.0,0.1999999999999993,8.681146929918393,21.0,1,20.8,0.1999999999999993,20.5,21.5
645.0,0.0,0.1999999999999993,8.681998360062499,21.0,1,20.8,0.1999999999999993,20.5,21.5
646.0,0.0,0.1999999999999993,8.682848866879683,21.0,1,20.8,0.1999999999999993,20.5,21.5
647.0,0.0,0.1999999999999993,8.683698449218484,21.0,1,20.8,0.1999999999999993,20.5,21.5
648.0,0.0,0.1999999999999993,8.684547105928688,21.0,1,20.8,0.1999999999999993,20.5,21.5
649.0,0.0,0.1999999999999993,8.68539483586134,21.0,1,20.8,0.1999999999999993,20.5,21.5
650.0,0.0,0.1999999999999993,8.686241637868733,21.0,1,20.8,0.1999999999999993,20.5,21.5
651.0,0.0,0.1999999999999993,8.687087510804423,21.0,1,20.8,0.1999999999999993,20.5,21.5
652.0,0.0,0.1999999999999993,8.687932453523219,21.0,1,20.8,0.1999999999999993,20.5,21.5
653.0,0.0,0.1999999999999993,8.68877646488119,21.0,1,20.8,0.1999999999999993,20.5,21.5
654.0,0.0,0.1999999999999993,8.68961954373567,21.0,1,20.8,0.1999999999999993,20.5,21.5
655.0,0.0,0.1999999999999993,8.69046168894525,21.0,1,20.8,0.1999999999999993,20.5,21.5
656.0,0.0,0.1999999999999993,8.691302899369788,21.0,1,20.8,0.1999999999999993,20.5,21.5
657.0,0.0,0.1999999999999993,8.692143173870408,21.0,1,20.8,0.1999999999999993,20.5,21.5
658.0,0.0,0.1999999999999993,8.692982511309497,21.0,1,20.8,0.1999999999999993,20.5,21.5
659.0,0.0,0.1999999999999993,8.693820910550718,21.0,1,20.8,0.1999999999999993,20.5,21.5
660.0,0.0,0.1999999999999993,8.694658370458997,21.0,1,20.8,0.1999999999999993,20.5,21.5
661.0,0.0,0.1999999999999993,8.695494889900537,21.0,1,20.8,0.1999999999999993,20.5,21.5
662.0,0.0,0.1999999999999993,8.69633046774281,21.0,1,20.8,0.1999999999999993,20.5,21.5
663.0,0.0,0.1999999999999993,8.697165102854564,21.0,1,20.8,0.1999999999999993,20.5,21.5
664.0,0.0,0.1999999999999993,8.697998794105827,21.0,1,20.8,0.1999999999999993,20.5,21.5
665.0,0.0,0.1999999999999993,8.6988315403679,21.0,1,20.8,0.1999999999999993,20.5,21.5
666.0,0.0,0.1999999999999993,8.699663340513366,21.0,1,20.8,0.1999999999999993,20.5,21.5
667.0,0.0,0.1999999999999993,8.700494193416086,21.0,1,20.8,0.1999999999999993,20.5,21.5
668.0,0.0,0.1999999999999993,8.70132409795121,21.0,1,20.8,0.1999999999999993,20.5,21.5
669.0,0.0,0.1999999999999993,8.702153052995163,21.0,1,20.8,0.1999999999999993,20.5,21.5
670.0,0.0,0.1999999999999993,8.702981057425662,21.0,1,20.8,0.1999999999999993,20.5,21.5
671.0,0.0,0.1999999999999993,8.70380811012171,21.0,1,20.8,0.1999999999999993,20.5,21.5
672.0,0.0,0.1999999999999993,8.704634209963595,21.0,1,20.8,0.1999999999999993,20.5,21.5
673.0,0.0,0.1999999999999993,8.7054593558329,21.0,1,20.8,0.1999999999999993,20.5,21.5
674.0,0.0,0.1999999999999993,8.706283546612495,21.0,1,20.8,0.1999999999999993,20.5,21.5
675.0,0.0,0.1999999999999993,8.707106781186548,21.0,1,20.8,0.1999999999999993,20.5,21.5
676.0,0.0,0.1999999999999993,8.707929058440516,21.0,1,20.8,0.1999999999999993,20.5,21.5
677.0,0.0,0.1999999999999993,8.708750377261156,21.0,1,20.8,0.1999999999999993,20.5,21.5
678.0,0.0,0.1999999999999993,8.70957073653652,21.0,1,20.8,0.1999999999999993,20.5,21.5
679.0,0.0,0.1999999999999993,8.710390135155963,21.0,1,20.8,0.1999999999999993,20.5,21.5
680.0,0.0,0.1999999999999993,8.711208572010138,21.0,1,20.8,0.1999999999999993,20.5,21.5
681.0,0.0,0.1999999999999993,8.712026045990996,21.0,1,20.8,0.1999999999999993,20.5,21.5
682.0,0.0,0.1999999999999993,8.7128425559918,21.0,1,20.8,0.1999999999999993,20.5,21.5
683.0,0.0,0.1999999999999993,8.713658100907113,21.0,1,20.8,0.1999999999999993,20.5,21.5
684.0,0.0,0.1999999999999993,8.714472679632804,21.0,1,20.8,0.1999999999999993,20.5,21.5
685.0,0.0,0.1999999999999993,8.715286291066052,21.0,1,20.8,0.1999999999999993,20.5,21.5
686.0,0.0,0.1999999999999993,8.716098934105345,21.0,1,20.8,0.1999999999999993,20.5,21.5
687.0,0.0,0.1999999999999993,8.716910607650483,21.0,1,20.8,0.1999999999999993,20.5,21.5
688.0,0.0,0.1999999999999993,8.717721310602577,21.0,1,20.8,0.1999999999999993,20.5,21.5
689.0,0.0,0.1999999999999993,8.718531041864052,21.0,1,20.8,0.1999999999999993,20.5,21.5
690.0,0.0,0.1999999999999993,8.719339800338652,21.0,1,20.8,0.1999999999999993,20.5,21.5
691.0,0.0,0.1999999999999993,8.720147584931432,21.0,1,20.8,0.1999999999999993,20.5,21.5
692.0,0.0,0.1999999999999993,8.72095439454877,21.0,1,20.8,0.1999999999999993,20.5,21.5
693.0,0.0,0.1999999999999993,8.721760228098361,21.0,1,20.8,0.1999999999999993,20.5,21.5
694.0,0.0,0.1999999999999993,8.722565084489228,21.0,1,20.8,0.1999999999999993,20.5,21.5
695.0,0.0,0.1999999999999993,8.723368962631708,21.0,1,20.8,0.1999999999999993,20.5,21.5
696.0,0.0,0.1999999999999993,8.724171861437467,21.0,1,20.8,0.1999999999999993,20.5,21.5
697.0,0.0,0.1999999999999993,8.724973779819498,21.0,1,20.8,0.1999999999999993,20.5,21.5
698.0,0.0,0.1999999999999993,8.725774716692118,21.0,1,20.8,0.1999999999999993,20.5,21.5
699.0,0.0,0.1999999999999993,8.726574670970976,21.0,1,20.8,0.1999999999999993,20.5,21.5
700.0,0.0,0.1999999999999993,8.727373641573049,21.0,1,20.8,0.1999999999999993,20.5,21.5
701.0,0.0,0.1999999999999993,8.728171627416646,21.0,1,20.8,0.1999999999999993,20.5,21.5
702.0,0.0,0.1999999999999993,8.72896862742141,21.0,1,20.8,0.1999999999999993,20.5,21.5
703.0,0.0,0.1999999999999993,8.729764640508321,21.0,1,20.8,0.1999999999999993,20.5,21.5
704.0,0.0,0.1999999999999993,8.73055966559969,21.0,1,20.8,0.1999999999999993,20.5,21.5
705.0,0.0,0.1999999999999993,8.73135370161917,21.0,1,20.8,0.1999999999999993,20.5,21.5
706.0,0.0,0.1999999999999993,8.73214674749175,21.0,1,20.8,0.1999999999999993,20.5,21.5
707.0,0.0,0.1999999999999993,8.732938802143762,21.0,1,20.8,0.1999999999999993,20.5,21.5
708.0,0.0,0.1999999999999993,8.733729864502877,21.0,1,20.8,0.1999999999999993,20.5,21.5
709.0,0.0,0.1999999999999993,8.734519933498111,21.0,1,20.8,0.1999999999999993,20.5,21.5
710.0,0.0,0.1999999999999993,8.73530900805983,21.0,1,20.8,0.1999999999999993,20.5,21.5
711.0,0.0,0.1999999999999993,8.736097087119735,21.0,1,20.8,0.1999999999999993,20.5,21.5
712.0,0.0,0.1999999999999993,8.736884169610883,21.0,1,20.8,0.1999999999999993,20.5,21.5
713.0,0.0,0.1999999999999993,8.737670254467682,21.0,1,20.8,0.1999999999999993,20.5,21.5
714.0,0.0,0.1999999999999993,8.738455340625883,21.0,1,20.8,0.1999999999999993,20.5,21.5
715.0,0.0,0.1999999999999993,8.739239427022596,21.0,1,20.8,0.1999999999999993,20.5,21.5
716.0,0.0,0.1999999999999993,8.74002251259628,21.0,1,20.8,0.1999999999999993,20.5,21.5
717.0,0.0,0.1999999999999993,8.74080459628675,21.0,1,20.8,0.1999999999999993,20.5,21.5
718.0,0.0,0.1999999999999993,8.741585677035179,21.0,1,20.8,0.1999999999999993,20.5,21.5
719.0,0.0,0.1999999999999993,8.742365753784098,21.0,1,20.8,0.1999999999999993,20.5,21.5
720.0,0.0,0.1999999999999993,8.743144825477394,21.0,1,20.8,0.1999999999999993,20.5,21.5
721.0,0.0,0.1999999999999993,8.743922891060318,21.0,1,20.8,0.1999999999999993,20.5,21.5
722.0,0.0,0.1999999999999993,8.744699949479482,21.0,1,20.8,0.1999999999999993,20.5,21.5
723.0,0.0,0.1999999999999993,8.745475999682862,21.0,1,20.8,0.1999999999999993,20.5,21.5
724.0,0.0,0.1999999999999993,8.746251040619798,21.0,1,20.8,0.1999999999999993,20.5,21.5
725.0,0.0,0.1999999999999993,8.747025071240996,21.0,1,20.8,0.1999999999999993,20.5,21.5
726.0,0.0,0.1999999999999993,8.747798090498533,21.0,1,20.8,0.1999999999999993,20.5,21.5
727.0,0.0,0.1999999999999993,8.74857009734585,21.0,1,20.8,0.1999999999999993,20.5,21.5
728.0,0.0,0.1999999999999993,8.749341090737763,21.0,1,20.8,0.1999999999999993,20.5,21.5
729.0,0.0,0.1999999999999993,8.75011106963046,21.0,1,20.8,0.1999999999999993,20.5,21.5
730.0,0.0,0.1999999999999993,8.750880032981499,21.0,1,20.8,0.1999999999999993,20.5,21.5
731.0,0.0,0.1999999999999993,8.751647979749817,21.0,1,20.8,0.1999999999999993,20.5,21.5
732.0,0.0,0.1999999999999993,8.752414908895725,21.0,1,20.8,0.1999999999999993,20.5,21.5
733.0,0.0,0.1999999999999993,8.75318081938091,21.0,1,20.8,0.1999999999999993,20.5,21.5
734.0,0.0,0.1999999999999993,8.753945710168443,21.0,1,20.8,0.1999999999999993,20.5,21.5
735.0,0.0,0.1999999999999993,8.754709580222771,21.0,1,20.8,0.1999999999999993,20.5,21.5
736.0,0.0,0.1999999999999993,8.755472428509727,21.0,1,20.8,0.1999999999999993,20.5,21.5
737.0,0.0,0.1999999999999993,8.756234253996523,21.0,1,20.8,0.1999999999999993,20.5,21.5
738.0,0.0,0.1999999999999993,8.756995055651757,21.0,1,20.8,0.1999999999999993,20.5,21.5
739.0,0.0,0.1999999999999993,8.757754832445414,21.0,1,20.8,0.1999999999999993,20.5,21.5
740.0,0.0,0.1999999999999993,8.758513583348869,21.0,1,20.8,0.1999999999999993,20.5,21.5
741.0,0.0,0.1999999999999993,8.759271307334881,21.0,1,20.8,0.1999999999999993,20.5,21.5
742.0,0.0,0.1999999999999993,8.760028003377602,21.0,1,20.8,0.1999999999999993,20.5,21.5
743.0,0.0,0.1999999999999993,8.760783670452575,21.0,1,20.8,0.1999999999999993,20.5,21.5
744.0,0.0,0.1999999999999993,8.761538307536737,21.0,1,20.8,0.1999999999999993,20.5,21.5
745.0,0.0,0.1999999999999993,8.762291913608419,21.0,1,20.8,0.1999999999999993,20.5,21.5
746.0,0.0,0.1999999999999993,8.763044487647345,21.0,1,20.8,0.1999999999999993,20.5,21.5
747.0,0.0,0.1999999999999993,8.763796028634642,21.0,1,20.8,0.1999999999999993,20.5,21.5
748.0,0.0,0.1999999999999993,8.764546535552832,21.0,1,20.8,0.1999999999999993,20.5,21.5
749.0,0.0,0.1999999999999993,8.765296007385835,21.0,1,20.8,0.1999999999999993,20.5,21.5
750.0,0.0,0.1999999999999993,8.766044443118979,21.0,1,20.8,0.1999999999999993,20.5,21.5
751.0,0.0,0.1999999999999993,8.766791841738986,21.0,1,20.8,0.1999999999999993,20.5,21.5
752.0,0.0,0.1999999999999993,8.767538202233988,21.0,1,20.8,0.1999999999999993,20.5,21.5
753.0,0.0,0.1999999999999993,8.768283523593523,21.0,1,20.8,0.1999999999999993,20.5,21.5
754.0,0.0,0.1999999999999993,8.769027804808532,21.0,1,20.8,0.1999999999999993,20.5,21.5
755.0,0.0,0.1999999999999993,8.769771044871367,21.0,1,20.8,0.1999999999999993,20.5,21.5
756.0,0.0,0.1999999999999993,8.77051324277579,21.0,1,20.8,0.1999999999999993,20.5,21.5
757.0,0.0,0.1999999999999993,8.77125439751697,21.0,1,20.8,0.1999999999999993,20.5,21.5
758.0,0.0,0.1999999999999993,8.77199450809149,21.0,1,20.8,0.1999999999999993,20.5,21.5
759.0,0.0,0.1999999999999993,8.772733573497352,21.0,1,20.8,0.1999999999999993,20.5,21.5
760.0,0.0,0.1999999999999993,8.773471592733964,21.0,1,20.8,0.1999999999999993,20.5,21.5
761.0,0.0,0.1999999999999993,8.774208564802159,21.0,1,20.8,0.1999999999999993,20.5,21.5
762.0,0.0,0.1999999999999993,8.774944488704179,21.0,1,20.8,0.1999999999999993,20.5,21.5
763.0,0.0,0.1999999999999993,8.775679363443695,21.0,1,20.8,0.1999999999999993,20.5,21.5
764.0,0.0,0.1999999999999993,8.776413188025789,21.0,1,20.8,0.1999999999999993,20.5,21.5
765.0,0.0,0.1999999999999993,8.77714596145697,21.0,1,20.8,0.1999999999999993,20.5,21.5
766.0,0.0,0.1999999999999993,8.77787768274517,21.0,1,20.8,0.1999999999999993,20.5,21.5
767.0,0.0,0.1999999999999993,8.778608350899745,21.0,1,20.8,0.1999999999999993,20.5,21.5
768.0,0.0,0.1999999999999993,8.779337964931473,21.0,1,20.8,0.1999999999999993,20.5,21.5
769.0,0.0,0.1999999999999993,8.780066523852566,21.0,1,20.8,0.1999999999999993,20.5,21.5
770.0,0.0,0.1999999999999993,8.78079402667666,21.0,1,20.8,0.1999999999999993,20.5,21.5
771.0,0.0,0.1999999999999993,8.78152047241882,21.0,1,20.8,0.1999999999999993,20.5,21.5
772.0,0.0,0.1999999999999993,8.782245860095543,21.0,1,20.8,0.1999999999999993,20.5,21.5
773.0,0.0,0.1999999999999993,8.782970188724763,21.0,1,20.8,0.1999999999999993,20.5,21.5
774.0,0.0,0.1999999999999993,8.783693457325839,21.0,1,20.8,0.1999999999999993,20.5,21.5
775.0,0.0,0.1999999999999993,8.784415664919576,21.0,1,20.8,0.1999999999999993,20.5,21.5
776.0,0.0,0.1999999999999993,8.785136810528206,21.0,1,20.8,0.1999999999999993,20.5,21.5
777.0,0.0,0.1999999999999993,8.785856893175401,21.0,1,20.8,0.1999999999999993,20.5,21.5
778.0,0.0,0.1999999999999993,8.786575911886278,21.0,1,20.8,0.1999999999999993,20.5,21.5
779.0,0.0,0.1999999999999993,8.787293865687387,21.0,1,20.8,0.1999999999999993,20.5,21.5
780.0,0.0,0.1999999999999993,8.788010753606722,21.0,1,20.8,0.1999999999999993,20.5,21.5
781.0,0.0,0.1999999999999993,8.788726574673722,21.0,1,20.8,0.1999999999999993,20.5,21.5
782.0,0.0,0.1999999999999993,8.789441327919269,21.0,1,20.8,0.1999999999999993,20.5,21.5
783.0,0.0,0.1999999999999993,8.79015501237569,21.0,1,20.8,0.1999999999999993,20.5,21.5
784.0,0.0,0.1999999999999993,8.79086762707676,21.0,1,20.8,0.1999999999999993,20.5,21.5
785.0,0.0,0.1999999999999993,8.791579171057704,21.0,1,20.8,0.1999999999999993,20.5,21.5
786.0,0.0,0.1999999999999993,8.79228964335519,21.0,1,20.8,0.1999999999999993,20.5,21.5
787.0,0.0,0.1999999999999993,8.792999043007345,21.0,1,20.8,0.1999999999999993,20.5,21.5
788.0,0.0,0.1999999999999993,8.793707369053745,21.0,1,20.8,0.1999999999999993,20.5,21.5
789.0,0.0,0.1999999999999993,8.794414620535418,21.0,1,20.8,0.1999999999999993,20.5,21.5
790.0,0.0,0.1999999999999993,8.795120796494848,21.0,1,20.8,0.1999999999999993,20.5,21.5
791.0,0.0,0.1999999999999993,8.795825895975975,21.0,1,20.8,0.1999999999999993,20.5,21.5
792.0,0.0,0.1999999999999993,8.796529918024197,21.0,1,20.8,0.1999999999999993,20.5,21.5
793.0,0.0,0.1999999999999993,8.79723286168637,21.0,1,20.8,0.1999999999999993,20.5,21.5
794.0,0.0,0.1999999999999993,8.797934726010809,21.0,1,20.8,0.1999999999999993,20.5,21.5
795.0,0.0,0.1999999999999993,8.798635510047292,21.0,1,20.8,0.1999999999999993,20.5,21.5
796.0,0.0,0.1999999999999993,8.799335212847062,21.0,1,20.8,0.1999999999999993,20.5,21.5
797.0,0.0,0.1999999999999993,8.80003383346282,21.0,1,20.8,0.1999999999999993,20.5,21.5
798.0,0.0,0.1999999999999993,8.800731370948734,21.0,1,20.8,0.1999999999999993,20.5,21.5
799.0,0.0,0.1999999999999993,8.801427824360442,21.0,1,20.8,0.1999999999999993,20.5,21.5
800.0,0.0,0.1999999999999993,8.802123192755044,21.0,1,20.8,0.1999999999999993,20.5,21.5
801.0,0.0,0.1999999999999993,8.802817475191114,21.0,1,20.8,0.1999999999999993,20.5,21.5
802.0,0.0,0.1999999999999993,8.803510670728695,21.0,1,20.8,0.1999999999999993,20.5,21.5
803.0,0.0,0.1999999999999993,8.8042027784293,21.0,1,20.8,0.1999999999999993,20.5,21.5
804.0,0.0,0.1999999999999993,8.804893797355914,21.0,1,20.8,0.1999999999999993,20.5,21.5
805.0,0.0,0.1999999999999993,8.805583726573,21.0,1,20.8,0.1999999999999993,20.5,21.5
806.0,0.0,0.1999999999999993,8.806272565146491,21.0,1,20.8,0.1999999999999993,20.5,21.5
807.0,0.0,0.1999999999999993,8.806960312143802,21.0,1,20.8,0.1999999999999993,20.5,21.5
808.0,0.0,0.1999999999999993,8.807646966633822,21.0,1,20.8,0.1999999999999993,20.5,21.5
809.0,0.0,0.1999999999999993,8.80833252768692,21.0,1,20.8,0.1999999999999993,20.5,21.5
810.0,0.0,0.1999999999999993,8.809016994374947,21.0,1,20.8,0.1999999999999993,20.5,21.5
811.0,0.0,0.1999999999999993,8.809700365771233,21.0,1,20.8,0.1999999999999993,20.5,21.5
812.0,0.0,0.1999999999999993,8.810382640950595,21.0,1,20.8,0.1999999999999993,20.5,21.5
813.0,0.0,0.1999999999999993,8.811063818989327,21.0,1,20.8,0.1999999999999993,20.5,21.5
814.0,0.0,0.1999999999999993,8.811743898965215,21.0,1,20.8,0.1999999999999993,20.5,21.5
815.0,0.0,0.1999999999999993,8.812422879957529,21.0,1,20.8,0.1999999999999993,20.5,21.5
816.0,0.0,0.1999999999999993,8.813100761047028,21.0,1,20.8,0.1999999999999993,20.5,21.5
817.0,0.0,0.1999999999999993,8.813777541315957,21.0,1,20.8,0.1999999999999993,20.5,21.5
818.0,0.0,0.1999999999999993,8.814453219848057,21.0,1,20.8,0.1999999999999993,20.5,21.5
819.0,0.0,0.1999999999999993,8.815127795728554,21.0,1,20.8,0.1999999999999993,20.5,21.5
820.0,0.0,0.1999999999999993,8.815801268044172,21.0,1,20.8,0.1999999999999993,20.5,21.5
821.0,0.0,0.1999999999999993,8.816473635883126,21.0,1,20.8,0.1999999999999993,20.5,21.5
822.0,0.0,0.1999999999999993,8.817144898335128,21.0,1,20.8,0.1999999999999993,20.5,21.5
823.0,0.0,0.1999999999999993,8.817815054491387,21.0,1,20.8,0.1999999999999993,20.5,21.5
824.0,0.0,0.1999999999999993,8.818484103444606,21.0,1,20.8,0.1999999999999993,20.5,21.5
825.0,0.0,0.1999999999999993,8.819152044288991,21.0,1,20.8,0.1999999999999993,20.5,21.5
826.0,0.0,0.1999999999999993,8.819818876120248,21.0,1,20.8,0.1999999999999993,20.5,21.5
827.0,0.0,0.1999999999999993,8.820484598035582,21.0,1,20.8,0.1999999999999993,20.5,21.5
828.0,0.0,0.1999999999999993,8.821149209133704,21.0,1,20.8,0.1999999999999993,20.5,21.5
829.0,0.0,0.1999999999999993,8.821812708514825,21.0,1,20.8,0.1999999999999993,20.5,21.5
830.0,0.0,0.1999999999999993,8.822475095280662,21.0,1,20.8,0.1999999999999993,20.5,21.5
831.0,0.0,0.1999999999999993,8.823136368534442,21.0,1,20.8,0.1999999999999993,20.5,21.5
832.0,0.0,0.1999999999999993,8.823796527380896,21.0,1,20.8,0.1999999999999993,20.5,21.5
833.0,0.0,0.1999999999999993,8.824455570926263,21.0,1,20.8,0.1999999999999993,20.5,21.5
834.0,0.0,0.1999999999999993,8.825113498278295,21.0,1,20.8,0.1999999999999993,20.5,21.5
835.0,0.0,0.1999999999999993,8.825770308546254,21.0,1,20.8,0.1999999999999993,20.5,21.5
836.0,0.0,0.1999999999999993,8.826426000840915,21.0,1,20.8,0.1999999999999993,20.5,21.5
837.0,0.0,0.1999999999999993,8.827080574274563,21.0,1,20.8,0.1999999999999993,20.5,21.5
838.0,0.0,0.1999999999999993,8.827734027961,21.0,1,20.8,0.1999999999999993,20.5,21.5
839.0,0.0,0.1999999999999993,8.828386361015548,21.0,1,20.8,0.1999999999999993,20.5,21.5
840.0,0.0,0.1999999999999993,8.829037572555041,21.0,1,20.8,0.1999999999999993,20.5,21.5
841.0,0.0,0.1999999999999993,8.829687661697834,21.0,1,20.8,0.1999999999999993,20.5,21.5
842.0,0.0,0.1999999999999993,8.830336627563797,21.0,1,20.8,0.1999999999999993,20.5,21.5
843.0,0.0,0.1999999999999993,8.830984469274329,21.0,1,20.8,0.1999999999999993,20.5,21.5
844.0,0.0,0.1999999999999993,8.831631185952341,21.0,1,20.8,0.1999999999999993,20.5,21.5
845.0,0.0,0.1999999999999993,8.832276776722278,21.0,1,20.8,0.1999999999999993,20.5,21.5
846.0,0.0,0.1999999999999993,8.8329212407101,21.0,1,20.8,0.1999999999999993,20.5,21.5
847.0,0.0,0.1999999999999993,8.833564577043296,21.0,1,20.8,0.1999999999999993,20.5,21.5
848.0,0.0,0.1999999999999993,8.834206784850885,21.0,1,20.8,0.1999999999999993,20.5,21.5
849.0,0.0,0.1999999999999993,8.834847863263407,21.0,1,20.8,0.1999999999999993,20.5,21.5
850.0,0.0,0.1999999999999993,8.835487811412936,21.0,1,20.8,0.1999999999999993,20.5,21.5
851.0,0.0,0.1999999999999993,8.836126628433076,21.0,1,20.8,0.1999999999999993,20.5,21.5
852.0,0.0,0.1999999999999993,8.836764313458962,21.0,1,20.8,0.1999999999999993,20.5,21.5
853.0,0.0,0.1999999999999993,8.837400865627258,21.0,1,20.8,0.1999999999999993,20.5,21.5
854.0,0.0,0.1999999999999993,8.838036284076168,21.0,1,20.8,0.1999999999999993,20.5,21.5
855.0,0.0,0.1999999999999993,8.838670567945424,21.0,1,20.8,0.1999999999999993,20.5,21.5
856.0,0.0,0.1999999999999993,8.8393037163763,21.0,1,20.8,0.1999999999999993,20.5,21.5
857.0,0.0,0.1999999999999993,8.839935728511605,21.0,1,20.8,0.1999999999999993,20.5,21.5
858.0,0.0,0.1999999999999993,8.840566603495684,21.0,1,20.8,0.1999999999999993,20.5,21.5
859.0,0.0,0.1999999999999993,8.841196340474426,21.0,1,20.8,0.1999999999999993,20.5,21.5
860.0,0.0,0.1999999999999993,8.841824938595257,21.0,1,20.8,0.1999999999999993,20.5,21.5
861.0,0.0,0.1999999999999993,8.842452397007147,21.0,1,20.8,0.1999999999999993,20.5,21.5
862.0,0.0,0.1999999999999993,8.843078714860608,21.0,1,20.8,0.1999999999999993,20.5,21.5
863.0,0.0,0.1999999999999993,8.843703891307698,21.0,1,20.8,0.1999999999999993,20.5,21.5
864.0,0.0,0.1999999999999993,8.844327925502014,21.0,1,20.8,0.1999999999999993,20.5,21.5
865.0,0.0,0.1999999999999993,8.844950816598711,21.0,1,20.8,0.1999999999999993,20.5,21.5
866.0,0.0,0.1999999999999993,8.845572563754478,21.0,1,20.8,0.1999999999999993,20.5,21.5
867.0,0.0,0.1999999999999993,8.846193166127565,21.0,1,20.8,0.1999999999999993,20.5,21.5
868.0,0.0,0.1999999999999993,8.846812622877762,21.0,1,20.8,0.1999999999999993,20.5,21.5
869.0,0.0,0.1999999999999993,8.847430933166416,21.0,1,20.8,0.1999999999999993,20.5,21.5
870.0,0.0,0.1999999999999993,8.848048096156425,21.0,1,20.8,0.1999999999999993,20.5,21.5
871.0,0.0,0.1999999999999993,8.84866411101224,21.0,1,20.8,0.1999999999999993,20.5,21.5
872.0,0.0,0.1999999999999993,8.849278976899868,21.0,1,20.8,0.1999999999999993,20.5,21.5
873.0,0.0,0.1999999999999993,8.849892692986863,21.0,1,20.8,0.1999999999999993,20.5,21.5
874.0,0.0,0.1999999999999993,8.85050525844235,21.0,1,20.8,0.1999999999999993,20.5,21.5
875.0,0.0,0.1999999999999993,8.851116672437,21.0,1,20.8,0.1999999999999993,20.5,21.5
876.0,0.0,0.1999999999999993,8.851726934143048,21.0,1,20.8,0.1999999999999993,20.5,21.5
877.0,0.0,0.1999999999999993,8.852336042734288,21.0,1,20.8,0.1999999999999993,20.5,21.5
878.0,0.0,0.1999999999999993,8.852943997386076,21.0,1,20.8,0.1999999999999993,20.5,21.5
879.0,0.0,0.1999999999999993,8.853550797275327,21.0,1,20.8,0.1999999999999993,20.5,21.5
880.0,0.0,0.1999999999999993,8.854156441580525,21.0,1,20.8,0.1999999999999993,20.5,21.5
881.0,0.0,0.1999999999999993,8.854760929481715,21.0,1,20.8,0.1999999999999993,20.5,21.5
882.0,0.0,0.1999999999999993,8.855364260160506,21.0,1,20.8,0.1999999999999993,20.5,21.5
883.0,0.0,0.1999999999999993,8.855966432800079,21.0,1,20.8,0.1999999999999993,20.5,21.5
884.0,0.0,0.1999999999999993,8.856567446585176,21.0,1,20.8,0.1999999999999993,20.5,21.5
885.0,0.0,0.1999999999999993,8.857167300702113,21.0,1,20.8,0.1999999999999993,20.5,21.5
886.0,0.0,0.1999999999999993,8.857765994338774,21.0,1,20.8,0.1999999999999993,20.5,21.5
887.0,0.0,0.1999999999999993,8.858363526684615,21.0,1,20.8,0.1999999999999993,20.5,21.5
888.0,0.0,0.1999999999999993,8.858959896930664,21.0,1,20.8,0.1999999999999993,20.5,21.5
889.0,0.0,0.1999999999999993,8.859555104269523,21.0,1,20.8,0.1999999999999993,20.5,21.5
890.0,0.0,0.1999999999999993,8.860149147895365,21.0,1,20.8,0.1999999999999993,20.5,21.5
891.0,0.0,0.1999999999999993,8.860742027003944,21.0,1,20.8,0.1999999999999993,20.5,21.5
892.0,0.0,0.1999999999999993,8.861333740792585,21.0,1,20.8,0.1999999999999993,20.5,21.5
893.0,0.0,0.1999999999999993,8.861924288460195,21.0,1,20.8,0.1999999999999993,20.5,21.5
894.0,0.0,0.1999999999999993,8.862513669207257,21.0,1,20.8,0.1999999999999993,20.5,21.5
895.0,0.0,0.1999999999999993,8.863101882235837,21.0,1,20.8,0.1999999999999993,20.5,21.5
896.0,0.0,0.1999999999999993,8.863688926749576,21.0,1,20.8,0.1999999999999993,20.5,21.5
897.0,0.0,0.1999999999999993,8.864274801953705,21.0,1,20.8,0.1999999999999993,20.5,21.5
898.0,0.0,0.1999999999999993,8.86485950705503,21.0,1,20.8,0.1999999999999993,20.5,21.5
899.0,0.0,0.1999999999999993,8.86544304126195,21.0,1,20.8,0.1999999999999993,20.5,21.5
900.0,0.0,0.1999999999999993,-16.13397459621556,21.0,1,20.8,0.1999999999999993,20.5,21.5
901.0,0.0,0.1999999999999993,-16.133393406165936,21.0,1,20.8,0.1999999999999993,20.5,21.5
902.0,0.0,0.1999999999999993,-16.132813389376018,21.0,1,20.8,0.1999999999999993,20.5,21.5
903.0,0.0,0.1999999999999993,-16.13223454663107,21.0,1,20.8,0.1999999999999993,20.5,21.5
904.0,0.0,0.1999999999999993,-16.131656878714765,21.0,1,20.8,0.1999999999999993,20.5,21.5
905.0,0.0,0.1999999999999993,-16.13108038640917,21.0,1,20.8,0.1999999999999993,20.5,21.5
906.0,0.0,0.1999999999999993,-16.13050507049478,21.0,1,20.8,0.1999999999999993,20.5,21.5
907.0,0.0,0.1999999999999993,-16.12993093175049,21.0,1,20.8,0.1999999999999993,20.5,21.5
908.0,0.0,0.1999999999999993,-16.1293579709536,21.0,1,20.8,0.1999999999999993,20.5,21.5
909.0,0.0,0.1999999999999993,-16.12878618887981,21.0,1,20.8,0.1999999999999993,20.5,21.5
910.0,0.0,0.1999999999999993,-16.128215586303238,21.0,1,20.8,0.1999999999999993,20.5,21.5
911.0,0.0,0.1999999999999993,-16.127646163996392,21.0,1,20.8,0.1999999999999993,20.5,21.5
912.0,0.0,0.1999999999999993,-16.12707792273019,21.0,1,20.8,0.1999999999999993,20.5,21.5
913.0,0.0,0.1999999999999993,-16.12651086327395,21.0,1,20.8,0.1999999999999993,20.5,21.5
914.0,0.0,0.1999999999999993,-16.125944986395382,21.0,1,20.8,0.1999999999999993,20.5,21.5
915.0,0.0,0.1999999999999993,-16.125380292860605,21.0,1,20.8,0.1999999999999993,20.5,21.5
916.0,0.0,0.1999999999999993,-16.124816783434134,21.0,1,20.8,0.1999999999999993,20.5,21.5
917.0,0.0,0.1999999999999993,-16.124254458878873,21.0,1,20.8,0.1999999999999993,20.5,21.5
918.0,0.0,0.1999999999999993,-16.123693319956136,21.0,1,20.8,0.1999999999999993,20.5,21.5
919.0,0.0,0.1999999999999993,-16.12313336742562,21.0,1,20.8,0.1999999999999993,20.5,21.5
920.0,0.0,0.1999999999999993,-16.122574602045418,21.0,1,20.8,0.1999999999999993,20.5,21.5
921.0,0.0,0.1999999999999993,-16.122017024572017,21.0,1,20.8,0.1999999999999993,20.5,21.5
922.0,0.0,0.1999999999999993,-16.1214606357603,21.0,1,20.8,0.1999999999999993,20.5,21.5
923.0,0.0,0.1999999999999993,-16.120905436363536,21.0,1,20.8,0.1999999999999993,20.5,21.5
924.0,0.0,0.1999999999999993,-16.120351427133386,21.0,1,20.8,0.1999999999999993,20.5,21.5
925.0,0.0,0.1999999999999993,-16.119798608819888,21.0,1,20.8,0.1999999999999993,20.5,21.5
926.0,0.0,0.1999999999999993,-16.11924698217149,21.0,1,20.8,0.1999999999999993,20.5,21.5
927.0,0.0,0.1999999999999993,-16.11869654793501,21.0,1,20.8,0.1999999999999993,20.5,21.5
928.0,0.0,0.1999999999999993,-16.118147306855654,21.0,1,20.8,0.1999999999999993,20.5,21.5
929.0,0.0,0.1999999999999993,-16.117599259677014,21.0,1,20.8,0.1999999999999993,20.5,21.5
930.0,0.0,0.1999999999999993,-16.117052407141074,21.0,1,20.8,0.1999999999999993,20.5,21.5
931.0,0.0,0.1999999999999993,-16.116506749988183,21.0,1,20.8,0.1999999999999993,20.5,21.5
932.0,0.0,0.1999999999999993,-16.115962288957093,21.0,1,20.8,0.1999999999999993,20.5,21.5
933.0,0.0,0.1999999999999993,-16.115419024784917,21.0,1,20.8,0.1999999999999993,20.5,21.5
934.0,0.0,0.1999999999999993,-16.114876958207155,21.0,1,20.8,0.1999999999999993,20.5,21.5
935.0,0.0,0.1999999999999993,-16.114336089957696,21.0,1,20.8,0.1999999999999993,20.5,21.5
936.0,0.0,0.1999999999999993,-16.113796420768786,21.0,1,20.8,0.1999999999999993,20.5,21.5
937.0,0.0,0.1999999999999993,-16.113257951371065,21.0,1,20.8,0.1999999999999993,20.5,21.5
938.0,0.0,0.1999999999999993,-16.11272068249354,21.0,1,20.8,0.1999999999999993,20.5,21.5
939.0,0.0,0.1999999999999993,-16.1121846148636,21.0,1,20.8,0.1999999999999993,20.5,21.5
940.0,0.0,0.1999999999999993,-16.111649749206997,21.0,1,20.8,0.1999999999999993,20.5,21.5
941.0,0.0,0.1999999999999993,-16.11111608624786,21.0,1,20.8,0.1999999999999993,20.5,21.5
942.0,0.0,0.1999999999999993,-16.110583626708703,21.0,1,20.8,0.1999999999999993,20.5,21.5
943.0,0.0,0.1999999999999993,-16.11005237131039,21.0,1,20.8,0.1999999999999993,20.5,21.5
944.0,0.0,0.1999999999999993,-16.109522320772157,21.0,1,20.8,0.1999999999999993,20.5,21.5
945.0,0.0,0.1999999999999993,-16.10899347581163,21.0,1,20.8,0.1999999999999993,20.5,21.5
946.0,0.0,0.1999999999999993,-16.108465837144784,21.0,1,20.8,0.1999999999999993,20.5,21.5
947.0,0.0,0.1999999999999993,-16.10793940548596,21.0,1,20.8,0.1999999999999993,20.5,21.5
948.0,0.0,0.1999999999999993,-16.107414181547874,21.0,1,20.8,0.1999999999999993,20.5,21.5
949.0,0.0,0.1999999999999993,-16.1068901660416,21.0,1,20.8,0.1999999999999993,20.5,21.5
950.0,0.0,0.1999999999999993,-16.10636735967659,21.0,1,20.8,0.1999999999999993,20.5,21.5
951.0,0.0,0.1999999999999993,-16.10584576316063,21.0,1,20.8,0.1999999999999993,20.5,21.5
952.0,0.0,0.1999999999999993,-16.105325377199904,21.0,1,20.8,0.1999999999999993,20.5,21.5
953.0,0.0,0.1999999999999993,-16.104806202498924,21.0,1,20.8,0.1999999999999993,20.5,21.5
954.0,0.0,0.1999999999999993,-16.104288239760585,21.0,1,20.8,0.1999999999999993,20.5,21.5
955.0,0.0,0.1999999999999993,-16.10377148968614,21.0,1,20.8,0.1999999999999993,20.5,21.5
956.0,0.0,0.1999999999999993,-16.103255952975175,21.0,1,20.8,0.1999999999999993,20.5,21.5
957.0,0.0,0.1999999999999993,-16.10274163032567,21.0,1,20.8,0.1999999999999993,20.5,21.5
958.0,0.0,0.1999999999999993,-16.10222852243394,21.0,1,20.8,0.1999999999999993,20.5,21.5
959.0,0.0,0.1999999999999993,-16.101716629994648,21.0,1,20.8,0.1999999999999993,20.5,21.5
960.0,0.0,0.1999999999999993,-16.101205953700834,21.0,1,20.8,0.1999999999999993,20.5,21.5
961.0,0.0,0.1999999999999993,-16.100696494243874,21.0,1,20.8,0.1999999999999993,20.5,21.5
962.0,0.0,0.1999999999999993,-16.1001882523135,21.0,1,20.8,0.1999999999999993,20.5,21.5
963.0,0.0,0.1999999999999993,-16.099681228597806,21.0,1,20.8,0.1999999999999993,20.5,21.5
964.0,0.0,0.1999999999999993,-16.099175423783223,21.0,1,20.8,0.1999999999999993,20.5,21.5
965.0,0.0,0.1999999999999993,-16.09867083855454,21.0,1,20.8,0.1999999999999993,20.5,21.5
966.0,0.0,0.1999999999999993,-16.098167473594884,21.0,1,20.8,0.1999999999999993,20.5,21.5
967.0,0.0,0.1999999999999993,-16.09766532958575,21.0,1,20.8,0.1999999999999993,20.5,21.5
968.0,0.0,0.1999999999999993,-16.097164407206964,21.0,1,20.8,0.1999999999999993,20.5,21.5
969.0,0.0,0.1999999999999993,-16.0966647071367,21.0,1,20.8,0.1999999999999993,20.5,21.5
970.0,0.0,0.1999999999999993,-16.09616623005148,21.0,1,20.8,0.1999999999999993,20.5,21.5
971.0,0.0,0.1999999999999993,-16.095668976626172,21.0,1,20.8,0.1999999999999993,20.5,21.5
972.0,0.0,0.1999999999999993,-16.09517294753398,21.0,1,20.8,0.1999999999999993,20.5,21.5
973.0,0.0,0.1999999999999993,-16.094678143446462,21.0,1,20.8,0.1999999999999993,20.5,21.5
974.0,0.0,0.1999999999999993,-16.09418456503351,21.0,1,20.8,0.1999999999999993,20.5,21.5
975.0,0.0,0.1999999999999993,-16.09369221296335,21.0,1,20.8,0.1999999999999993,20.5,21.5
976.0,0.0,0.1999999999999993,-16.093201087902564,21.0,1,20.8,0.1999999999999993,20.5,21.5
977.0,0.0,0.1999999999999993,-16.092711190516063,21.0,1,20.8,0.1999999999999993,20.5,21.5
978.0,0.0,0.1999999999999993,-16.092222521467093,21.0,1,20.8,0.1999999999999993,20.5,21.5
979.0,0.0,0.1999999999999993,-16.09173508141724,21.0,1,20.8,0.1999999999999993,20.5,21.5
980.0,0.0,0.1999999999999993,-16.091248871026437,21.0,1,20.8,0.1999999999999993,20.5,21.5
981.0,0.0,0.1999999999999993,-16.090763890952932,21.0,1,20.8,0.1999999999999993,20.5,21.5
982.0,0.0,0.1999999999999993,-16.09028014185332,21.0,1,20.8,0.1999999999999993,20.5,21.5
983.0,0.0,0.1999999999999993,-16.089797624382534,21.0,1,20.8,0.1999999999999993,20.5,21.5
984.0,0.0,0.1999999999999993,-16.08931633919382,21.0,1,20.8,0.1999999999999993,20.5,21.5
985.0,0.0,0.1999999999999993,-16.088836286938783,21.0,1,20.8,0.1999999999999993,20.5,21.5
986.0,0.0,0.1999999999999993,-16.088357468267333,21.0,1,20.8,0.1999999999999993,20.5,21.5
987.0,0.0,0.1999999999999993,-16.087879883827725,21.0,1,20.8,0.1999999999999993,20.5,21.5
988.0,0.0,0.1999999999999993,-16.087403534266542,21.0,1,20.8,0.1999999999999993,20.5,21.5
989.0,0.0,0.1999999999999993,-16.086928420228688,21.0,1,20.8,0.1999999999999993,20.5,21.5
990.0,0.0,0.1999999999999993,-16.0864545423574,21.0,1,20.8,0.1999999999999993,20.5,21.5
991.0,0.0,0.1999999999999993,-16.08598190129424,21.0,1,20.8,0.1999999999999993,20.5,21.5
992.0,0.0,0.1999999999999993,-16.085510497679095,21.0,1,20.8,0.1999999999999993,20.5,21.5
993.0,0.0,0.1999999999999993,-16.085040332150175,21.0,1,20.8,0.1999999999999993,20.5,21.5
994.0,0.0,0.1999999999999993,-16.084571405344022,21.0,1,20.8,0.1999999999999993,20.5,21.5
995.0,0.0,0.1999999999999993,-16.084103717895488,21.0,1,20.8,0.1999999999999993,20.5,21.5
996.0,0.0,0.1999999999999993,-16.083637270437762,21.0,1,20.8,0.1999999999999993,20.5,21.5
997.0,0.0,0.1999999999999993,-16.083172063602337,21.0,1,20.8,0.1999999999999993,20.5,21.5
998.0,0.0,0.1999999999999993,-16.082708098019044,21.0,1,20.8,0.1999999999999993,20.5,21.5
999.0,0.0,0.1999999999999993,-16.082245374316017,21.0,1,20.8,0.1999999999999993,20.5,21.5
1000.0,0.0,0.1999999999999993,-16.081783893119727,21.0,1,20.8,0.1999999999999993,20.5,21.5
1001.0,0.0,0.1999999999999993,-16.081323655054945,21.0,1,20.8,0.1999999999999993,20.5,21.5
1002.0,0.0,0.1999999999999993,-16.080864660744766,21.0,1,20.8,0.1999999999999993,20.5,21.5
1003.0,0.0,0.1999999999999993,-16.080406910810606,21.0,1,20.8,0.1999999999999993,20.5,21.5
1004.0,0.0,0.1999999999999993,-16.07995040587219,21.0,1,20.8,0.1999999999999993,20.5,21.5
1005.0,0.0,0.1999999999999993,-16.079495146547558,21.0,1,20.8,0.1999999999999993,20.5,21.5
1006.0,0.0,0.1999999999999993,-16.07904113345307,21.0,1,20.8,0.1999999999999993,20.5,21.5
1007.0,0.0,0.1999999999999993,-16.07858836720339,21.0,1,20.8,0.1999999999999993,20.5,21.5
1008.0,0.0,0.1999999999999993,-16.0781368484115,21.0,1,20.8,0.1999999999999993,20.5,21.5
1009.0,0.0,0.1999999999999993,-16.077686577688688,21.0,1,20.8,0.1999999999999993,20.5,21.5
1010.0,0.0,0.1999999999999993,-16.077237555644558,21.0,1,20.8,0.1999999999999993,20.5,21.5
1011.0,0.0,0.1999999999999993,-16.07678978288702,21.0,1,20.8,0.1999999999999993,20.5,21.5
1012.0,0.0,0.1999999999999993,-16.07634326002229,21.0,1,20.8,0.1999999999999993,20.5,21.5
1013.0,0.0,0.1999999999999993,-16.075897987654905,21.0,1,20.8,0.1999999999999993,20.5,21.5
1014.0,0.0,0.1999999999999993,-16.075453966387688,21.0,1,20.8,0.1999999999999993,20.5,21.5
1015.0,0.0,0.1999999999999993,-16.075011196821784,21.0,1,20.8,0.1999999999999993,20.5,21.5
1016.0,0.0,0.1999999999999993,-16.07456967955664,21.0,1,20.8,0.1999999999999993,20.5,21.5
1017.0,0.0,0.1999999999999993,-16.074129415190008,21.0,1,20.8,0.1999999999999993,20.5,21.5
1018.0,0.0,0.1999999999999993,-16.073690404317936,21.0,1,20.8,0.1999999999999993,20.5,21.5
1019.0,0.0,0.1999999999999993,-16.073252647534783,21.0,1,20.8,0.1999999999999993,20.5,21.5
1020.0,0.0,0.1999999999999993,-16.07281614543321,21.0,1,20.8,0.1999999999999993,20.5,21.5
1021.0,0.0,0.1999999999999993,-16.07238089860418,21.0,1,20.8,0.1999999999999993,20.5,21.5
1022.0,0.0,0.1999999999999993,-16.071946907636953,21.0,1,20.8,0.1999999999999993,20.5,21.5
1023.0,0.0,0.1999999999999993,-16.071514173119084,21.0,1,20.8,0.1999999999999993,20.5,21.5
1024.0,0.0,0.1999999999999993,-16.07108269563644,21.0,1,20.8,0.1999999999999993,20.5,21.5
1025.0,0.0,0.1999999999999993,-16.07065247577318,21.0,1,20.8,0.1999999999999993,20.5,21.5
1026.0,0.0,0.1999999999999993,-16.07022351411175,21.0,1,20.8,0.1999999999999993,20.5,21.5
1027.0,0.0,0.1999999999999993,-16.069795811232908,21.0,1,20.8,0.1999999999999993,20.5,21.5
1028.0,0.0,0.1999999999999993,-16.0693693677157,21.0,1,20.8,0.1999999999999993,20.5,21.5
1029.0,0.0,0.1999999999999993,-16.06894418413747,21.0,1,20.8,0.1999999999999993,20.5,21.5
1030.0,0.0,0.1999999999999993,-16.068520261073857,21.0,1,20.8,0.1999999999999993,20.5,21.5
1031.0,0.0,0.1999999999999993,-16.068097599098788,21.0,1,20.8,0.1999999999999993,20.5,21.5
1032.0,0.0,0.1999999999999993,-16.06767619878449,21.0,1,20.8,0.1999999999999993,20.5,21.5
1033.0,0.0,0.1999999999999993,-16.06725606070147,21.0,1,20.8,0.1999999999999993,20.5,21.5
1034.0,0.0,0.1999999999999993,-16.066837185418542,21.0,1,20.8,0.1999999999999993,20.5,21.5
1035.0,0.0,0.1999999999999993,-16.0664195735028,21.0,1,20.8,0.1999999999999993,20.5,21.5
1036.0,0.0,0.1999999999999993,-16.066003225519626,21.0,1,20.8,0.1999999999999993,20.5,21.5
1037.0,0.0,0.1999999999999993,-16.065588142032702,21.0,1,20.8,0.1999999999999993,20.5,21.5
1038.0,0.0,0.1999999999999993,-16.065174323603983,21.0,1,20.8,0.1999999999999993,20.5,21.5
1039.0,0.0,0.1999999999999993,-16.06476177079373,21.0,1,20.8,0.1999999999999993,20.5,21.5
1040.0,0.0,0.1999999999999993,-16.06435048416047,21.0,1,20.8,0.1999999999999993,20.5,21.5
1041.0,0.0,0.1999999999999993,-16.063940464261027,21.0,1,20.8,0.1999999999999993,20.5,21.5
1042.0,0.0,0.1999999999999993,-16.063531711650512,21.0,1,20.8,0.1999999999999993,20.5,21.5
1043.0,0.0,0.1999999999999993,-16.063124226882316,21.0,1,20.8,0.1999999999999993,20.5,21.5
1044.0,0.0,0.1999999999999993,-16.062718010508107,21.0,1,20.8,0.1999999999999993,20.5,21.5
1045.0,0.0,0.1999999999999993,-16.062313063077855,21.0,1,20.8,0.1999999999999993,20.5,21.5
1046.0,0.0,0.1999999999999993,-16.061909385139792,21.0,1,20.8,0.1999999999999993,20.5,21.5
1047.0,0.0,0.1999999999999993,-16.061506977240445,21.0,1,20.8,0.1999999999999993,20.5,21.5
1048.0,0.0,0.1999999999999993,-16.061105839924608,21.0,1,20.8,0.1999999999999993,20.5,21.5
1049.0,0.0,0.1999999999999993,-16.060705973735374,21.0,1,20.8,0.1999999999999993,20.5,21.5
1050.0,0.0,0.1999999999999993,-16.06030737921409,21.0,1,20.8,0.1999999999999993,20.5,21.5
1051.0,0.0,0.1999999999999993,-16.059910056900407,21.0,1,20.8,0.1999999999999993,20.5,21.5
1052.0,0.0,0.1999999999999993,-16.05951400733224,21.0,1,20.8,0.1999999999999993,20.5,21.5
1053.0,0.0,0.1999999999999993,-16.059119231045777,21.0,1,20.8,0.1999999999999993,20.5,21.5
1054.0,0.0,0.1999999999999993,-16.05872572857549,21.0,1,20.8,0.1999999999999993,20.5,21.5
1055.0,0.0,0.1999999999999993,-16.058333500454125,21.0,1,20.8,0.1999999999999993,20.5,21.5
1056.0,0.0,0.1999999999999993,-16.057942547212704,21.0,1,20.8,0.1999999999999993,20.5,21.5
1057.0,0.0,0.1999999999999993,-16.05755286938052,21.0,1,20.8,0.1999999999999993,20.5,21.5
1058.0,0.0,0.1999999999999993,-16.057164467485137,21.0,1,20.8,0.1999999999999993,20.5,21.5
1059.0,0.0,0.1999999999999993,-16.0567773420524,21.0,1,20.8,0.1999999999999993,20.5,21.5
1060.0,0.0,0.1999999999999993,-16.056391493606416,21.0,1,20.8,0.1999999999999993,20.5,21.5
1061.0,0.0,0.1999999999999993,-16.056006922669575,21.0,1,20.8,0.1999999999999993,20.5,21.5
1062.0,0.0,0.1999999999999993,-16.05562362976252,21.0,1,20.8,0.1999999999999993,20.5,21.5
1063.0,0.0,0.1999999999999993,-16.055241615404178,21.0,1,20.8,0.1999999999999993,20.5,21.5
1064.0,0.0,0.1999999999999993,-16.054860880111747,21.0,1,20.8,0.1999999999999993,20.5,21.5
1065.0,0.0,0.1999999999999993,-16.054481424400684,21.0,1,20.8,0.1999999999999993,20.5,21.5
1066.0,0.0,0.1999999999999993,-16.054103248784713,21.0,1,20.8,0.1999999999999993,20.5,21.5
1067.0,0.0,0.1999999999999993,-16.053726353775833,21.0,1,20.8,0.1999999999999993,20.5,21.5
1068.0,0.0,0.1999999999999993,-16.0533507398843,21.0,1,20.8,0.1999999999999993,20.5,21.5
1069.0,0.0,0.1999999999999993,-16.05297640761865,21.0,1,20.8,0.1999999999999993,20.5,21.5
1070.0,0.0,0.1999999999999993,-16.052603357485673,21.0,1,20.8,0.1999999999999993,20.5,21.5
1071.0,0.0,0.1999999999999993,-16.052231589990413,21.0,1,20.8,0.1999999999999993,20.5,21.5
1072.0,0.0,0.1999999999999993,-16.051861105636203,21.0,1,20.8,0.1999999999999993,20.5,21.5
1073.0,0.0,0.1999999999999993,-16.051491904924617,21.0,1,20.8,0.1999999999999993,20.5,21.5
1074.0,0.0,0.1999999999999993,-16.051123988355503,21.0,1,20.8,0.1999999999999993,20.5,21.5
1075.0,0.0,0.1999999999999993,-16.050757356426967,21.0,1,20.8,0.1999999999999993,20.5,21.5
1076.0,0.0,0.1999999999999993,-16.050392009635374,21.0,1,20.8,0.1999999999999993,20.5,21.5
1077.0,0.0,0.1999999999999993,-16.050027948475346,21.0,1,20.8,0.1999999999999993,20.5,21.5
1078.0,0.0,0.1999999999999993,-16.049665173439777,21.0,1,20.8,0.1999999999999993,20.5,21.5
1079.0,0.0,0.1999999999999993,-16.04930368501981,21.0,1,20.8,0.1999999999999993,20.5,21.5
1080.0,0.0,0.1999999999999993,-16.048943483704846,21.0,1,20.8,0.1999999999999993,20.5,21.5
1081.0,0.0,0.1999999999999993,-16.048584569982545,21.0,1,20.8,0.1999999999999993,20.5,21.5
1082.0,0.0,0.1999999999999993,-16.04822694433883,21.0,1,20.8,0.1999999999999993,20.5,21.5
1083.0,0.0,0.1999999999999993,-16.047870607257863,21.0,1,20.8,0.1999999999999993,20.5,21.5
1084.0,0.0,0.1999999999999993,-16.047515559222077,21.0,1,20.8,0.1999999999999993,20.5,21.5
1085.0,0.0,0.1999999999999993,-16.047161800712164,21.0,1,20.8,0.1999999999999993,20.5,21.5
1086.0,0.0,0.1999999999999993,-16.046809332207054,21.0,1,20.8,0.1999999999999993,20.5,21.5
1087.0,0.0,0.1999999999999993,-16.046458154183938,21.0,1,20.8,0.1999999999999993,20.5,21.5
1088.0,0.0,0.1999999999999993,-16.046108267118264,21.0,1,20.8,0.1999999999999993,20.5,21.5
1089.0,0.0,0.1999999999999993,-16.045759671483722,21.0,1,20.8,0.1999999999999993,20.5,21.5
1090.0,0.0,0.1999999999999993,-16.04541236775227,21.0,1,20.8,0.1999999999999993,20.5,21.5
1091.0,0.0,0.1999999999999993,-16.045066356394095,21.0,1,20.8,0.1999999999999993,20.5,21.5
1092.0,0.0,0.1999999999999993,-16.044721637877657,21.0,1,20.8,0.1999999999999993,20.5,21.5
1093.0,0.0,0.1999999999999993,-16.04437821266965,21.0,1,20.8,0.1999999999999993,20.5,21.5
1094.0,0.0,0.1999999999999993,-16.04403608123502,21.0,1,20.8,0.1999999999999993,20.5,21.5
1095.0,0.0,0.1999999999999993,-16.043695244036964,21.0,1,20.8,0.1999999999999993,20.5,21.5
1096.0,0.0,0.1999999999999993,-16.04335570153693,21.0,1,20.8,0.1999999999999993,20.5,21.5
1097.0,0.0,0.1999999999999993,-16.043017454194608,21.0,1,20.8,0.1999999999999993,20.5,21.5
1098.0,0.0,0.1999999999999993,-16.04268050246793,21.0,1,20.8,0.1999999999999993,20.5,21.5
1099.0,0.0,0.1999999999999993,-16.04234484681309,21.0,1,20.8,0.1999999999999993,20.5,21.5
1100.0,0.0,0.1999999999999993,-16.04201048768451,21.0,1,20.8,0.1999999999999993,20.5,21.5
1101.0,0.0,0.1999999999999993,-16.041677425534864,21.0,1,20.8,0.1999999999999993,20.5,21.5
1102.0,0.0,0.1999999999999993,-16.041345660815075,21.0,1,20.8,0.1999999999999993,20.5,21.5
1103.0,0.0,0.1999999999999993,-16.0410151939743,21.0,1,20.8,0.1999999999999993,20.5,21.5
1104.0,0.0,0.1999999999999993,-16.04068602545994,21.0,1,20.8,0.1999999999999993,20.5,21.5
1105.0,0.0,0.1999999999999993,-16.04035815571765,21.0,1,20.8,0.1999999999999993,20.5,21.5
1106.0,0.0,0.1999999999999993,-16.040031585191315,21.0,1,20.8,0.1999999999999993,20.5,21.5
1107.0,0.0,0.1999999999999993,-16.039706314323055,21.0,1,20.8,0.1999999999999993,20.5,21.5
1108.0,0.0,0.1999999999999993,-16.039382343553253,21.0,1,20.8,0.1999999999999993,20.5,21.5
1109.0,0.0,0.1999999999999993,-16.039059673320512,21.0,1,20.8,0.1999999999999993,20.5,21.5
1110.0,0.0,0.1999999999999993,-16.03873830406168,21.0,1,20.8,0.1999999999999993,20.5,21.5
1111.0,0.0,0.1999999999999993,-16.038418236211847,21.0,1,20.8,0.1999999999999993,20.5,21.5
1112.0,0.0,0.1999999999999993,-16.038099470204337,21.0,1,20.8,0.1999999999999993,20.5,21.5
1113.0,0.0,0.1999999999999993,-16.037782006470714,21.0,1,20.8,0.1999999999999993,20.5,21.5
1114.0,0.0,0.1999999999999993,-16.037465845440778,21.0,1,20.8,0.1999999999999993,20.5,21.5
1115.0,0.0,0.1999999999999993,-16.03715098754256,21.0,1,20.8,0.1999999999999993,20.5,21.5
1116.0,0.0,0.1999999999999993,-16.036837433202344,21.0,1,20.8,0.1999999999999993,20.5,21.5
1117.0,0.0,0.1999999999999993,-16.03652518284462,21.0,1,20.8,0.1999999999999993,20.5,21.5
1118.0,0.0,0.1999999999999993,-16.036214236892146,21.0,1,20.8,0.1999999999999993,20.5,21.5
1119.0,0.0,0.1999999999999993,-16.035904595765892,21.0,1,20.8,0.1999999999999993,20.5,21.5
1120.0,0.0,0.1999999999999993,-16.03559625988506,21.0,1,20.8,0.1999999999999993,20.5,21.5
1121.0,0.0,0.1999999999999993,-16.0352892296671,21.0,1,20.8,0.1999999999999993,20.5,21.5
1122.0,0.0,0.1999999999999993,-16.034983505527688,21.0,1,20.8,0.1999999999999993,20.5,21.5
1123.0,0.0,0.1999999999999993,-16.034679087880725,21.0,1,20.8,0.1999999999999993,20.5,21.5
1124.0,0.0,0.1999999999999993,-16.03437597713835,21.0,1,20.8,0.1999999999999993,20.5,21.5
1125.0,0.0,0.1999999999999993,-16.034074173710934,21.0,1,20.8,0.1999999999999993,20.5,21.5
1126.0,0.0,0.1999999999999993,-16.033773678007066,21.0,1,20.8,0.1999999999999993,20.5,21.5
1127.0,0.0,0.1999999999999993,-16.033474490433584,21.0,1,20.8,0.1999999999999993,20.5,21.5
1128.0,0.0,0.1999999999999993,-16.03317661139554,21.0,1,20.8,0.1999999999999993,20.5,21.5
1129.0,0.0,0.1999999999999993,-16.03288004129622,21.0,1,20.8,0.1999999999999993,20.5,21.5
1130.0,0.0,0.1999999999999993,-16.032584780537135,21.0,1,20.8,0.1999999999999993,20.5,21.5
1131.0,0.0,0.1999999999999993,-16.03229082951803,21.0,1,20.8,0.1999999999999993,20.5,21.5
1132.0,0.0,0.1999999999999993,-16.031998188636866,21.0,1,20.8,0.1999999999999993,20.5,21.5
1133.0,0.0,0.1999999999999993,-16.031706858289837,21.0,1,20.8,0.1999999999999993,20.5,21.5
1134.0,0.0,0.1999999999999993,-16.03141683887137,21.0,1,20.8,0.1999999999999993,20.5,21.5
1135.0,0.0,0.1999999999999993,-16.0311281307741,21.0,1,20.8,0.1999999999999993,20.5,21.5
1136.0,0.0,0.1999999999999993,-16.0308407343889,21.0,1,20.8,0.1999999999999993,20.5,21.5
1137.0,0.0,0.1999999999999993,-16.03055465010486,21.0,1,20.8,0.1999999999999993,20.5,21.5
1138.0,0.0,0.1999999999999993,-16.030269878309305,21.0,1,20.8,0.1999999999999993,20.5,21.5
1139.0,0.0,0.1999999999999993,-16.02998641938776,21.0,1,20.8,0.1999999999999993,20.5,21.5
1140.0,0.0,0.1999999999999993,-16.029704273724004,21.0,1,20.8,0.1999999999999993,20.5,21.5
1141.0,0.0,0.1999999999999993,-16.02942344170001,21.0,1,20.8,0.1999999999999993,20.5,21.5
1142.0,0.0,0.1999999999999993,-16.02914392369599,21.0,1,20.8,0.1999999999999993,20.5,21.5
1143.0,0.0,0.1999999999999993,-16.028865720090366,21.0,1,20.8,0.1999999999999993,20.5,21.5
1144.0,0.0,0.1999999999999993,-16.028588831259786,21.0,1,20.8,0.1999999999999993,20.5,21.5
1145.0,0.0,0.1999999999999993,-16.02831325757912,21.0,1,20.8,0.1999999999999993,20.5,21.5
1146.0,0.0,0.1999999999999993,-16.028038999421454,21.0,1,20.8,0.1999999999999993,20.5,21.5
1147.0,0.0,0.1999999999999993,-16.027766057158093,21.0,1,20.8,0.1999999999999993,20.5,21.5
1148.0,0.0,0.1999999999999993,-16.027494431158562,21.0,1,20.8,0.1999999999999993,20.5,21.5
1149.0,0.0,0.1999999999999993,-16.027224121790603,21.0,1,20.8,0.1999999999999993,20.5,21.5
1150.0,0.0,0.1999999999999993,-16.026955129420177,21.0,1,20.8,0.1999999999999993,20.5,21.5
1151.0,0.0,0.1999999999999993,-16.02668745441146,21.0,1,20.8,0.1999999999999993,20.5,21.5
1152.0,0.0,0.1999999999999993,-16.02642109712684,21.0,1,20.8,0.1999999999999993,20.5,21.5
1153.0,0.0,0.1999999999999993,-16.026156057926933,21.0,1,20.8,0.1999999999999993,20.5,21.5
1154.0,0.0,0.1999999999999993,-16.02589233717056,21.0,1,20.8,0.1999999999999993,20.5,21.5
1155.0,0.0,0.1999999999999993,-16.025629935214766,21.0,1,20.8,0.1999999999999993,20.5,21.5
1156.0,0.0,0.1999999999999993,-16.025368852414797,21.0,1,20.8,0.1999999999999993,20.5,21.5
1157.0,0.0,0.1999999999999993,-16.02510908912413,21.0,1,20.8,0.1999999999999993,20.5,21.5
1158.0,0.0,0.1999999999999993,-16.024850645694436,21.0,1,20.8,0.1999999999999993,20.5,21.5
1159.0,0.0,0.1999999999999993,-16.02459352247562,21.0,1,20.8,0.1999999999999993,20.5,21.5
1160.0,0.0,0.1999999999999993,-16.024337719815787,21.0,1,20.8,0.1999999999999993,20.5,21.5
1161.0,0.0,0.1999999999999993,-16.02408323806125,21.0,1,20.8,0.1999999999999993,20.5,21.5
1162.0,0.0,0.1999999999999993,-16.023830077556553,21.0,1,20.8,0.1999999999999993,20.5,21.5
1163.0,0.0,0.1999999999999993,-16.023578238644426,21.0,1,20.8,0.1999999999999993,20.5,21.5
1164.0,0.0,0.1999999999999993,-16.023327721665833,21.0,1,20.8,0.1999999999999993,20.5,21.5
1165.0,0.0,0.1999999999999993,-16.023078526959928,21.0,1,20.8,0.1999999999999993,20.5,21.5
1166.0,0.0,0.1999999999999993,-16.022830654864094,21.0,1,20.8,0.1999999999999993,20.5,21.5
1167.0,0.0,0.1999999999999993,-16.022584105713904,21.0,1,20.8,0.1999999999999993,20.5,21.5
1168.0,0.0,0.1999999999999993,-16.022338879843158,21.0,1,20.8,0.1999999999999993,20.5,21.5
1169.0,0.0,0.1999999999999993,-16.02209497758385,21.0,1,20.8,0.1999999999999993,20.5,21.5
1170.0,0.0,0.1999999999999993,-16.021852399266194,21.0,1,20.8,0.1999999999999993,20.5,21.5
1171.0,0.0,0.1999999999999993,-16.021611145218603,21.0,1,20.8,0.1999999999999993,20.5,21.5
1172.0,0.0,0.1999999999999993,-16.0213712157677,21.0,1,20.8,0.1999999999999993,20.5,21.5
1173.0,0.0,0.1999999999999993,-16.021132611238315,21.0,1,20.8,0.1999999999999993,20.5,21.5
1174.0,0.0,0.1999999999999993,-16.020895331953483,21.0,1,20.8,0.1999999999999993,20.5,21.5
1175.0,0.0,0.1999999999999993,-16.02065937823445,21.0,1,20.8,0.1999999999999993,20.5,21.5
1176.0,0.0,0.1999999999999993,-16.020424750400657,21.0,1,20.8,0.1999999999999993,20.5,21.5
1177.0,0.0,0.1999999999999993,-16.020191448769758,21.0,1,20.8,0.1999999999999993,20.5,21.5
1178.0,0.0,0.1999999999999993,-16.019959473657615,21.0,1,20.8,0.1999999999999993,20.5,21.5
1179.0,0.0,0.1999999999999993,-16.01972882537828,21.0,1,20.8,0.1999999999999993,20.5,21.5
1180.0,0.0,0.1999999999999993,-16.01949950424402,21.0,1,20.8,0.1999999999999993,20.5,21.5
1181.0,0.0,0.1999999999999993,-16.019271510565307,21.0,1,20.8,0.1999999999999993,20.5,21.5
1182.0,0.0,0.1999999999999993,-16.019044844650807,21.0,1,20.8,0.1999999999999993,20.5,21.5
1183.0,0.0,0.1999999999999993,-16.018819506807397,21.0,1,20.8,0.1999999999999993,20.5,21.5
1184.0,0.0,0.1999999999999993,-16.018595497340147,21.0,1,20.8,0.1999999999999993,20.5,21.5
1185.0,0.0,0.1999999999999993,-16.018372816552336,21.0,1,20.8,0.1999999999999993,20.5,21.5
1186.0,0.0,0.1999999999999993,-16.01815146474544,21.0,1,20.8,0.1999999999999993,20.5,21.5
1187.0,0.0,0.1999999999999993,-16.01793144221914,21.0,1,20.8,0.1999999999999993,20.5,21.5
1188.0,0.0,0.1999999999999993,-16.01771274927131,21.0,1,20.8,0.1999999999999993,20.5,21.5
1189.0,0.0,0.1999999999999993,-16.017495386198036,21.0,1,20.8,0.1999999999999993,20.5,21.5
1190.0,0.0,0.1999999999999993,-16.01727935329359,21.0,1,20.8,0.1999999999999993,20.5,21.5
1191.0,0.0,0.1999999999999993,-16.017064650850443,21.0,1,20.8,0.1999999999999993,20.5,21.5
1192.0,0.0,0.1999999999999993,-16.016851279159287,21.0,1,20.8,0.1999999999999993,20.5,21.5
1193.0,0.0,0.1999999999999993,-16.016639238508986,21.0,1,20.8,0.1999999999999993,20.5,21.5
1194.0,0.0,0.1999999999999993,-16.016428529186612,21.0,1,20.8,0.1999999999999993,20.5,21.5
1195.0,0.0,0.1999999999999993,-16.016219151477443,21.0,1,20.8,0.1999999999999993,20.5,21.5
1196.0,0.0,0.1999999999999993,-16.016011105664937,21.0,1,20.8,0.1999999999999993,20.5,21.5
1197.0,0.0,0.1999999999999993,-16.01580439203076,21.0,1,20.8,0.1999999999999993,20.5,21.5
1198.0,0.0,0.1999999999999993,-16.01559901085477,21.0,1,20.8,0.1999999999999993,20.5,21.5
1199.0,0.0,0.1999999999999993,-16.01539496241503,21.0,1,20.8,0.1999999999999993,20.5,21.5
1200.0,0.0,0.1999999999999993,-16.015192246987795,21.0,1,20.8,0.1999999999999993,20.5,21.5
1201.0,0.0,0.1999999999999993,-16.014990864847498,21.0,1,20.8,0.1999999999999993,20.5,21.5
1202.0,0.0,0.1999999999999993,-16.01479081626679,21.0,1,20.8,0.1999999999999993,20.5,21.5
1203.0,0.0,0.1999999999999993,-16.01459210151651,21.0,1,20.8,0.1999999999999993,20.5,21.5
1204.0,0.0,0.1999999999999993,-16.014394720865685,21.0,1,20.8,0.1999999999999993,20.5,21.5
1205.0,0.0,0.1999999999999993,-16.01419867458154,21.0,1,20.8,0.1999999999999993,20.5,21.5
1206.0,0.0,0.1999999999999993,-16.014003962929493,21.0,1,20.8,0.1999999999999993,20.5,21.5
1207.0,0.0,0.1999999999999993,-16.01381058617316,21.0,1,20.8,0.1999999999999993,20.5,21.5
1208.0,0.0,0.1999999999999993,-16.013618544574342,21.0,1,20.8,0.1999999999999993,20.5,21.5
1209.0,0.0,0.1999999999999993,-16.01342783839303,21.0,1,20.8,0.1999999999999993,20.5,21.5
1210.0,0.0,0.1999999999999993,-16.01323846788742,21.0,1,20.8,0.1999999999999993,20.5,21.5
1211.0,0.0,0.1999999999999993,-16.013050433313893,21.0,1,20.8,0.1999999999999993,20.5,21.5
1212.0,0.0,0.1999999999999993,-16.012863734927013,21.0,1,20.8,0.1999999999999993,20.5,21.5
1213.0,0.0,0.1999999999999993,-16.012678372979547,21.0,1,20.8,0.1999999999999993,20.5,21.5
1214.0,0.0,0.1999999999999993,-16.012494347722452,21.0,1,20.8,0.1999999999999993,20.5,21.5
1215.0,0.0,0.1999999999999993,-16.012311659404862,21.0,1,20.8,0.1999999999999993,20.5,21.5
1216.0,0.0,0.1999999999999993,-16.01213030827412,21.0,1,20.8,0.1999999999999993,20.5,21.5
1217.0,0.0,0.1999999999999993,-16.011950294575744,21.0,1,20.8,0.1999999999999993,20.5,21.5
1218.0,0.0,0.1999999999999993,-16.011771618553446,21.0,1,20.8,0.1999999999999993,20.5,21.5
1219.0,0.0,0.1999999999999993,-16.01159428044913,21.0,1,20.8,0.1999999999999993,20.5,21.5
1220.0,0.0,0.1999999999999993,-16.011418280502888,21.0,1,20.8,0.1999999999999993,20.5,21.5
1221.0,0.0,0.1999999999999993,-16.011243618952996,21.0,1,20.8,0.1999999999999993,20.5,21.5
1222.0,0.0,0.1999999999999993,-16.011070296035918,21.0,1,20.8,0.1999999999999993,20.5,21.5
1223.0,0.0,0.1999999999999993,-16.01089831198631,21.0,1,20.8,0.1999999999999993,20.5,21.5
1224.0,0.0,0.1999999999999993,-16.01072766703701,21.0,1,20.8,0.1999999999999993,20.5,21.5
1225.0,0.0,0.1999999999999993,-16.010558361419058,21.0,1,20.8,0.1999999999999993,20.5,21.5
1226.0,0.0,0.1999999999999993,-16.010390395361654,21.0,1,20.8,0.1999999999999993,20.5,21.5
1227.0,0.0,0.1999999999999993,-16.01022376909221,21.0,1,20.8,0.1999999999999993,20.5,21.5
1228.0,0.0,0.1999999999999993,-16.010058482836314,21.0,1,20.8,0.1999999999999993,20.5,21.5
1229.0,0.0,0.1999999999999993,-16.009894536817733,21.0,1,20.8,0.1999999999999993,20.5,21.5
1230.0,0.0,0.1999999999999993,-16.00973193125843,21.0,1,20.8,0.1999999999999993,20.5,21.5
1231.0,0.0,0.1999999999999993,-16.00957066637855,21.0,1,20.8,0.1999999999999993,20.5,21.5
1232.0,0.0,0.1999999999999993,-16.00941074239642,21.0,1,20.8,0.1999999999999993,20.5,21.5
1233.0,0.0,0.1999999999999993,-16.009252159528558,21.0,1,20.8,0.1999999999999993,20.5,21.5
1234.0,0.0,0.1999999999999993,-16.009094917989657,21.0,1,20.8,0.1999999999999993,20.5,21.5
1235.0,0.0,0.1999999999999993,-16.008939017992603,21.0,1,20.8,0.1999999999999993,20.5,21.5
1236.0,0.0,0.1999999999999993,-16.00878445974846,21.0,1,20.8,0.1999999999999993,20.5,21.5
1237.0,0.0,0.1999999999999993,-16.008631243466475,21.0,1,20.8,0.1999999999999993,20.5,21.5
1238.0,0.0,0.1999999999999993,-16.008479369354088,21.0,1,20.8,0.1999999999999993,20.5,21.5
1239.0,0.0,0.1999999999999993,-16.008328837616908,21.0,1,20.8,0.1999999999999993,20.5,21.5
1240.0,0.0,0.1999999999999993,-16.008179648458736,21.0,1,20.8,0.1999999999999993,20.5,21.5
1241.0,0.0,0.1999999999999993,-16.008031802081554,21.0,1,20.8,0.1999999999999993,20.5,21.5
1242.0,0.0,0.1999999999999993,-16.007885298685522,21.0,1,20.8,0.1999999999999993,20.5,21.5
1243.0,0.0,0.1999999999999993,-16.007740138468982,21.0,1,20.8,0.1999999999999993,20.5,21.5
1244.0,0.0,0.1999999999999993,-16.00759632162847,21.0,1,20.8,0.1999999999999993,20.5,21.5
1245.0,0.0,0.1999999999999993,-16.00745384835868,21.0,1,20.8,0.1999999999999993,20.5,21.5
1246.0,0.0,0.1999999999999993,-16.007312718852504,21.0,1,20.8,0.1999999999999993,20.5,21.5
1247.0,0.0,0.1999999999999993,-16.007172933301018,21.0,1,20.8,0.1999999999999993,20.5,21.5
1248.0,0.0,0.1999999999999993,-16.007034491893464,21.0,1,20.8,0.1999999999999993,20.5,21.5
1249.0,0.0,0.1999999999999993,-16.006897394817273,21.0,1,20.8,0.1999999999999993,20.5,21.5
1250.0,0.0,0.1999999999999993,-16.006761642258056,21.0,1,20.8,0.1999999999999993,20.5,21.5
1251.0,0.0,0.1999999999999993,-16.006627234399602,21.0,1,20.8,0.1999999999999993,20.5,21.5
1252.0,0.0,0.1999999999999993,-16.00649417142388,21.0,1,20.8,0.1999999999999993,20.5,21.5
1253.0,0.0,0.1999999999999993,-16.006362453511038,21.0,1,20.8,0.1999999999999993,20.5,21.5
1254.0,0.0,0.1999999999999993,-16.006232080839403,21.0,1,20.8,0.1999999999999993,20.5,21.5
1255.0,0.0,0.1999999999999993,-16.00610305358548,21.0,1,20.8,0.1999999999999993,20.5,21.5
1256.0,0.0,0.1999999999999993,-16.005975371923952,21.0,1,20.8,0.1999999999999993,20.5,21.5
1257.0,0.0,0.1999999999999993,-16.005849036027683,21.0,1,20.8,0.1999999999999993,20.5,21.5
1258.0,0.0,0.1999999999999993,-16.005724046067716,21.0,1,20.8,0.1999999999999993,20.5,21.5
1259.0,0.0,0.1999999999999993,-16.005600402213265,21.0,1,20.8,0.1999999999999993,20.5,21.5
1260.0,0.0,0.1999999999999993,-16.005478104631727,21.0,1,20.8,0.1999999999999993,20.5,21.5
1261.0,0.0,0.1999999999999993,-16.005357153488674,21.0,1,20.8,0.1999999999999993,20.5,21.5
1262.0,0.0,0.1999999999999993,-16.00523754894786,21.0,1,20.8,0.1999999999999993,20.5,21.5
1263.0,0.0,0.1999999999999993,-16.005119291171212,21.0,1,20.8,0.1999999999999993,20.5,21.5
1264.0,0.0,0.1999999999999993,-16.005002380318828,21.0,1,20.8,0.1999999999999993,20.5,21.5
1265.0,0.0,0.1999999999999993,-16.004886816548996,21.0,1,20.8,0.1999999999999993,20.5,21.5
1266.0,0.0,0.1999999999999993,-16.00477260001817,21.0,1,20.8,0.1999999999999993,20.5,21.5
1267.0,0.0,0.1999999999999993,-16.00465973088098,21.0,1,20.8,0.1999999999999993,20.5,21.5
1268.0,0.0,0.1999999999999993,-16.004548209290235,21.0,1,20.8,0.1999999999999993,20.5,21.5
1269.0,0.0,0.1999999999999993,-16.00443803539692,21.0,1,20.8,0.1999999999999993,20.5,21.5
1270.0,0.0,0.1999999999999993,-16.004329209350196,21.0,1,20.8,0.1999999999999993,20.5,21.5
1271.0,0.0,0.1999999999999993,-16.004221731297395,21.0,1,20.8,0.1999999999999993,20.5,21.5
1272.0,0.0,0.1999999999999993,-16.00411560138403,21.0,1,20.8,0.1999999999999993,20.5,21.5
1273.0,0.0,0.1999999999999993,-16.00401081975378,21.0,1,20.8,0.1999999999999993,20.5,21.5
1274.0,0.0,0.1999999999999993,-16.003907386548512,21.0,1,20.8,0.1999999999999993,20.5,21.5
1275.0,0.0,0.1999999999999993,-16.003805301908255,21.0,1,20.8,0.1999999999999993,20.5,21.5
1276.0,0.0,0.1999999999999993,-16.003704565971216,21.0,1,20.8,0.1999999999999993,20.5,21.5
1277.0,0.0,0.1999999999999993,-16.003605178873777,21.0,1,20.8,0.1999999999999993,20.5,21.5
1278.0,0.0,0.1999999999999993,-16.003507140750497,21.0,1,20.8,0.1999999999999993,20.5,21.5
1279.0,0.0,0.1999999999999993,-16.003410451734098,21.0,1,20.8,0.1999999999999993,20.5,21.5
1280.0,0.0,0.1999999999999993,-16.003315111955494,21.0,1,20.8,0.1999999999999993,20.5,21.5
1281.0,0.0,0.1999999999999993,-16.003221121543753,21.0,1,20.8,0.1999999999999993,20.5,21.5
1282.0,0.0,0.1999999999999993,-16.003128480626124,21.0,1,20.8,0.1999999999999993,20.5,21.5
1283.0,0.0,0.1999999999999993,-16.003037189328037,21.0,1,20.8,0.1999999999999993,20.5,21.5
1284.0,0.0,0.1999999999999993,-16.00294724777308,21.0,1,20.8,0.1999999999999993,20.5,21.5
1285.0,0.0,0.1999999999999993,-16.00285865608302,21.0,1,20.8,0.1999999999999993,20.5,21.5
1286.0,0.0,0.1999999999999993,-16.002771414377804,21.0,1,20.8,0.1999999999999993,20.5,21.5
1287.0,0.0,0.1999999999999993,-16.002685522775543,21.0,1,20.8,0.1999999999999993,20.5,21.5
1288.0,0.0,0.1999999999999993,-16.002600981392515,21.0,1,20.8,0.1999999999999993,20.5,21.5
1289.0,0.0,0.1999999999999993,-16.002517790343184,21.0,1,20.8,0.1999999999999993,20.5,21.5
1290.0,0.0,0.1999999999999993,-16.002435949740175,21.0,1,20.8,0.1999999999999993,20.5,21.5
1291.0,0.0,0.1999999999999993,-16.002355459694293,21.0,1,20.8,0.1999999999999993,20.5,21.5
1292.0,0.0,0.1999999999999993,-16.0022763203145,21.0,1,20.8,0.1999999999999993,20.5,21.5
1293.0,0.0,0.1999999999999993,-16.00219853170795,21.0,1,20.8,0.1999999999999993,20.5,21.5
1294.0,0.0,0.1999999999999993,-16.002122093979953,21.0,1,20.8,0.1999999999999993,20.5,21.5
1295.0,0.0,0.1999999999999993,-16.00204700723399,21.0,1,20.8,0.1999999999999993,20.5,21.5
1296.0,0.0,0.1999999999999993,-16.001973271571728,21.0,1,20.8,0.1999999999999993,20.5,21.5
1297.0,0.0,0.1999999999999993,-16.001900887092987,21.0,1,20.8,0.1999999999999993,20.5,21.5
1298.0,0.0,0.1999999999999993,-16.001829853895764,21.0,1,20.8,0.1999999999999993,20.5,21.5
1299.0,0.0,0.1999999999999993,-16.001760172076235,21.0,1,20.8,0.1999999999999993,20.5,21.5
1300.0,0.0,0.1999999999999993,8.998308158271268,21.0,1,20.8,0.1999999999999993,20.5,21.5
1301.0,0.0,0.1999999999999993,8.998375137054234,21.0,1,20.8,0.1999999999999993,20.5,21.5
1302.0,0.0,0.1999999999999993,8.99844076418198,21.0,1,20.8,0.1999999999999993,20.5,21.5
1303.0,0.0,0.1999999999999993,8.99850503956566,21.0,1,20.8,0.1999999999999993,20.5,21.5
1304.0,0.0,0.1999999999999993,8.998567963118255,21.0,1,20.8,0.1999999999999993,20.5,21.5
1305.0,0.0,0.1999999999999993,8.998629534754574,21.0,1,20.8,0.1999999999999993,20.5,21.5
1306.0,0.0,0.1999999999999993,8.998689754391258,21.0,1,20.8,0.1999999999999993,20.5,21.5
1307.0,0.0,0.1999999999999993,8.998748621946776,21.0,1,20.8,0.1999999999999993,20.5,21.5
1308.0,0.0,0.1999999999999993,8.998806137341434,21.0,1,20.8,0.1999999999999993,20.5,21.5
1309.0,0.0,0.1999999999999993,8.998862300497363,21.0,1,20.8,0.1999999999999993,20.5,21.5
1310.0,0.0,0.1999999999999993,8.998917111338525,21.0,1,20.8,0.1999999999999993,20.5,21.5
1311.0,0.0,0.1999999999999993,8.998970569790714,21.0,1,20.8,0.1999999999999993,20.5,21.5
1312.0,0.0,0.1999999999999993,8.999022675781557,21.0,1,20.8,0.1999999999999993,20.5,21.5
1313.0,0.0,0.1999999999999993,8.99907342924051,21.0,1,20.8,0.1999999999999993,20.5,21.5
1314.0,0.0,0.1999999999999993,8.999122830098859,21.0,1,20.8,0.1999999999999993,20.5,21.5
1315.0,0.0,0.1999999999999993,8.999170878289721,21.0,1,20.8,0.1999999999999993,20.5,21.5
1316.0,0.0,0.1999999999999993,8.999217573748048,21.0,1,20.8,0.1999999999999993,20.5,21.5
1317.0,0.0,0.1999999999999993,8.999262916410622,21.0,1,20.8,0.1999999999999993,20.5,21.5
1318.0,0.0,0.1999999999999993,8.999306906216052,21.0,1,20.8,0.1999999999999993,20.5,21.5
1319.0,0.0,0.1999999999999993,8.999349543104785,21.0,1,20.8,0.1999999999999993,20.5,21.5
1320.0,0.0,0.1999999999999993,8.999390827019095,21.0,1,20.8,0.1999999999999993,20.5,21.5
1321.0,0.0,0.1999999999999993,8.999430757903092,21.0,1,20.8,0.1999999999999993,20.5,21.5
1322.0,0.0,0.1999999999999993,8.999469335702713,21.0,1,20.8,0.1999999999999993,20.5,21.5
1323.0,0.0,0.1999999999999993,8.999506560365731,21.0,1,20.8,0.1999999999999993,20.5,21.5
1324.0,0.0,0.1999999999999993,8.999542431841748,21.0,1,20.8,0.1999999999999993,20.5,21.5
1325.0,0.0,0.1999999999999993,8.9995769500822,21.0,1,20.8,0.1999999999999993,20.5,21.5
1326.0,0.0,0.1999999999999993,8.999610115040355,21.0,1,20.8,0.1999999999999993,20.5,21.5
1327.0,0.0,0.1999999999999993,8.999641926671309,21.0,1,20.8,0.1999999999999993,20.5,21.5
1328.0,0.0,0.1999999999999993,8.999672384931998,21.0,1,20.8,0.1999999999999993,20.5,21.5
1329.0,0.0,0.1999999999999993,8.999701489781183,21.0,1,20.8,0.1999999999999993,20.5,21.5
1330.0,0.0,0.1999999999999993,8.999729241179462,21.0,1,20.8,0.1999999999999993,20.5,21.5
1331.0,0.0,0.1999999999999993,8.999755639089262,21.0,1,20.8,0.1999999999999993,20.5,21.5
1332.0,0.0,0.1999999999999993,8.999780683474846,21.0,1,20.8,0.1999999999999993,20.5,21.5
1333.0,0.0,0.1999999999999993,8.999804374302306,21.0,1,20.8,0.1999999999999993,20.5,21.5
1334.0,0.0,0.1999999999999993,8.999826711539567,21.0,1,20.8,0.1999999999999993,20.5,21.5
1335.0,0.0,0.1999999999999993,8.999847695156392,21.0,1,20.8,0.1999999999999993,20.5,21.5
1336.0,0.0,0.1999999999999993,8.999867325124367,21.0,1,20.8,0.1999999999999993,20.5,21.5
1337.0,0.0,0.1999999999999993,8.999885601416919,21.0,1,20.8,0.1999999999999993,20.5,21.5
1338.0,0.0,0.1999999999999993,8.999902524009304,21.0,1,20.8,0.1999999999999993,20.5,21.5
1339.0,0.0,0.1999999999999993,8.99991809287861,21.0,1,20.8,0.1999999999999993,20.5,21.5
1340.0,0.0,0.1999999999999993,8.999932308003762,21.0,1,20.8,0.1999999999999993,20.5,21.5
1341.0,0.0,0.1999999999999993,8.999945169365512,21.0,1,20.8,0.1999999999999993,20.5,21.5
1342.0,0.0,0.1999999999999993,8.999956676946448,21.0,1,20.8,0.1999999999999993,20.5,21.5
1343.0,0.0,0.1999999999999993,8.999966830730992,21.0,1,20.8,0.1999999999999993,20.5,21.5
1344.0,0.0,0.1999999999999993,8.999975630705395,21.0,1,20.8,0.1999999999999993,20.5,21.5
1345.0,0.0,0.1999999999999993,8.999983076857744,21.0,1,20.8,0.1999999999999993,20.5,21.5
1346.0,0.0,0.1999999999999993,8.999989169177958,21.0,1,20.8,0.1999999999999993,20.5,21.5
1347.0,0.0,0.1999999999999993,8.99999390765779,21.0,1,20.8,0.1999999999999993,20.5,21.5
1348.0,0.0,0.1999999999999993,8.999997292290823,21.0,1,20.8,0.1999999999999993,20.5,21.5
1349.0,0.0,0.1999999999999993,8.999999323072476,21.0,1,20.8,0.1999999999999993,20.5,21.5
1350.0,0.0,0.1999999999999993,9.0,21.0,1,20.8,0.1999999999999993,20.5,21.5
1351.0,0.0,0.1999999999999993,8.999999323072476,21.0,1,20.8,0.1999999999999993,20.5,21.5
1352.0,0.0,0.1999999999999993,8.999997292290823,21.0,1,20.8,0.1999999999999993,20.5,21.5
1353.0,0.0,0.1999999999999993,8.99999390765779,21.0,1,20.8,0.1999999999999993,20.5,21.5
1354.0,0.0,0.1999999999999993,8.999989169177958,21.0,1,20.8,0.1999999999999993,20.5,21.5
1355.0,0.0,0.1999999999999993,8.999983076857744,21.0,1,20.8,0.1999999999999993,20.5,21.5
1356.0,0.0,0.1999999999999993,8.999975630705395,21.0,1,20.8,0.1999999999999993,20.5,21.5
1357.0,0.0,0.1999999999999993,8.999966830730992,21.0,1,20.8,0.1999999999999993,20.5,21.5
1358.0,0.0,0.1999999999999993,8.999956676946448,21.0,1,20.8,0.1999999999999993,20.5,21.5
1359.0,0.0,0.1999999999999993,8.999945169365512,21.0,1,20.8,0.1999999999999993,20.5,21.5
1360.0,0.0,0.1999999999999993,8.999932308003762,21.0,1,20.8,0.1999999999999993,20.5,21.5
1361.0,0.0,0.1999999999999993,8.99991809287861,21.0,1,20.8,0.1999999999999993,20.5,21.5
1362.0,0.0,0.1999999999999993,8.999902524009304,21.0,1,20.8,0.1999999999999993,20.5,21.5
1363.0,0.0,0.1999999999999993,8.999885601416919,21.0,1,20.8,0.1999999999999993,20.5,21.5
1364.0,0.0,0.1999999999999993,8.999867325124367,21.0,1,20.8,0.1999999999999993,20.5,21.5
1365.0,0.0,0.1999999999999993,8.999847695156392,21.0,1,20.8,0.1999999999999993,20.5,21.5
1366.0,0.0,0.1999999999999993,8.999826711539567,21.0,1,20.8,0.1999999999999993,20.5,21.5
1367.0,0.0,0.1999999999999993,8.999804374302306,21.0,1,20.8,0.1999999999999993,20.5,21.5
1368.0,0.0,0.1999999999999993,8.999780683474846,21.0,1,20.8,0.1999999999999993,20.5,21.5
1369.0,0.0,0.1999999999999993,8.999755639089262,21.0,1,20.8,0.1999999999999993,20.5,21.5
1370.0,0.0,0.1999999999999993,8.999729241179462,21.0,1,20.8,0.1999999999999993,20.5,21.5
1371.0,0.0,0.1999999999999993,8.999701489781183,21.0,1,20.8,0.1999999999999993,20.5,21.5
1372.0,0.0,0.1999999999999993,8.999672384931998,21.0,1,20.8,0.1999999999999993,20.5,21.5
1373.0,0.0,0.1999999999999993,8.999641926671309,21.0,1,20.8,0.1999999999999993,20.5,21.5
1374.0,0.0,0.1999999999999993,8.999610115040355,21.0,1,20.8,0.1999999999999993,20.5,21.5
1375.0,0.0,0.1999999999999993,8.9995769500822,21.0,1,20.8,0.1999999999999993,20.5,21.5
1376.0,0.0,0.1999999999999993,8.999542431841748,21.0,1,20.8,0.1999999999999993,20.5,21.5
1377.0,0.0,0.1999999999999993,8.999506560365731,21.0,1,20.8,0.1999999999999993,20.5,21.5
1378.0,0.0,0.1999999999999993,8.999469335702713,21.0,1,20.8,0.1999999999999993,20.5,21.5
1379.0,0.0,0.1999999999999993,8.999430757903092,21.0,1,20.8,0.1999999999999993,20.5,21.5
1380.0,0.0,0.1999999999999993,8.999390827019095,21.0,1,20.8,0.1999999999999993,20.5,21.5
1381.0,0.0,0.1999999999999993,8.999349543104785,21.0,1,20.8,0.1999999999999993,20.5,21.5
1382.0,0.0,0.1999999999999993,8.999306906216052,21.0,1,20.8,0.1999999999999993,20.5,21.5
1383.0,0.0,0.1999999999999993,8.999262916410622,21.0,1,20.8,0.1999999999999993,20.5,21.5
1384.0,0.0,0.1999999999999993,8.999217573748048,21.0,1,20.8,0.1999999999999993,20.5,21.5
1385.0,0.0,0.1999999999999993,8.999170878289721,21.0,1,20.8,0.1999999999999993,20.5,21.5
1386.0,0.0,0.1999999999999993,8.999122830098859,21.0,1,20.8,0.1999999999999993,20.5,21.5
1387.0,0.0,0.1999999999999993,8.99907342924051,21.0,1,20.8,0.1999999999999993,20.5,21.5
1388.0,0.0,0.1999999999999993,8.999022675781557,21.0,1,20.8,0.1999999999999993,20.5,21.5
1389.0,0.0,0.1999999999999993,8.998970569790714,21.0,1,20.8,0.1999999999999993,20.5,21.5
1390.0,0.0,0.1999999999999993,8.998917111338525,21.0,1,20.8,0.1999999999999993,20.5,21.5
1391.0,0.0,0.1999999999999993,8.998862300497363,21.0,1,20.8,0.1999999999999993,20.5,21.5
1392.0,0.0,0.1999999999999993,8.998806137341434,21.0,1,20.8,0.1999999999999993,20.5,21.5
1393.0,0.0,0.1999999999999993,8.998748621946776,21.0,1,20.8,0.1999999999999993,20.5,21.5
1394.0,0.0,0.1999999999999993,8.998689754391258,21.0,1,20.8,0.1999999999999993,20.5,21.5
1395.0,0.0,0.1999999999999993,8.998629534754574,21.0,1,20.8,0.1999999999999993,20.5,21.5
1396.0,0.0,0.1999999999999993,8.998567963118255,21.0,1,20.8,0.1999999999999993,20.5,21.5
1397.0,0.0,0.1999999999999993,8.998505039565662,21.0,1,20.8,0.1999999999999993,20.5,21.5
1398.0,0.0,0.1999999999999993,8.99844076418198,21.0,1,20.8,0.1999999999999993,20.5,21.5
1399.0,0.0,0.1999999999999993,8.998375137054234,21.0,1,20.8,0.1999999999999993,20.5,21.5
1400.0,0.0,0.1999999999999993,8.998308158271268,21.0,1,20.8,0.1999999999999993,20.5,21.5
1401.0,0.0,0.1999999999999993,8.998239827923765,21.0,1,20.8,0.1999999999999993,20.5,21.5
1402.0,0.0,0.1999999999999993,8.998170146104234,21.0,1,20.8,0.1999999999999993,20.5,21.5
1403.0,0.0,0.1999999999999993,8.998099112907013,21.0,1,20.8,0.1999999999999993,20.5,21.5
1404.0,0.0,0.1999999999999993,8.998026728428272,21.0,1,20.8,0.1999999999999993,20.5,21.5
1405.0,0.0,0.1999999999999993,8.997952992766008,21.0,1,20.8,0.1999999999999993,20.5,21.5
1406.0,0.0,0.1999999999999993,8.997877906020047,21.0,1,20.8,0.1999999999999993,20.5,21.5
1407.0,0.0,0.1999999999999993,8.99780146829205,21.0,1,20.8,0.1999999999999993,20.5,21.5
1408.0,0.0,0.1999999999999993,8.9977236796855,21.0,1,20.8,0.1999999999999993,20.5,21.5
1409.0,0.0,0.1999999999999993,8.997644540305709,21.0,1,20.8,0.1999999999999993,20.5,21.5
1410.0,0.0,0.1999999999999993,8.997564050259824,21.0,1,20.8,0.1999999999999993,20.5,21.5
1411.0,0.0,0.1999999999999993,8.997482209656816,21.0,1,20.8,0.1999999999999993,20.5,21.5
1412.0,0.0,0.1999999999999993,8.997399018607485,21.0,1,20.8,0.1999999999999993,20.5,21.5
1413.0,0.0,0.1999999999999993,8.997314477224458,21.0,1,20.8,0.1999999999999993,20.5,21.5
1414.0,0.0,0.1999999999999993,8.997228585622194,21.0,1,20.8,0.1999999999999993,20.5,21.5
1415.0,0.0,0.1999999999999993,8.997141343916978,21.0,1,20.8,0.1999999999999993,20.5,21.5
1416.0,0.0,0.1999999999999993,8.99705275222692,21.0,1,20.8,0.1999999999999993,20.5,21.5
1417.0,0.0,0.1999999999999993,8.996962810671963,21.0,1,20.8,0.1999999999999993,20.5,21.5
1418.0,0.0,0.1999999999999993,8.996871519373874,21.0,1,20.8,0.1999999999999993,20.5,21.5
1419.0,0.0,0.1999999999999993,8.996778878456247,21.0,1,20.8,0.1999999999999993,20.5,21.5
1420.0,0.0,0.1999999999999993,8.996684888044506,21.0,1,20.8,0.1999999999999993,20.5,21.5
1421.0,0.0,0.1999999999999993,8.9965895482659,21.0,1,20.8,0.1999999999999993,20.5,21.5
1422.0,0.0,0.1999999999999993,8.996492859249503,21.0,1,20.8,0.1999999999999993,20.5,21.5
1423.0,0.0,0.1999999999999993,8.996394821126223,21.0,1,20.8,0.1999999999999993,20.5,21.5
1424.0,0.0,0.1999999999999993,8.996295434028784,21.0,1,20.8,0.1999999999999993,20.5,21.5
1425.0,0.0,0.1999999999999993,8.996194698091745,21.0,1,20.8,0.1999999999999993,20.5,21.5
1426.0,0.0,0.1999999999999993,8.996092613451488,21.0,1,20.8,0.1999999999999993,20.5,21.5
1427.0,0.0,0.1999999999999993,8.995989180246218,21.0,1,20.8,0.1999999999999993,20.5,21.5
1428.0,0.0,0.1999999999999993,8.99588439861597,21.0,1,20.8,0.1999999999999993,20.5,21.5
1429.0,0.0,0.1999999999999993,8.995778268702605,21.0,1,20.8,0.1999999999999993,20.5,21.5
1430.0,0.0,0.1999999999999993,8.995670790649804,21.0,1,20.8,0.1999999999999993,20.5,21.5
1431.0,0.0,0.1999999999999993,8.99556196460308,21.0,1,20.8,0.1999999999999993,20.5,21.5
1432.0,0.0,0.1999999999999993,8.995451790709765,21.0,1,20.8,0.1999999999999993,20.5,21.5
1433.0,0.0,0.1999999999999993,8.995340269119021,21.0,1,20.8,0.1999999999999993,20.5,21.5
1434.0,0.0,0.1999999999999993,8.99522739998183,21.0,1,20.8,0.1999999999999993,20.5,21.5
1435.0,0.0,0.1999999999999993,8.995113183451004,21.0,1,20.8,0.1999999999999993,20.5,21.5
1436.0,0.0,0.1999999999999993,8.99499761968117,21.0,1,20.8,0.1999999999999993,20.5,21.5
1437.0,0.0,0.1999999999999993,8.994880708828788,21.0,1,20.8,0.1999999999999993,20.5,21.5
1438.0,0.0,0.1999999999999993,8.994762451052138,21.0,1,20.8,0.1999999999999993,20.5,21.5
1439.0,0.0,0.1999999999999993,8.994642846511324,21.0,1,20.8,0.1999999999999993,20.5,21.5
1440.0,0.0,0.1999999999999993,8.994521895368273,21.0,1,20.8,0.1999999999999993,20.5,21.5
1441.0,0.0,0.1999999999999993,8.994399597786735,21.0,1,20.8,0.1999999999999993,20.5,21.5
1442.0,0.0,0.1999999999999993,8.994275953932284,21.0,1,20.8,0.1999999999999993,20.5,21.5
1443.0,0.0,0.1999999999999993,8.994150963972315,21.0,1,20.8,0.1999999999999993,20.5,21.5
1444.0,0.0,0.1999999999999993,8.994024628076048,21.0,1,20.8,0.1999999999999993,20.5,21.5
1445.0,0.0,0.1999999999999993,8.99389694641452,21.0,1,20.8,0.1999999999999993,20.5,21.5
1446.0,0.0,0.1999999999999993,8.993767919160597,21.0,1,20.8,0.1999999999999993,20.5,21.5
1447.0,0.0,0.1999999999999993,8.99363754648896,21.0,1,20.8,0.1999999999999993,20.5,21.5
1448.0,0.0,0.1999999999999993,8.993505828576119,21.0,1,20.8,0.1999999999999993,20.5,21.5
1449.0,0.0,0.1999999999999993,8.993372765600396,21.0,1,20.8,0.1999999999999993,20.5,21.5
1450.0,0.0,0.1999999999999993,8.993238357741943,21.0,1,20.8,0.1999999999999993,20.5,21.5
1451.0,0.0,0.1999999999999993,8.993102605182727,21.0,1,20.8,0.1999999999999993,20.5,21.5
1452.0,0.0,0.1999999999999993,8.992965508106536,21.0,1,20.8,0.1999999999999993,20.5,21.5
1453.0,0.0,0.1999999999999993,8.992827066698982,21.0,1,20.8,0.1999999999999993,20.5,21.5
1454.0,0.0,0.1999999999999993,8.992687281147495,21.0,1,20.8,0.1999999999999993,20.5,21.5
1455.0,0.0,0.1999999999999993,8.992546151641323,21.0,1,20.8,0.1999999999999993,20.5,21.5
1456.0,0.0,0.1999999999999993,8.992403678371533,21.0,1,20.8,0.1999999999999993,20.5,21.5
1457.0,0.0,0.1999999999999993,8.992259861531016,21.0,1,20.8,0.1999999999999993,20.5,21.5
1458.0,0.0,0.1999999999999993,8.992114701314478,21.0,1,20.8,0.1999999999999993,20.5,21.5
1459.0,0.0,0.1999999999999993,8.991968197918444,21.0,1,20.8,0.1999999999999993,20.5,21.5
1460.0,0.0,0.1999999999999993,8.991820351541262,21.0,1,20.8,0.1999999999999993,20.5,21.5
1461.0,0.0,0.1999999999999993,8.99167116238309,21.0,1,20.8,0.1999999999999993,20.5,21.5
1462.0,0.0,0.1999999999999993,8.991520630645912,21.0,1,20.8,0.1999999999999993,20.5,21.5
1463.0,0.0,0.1999999999999993,8.991368756533523,21.0,1,20.8,0.1999999999999993,20.5,21.5
1464.0,0.0,0.1999999999999993,8.991215540251542,21.0,1,20.8,0.1999999999999993,20.5,21.5
1465.0,0.0,0.1999999999999993,8.991060982007399,21.0,1,20.8,0.1999999999999993,20.5,21.5
1466.0,0.0,0.1999999999999993,8.990905082010343,21.0,1,20.8,0.1999999999999993,20.5,21.5
1467.0,0.0,0.1999999999999993,8.990747840471444,21.0,1,20.8,0.1999999999999993,20.5,21.5
1468.0,0.0,0.1999999999999993,8.99058925760358,21.0,1,20.8,0.1999999999999993,20.5,21.5
1469.0,0.0,0.1999999999999993,8.990429333621451,21.0,1,20.8,0.1999999999999993,20.5,21.5
1470.0,0.0,0.1999999999999993,8.990268068741571,21.0,1,20.8,0.1999999999999993,20.5,21.5
1471.0,0.0,0.1999999999999993,8.990105463182267,21.0,1,20.8,0.1999999999999993,20.5,21.5
1472.0,0.0,0.1999999999999993,8.989941517163688,21.0,1,20.8,0.1999999999999993,20.5,21.5
1473.0,0.0,0.1999999999999993,8.98977623090779,21.0,1,20.8,0.1999999999999993,20.5,21.5
1474.0,0.0,0.1999999999999993,8.989609604638344,21.0,1,20.8,0.1999999999999993,20.5,21.5
1475.0,0.0,0.1999999999999993,8.989441638580944,21.0,1,20.8,0.1999999999999993,20.5,21.5
1476.0,0.0,0.1999999999999993,8.989272332962988,21.0,1,20.8,0.1999999999999993,20.5,21.5
1477.0,0.0,0.1999999999999993,8.989101688013692,21.0,1,20.8,0.1999999999999993,20.5,21.5
1478.0,0.0,0.1999999999999993,8.988929703964084,21.0,1,20.8,0.1999999999999993,20.5,21.5
1479.0,0.0,0.1999999999999993,8.988756381047006,21.0,1,20.8,0.1999999999999993,20.5,21.5
1480.0,0.0,0.1999999999999993,8.988581719497112,21.0,1,20.8,0.1999999999999993,20.5,21.5
1481.0,0.0,0.1999999999999993,8.988405719550867,21.0,1,20.8,0.1999999999999993,20.5,21.5
1482.0,0.0,0.1999999999999993,8.988228381446552,21.0,1,20.8,0.1999999999999993,20.5,21.5
1483.0,0.0,0.1999999999999993,8.988049705424256,21.0,1,20.8,0.1999999999999993,20.5,21.5
1484.0,0.0,0.1999999999999993,8.98786969172588,21.0,1,20.8,0.1999999999999993,20.5,21.5
1485.0,0.0,0.1999999999999993,8.987688340595138,21.0,1,20.8,0.1999999999999993,20.5,21.5
1486.0,0.0,0.1999999999999993,8.98750565227755,21.0,1,20.8,0.1999999999999993,20.5,21.5
1487.0,0.0,0.1999999999999993,8.987321627020453,21.0,1,20.8,0.1999999999999993,20.5,21.5
1488.0,0.0,0.1999999999999993,8.987136265072987,21.0,1,20.8,0.1999999999999993,20.5,21.5
1489.0,0.0,0.1999999999999993,8.986949566686109,21.0,1,20.8,0.1999999999999993,20.5,21.5
1490.0,0.0,0.1999999999999993,8.98676153211258,21.0,1,20.8,0.1999999999999993,20.5,21.5
1491.0,0.0,0.1999999999999993,8.98657216160697,21.0,1,20.8,0.1999999999999993,20.5,21.5
1492.0,0.0,0.1999999999999993,8.98638145542566,21.0,1,20.8,0.1999999999999993,20.5,21.5
1493.0,0.0,0.1999999999999993,8.986189413826839,21.0,1,20.8,0.1999999999999993,20.5,21.5
1494.0,0.0,0.1999999999999993,8.985996037070505,21.0,1,20.8,0.1999999999999993,20.5,21.5
1495.0,0.0,0.1999999999999993,8.98580132541846,21.0,1,20.8,0.1999999999999993,20.5,21.5
1496.0,0.0,0.1999999999999993,8.985605279134315,21.0,1,20.8,0.1999999999999993,20.5,21.5
1497.0,0.0,0.1999999999999993,8.98540789848349,21.0,1,20.8,0.1999999999999993,20.5,21.5
1498.0,0.0,0.1999999999999993,8.98520918373321,21.0,1,20.8,0.1999999999999993,20.5,21.5
1499.0,0.0,0.1999999999999993,8.985009135152502,21.0,1,20.8,0.1999999999999993,20.5,21.5
1500.0,0.0,0.1999999999999993,8.984807753012207,21.0,1,20.8,0.1999999999999993,20.5,21.5
1501.0,0.0,0.1999999999999993,8.984605037584968,21.0,1,20.8,0.1999999999999993,20.5,21.5
1502.0,0.0,0.1999999999999993,8.984400989145229,21.0,1,20.8,0.1999999999999993,20.5,21.5
1503.0,0.0,0.1999999999999993,8.984195607969243,21.0,1,20.8,0.1999999999999993,20.5,21.5
1504.0,0.0,0.1999999999999993,8.983988894335065,21.0,1,20.8,0.1999999999999993,20.5,21.5
1505.0,0.0,0.1999999999999993,8.983780848522558,21.0,1,20.8,0.1999999999999993,20.5,21.5
1506.0,0.0,0.1999999999999993,8.983571470813386,21.0,1,20.8,0.1999999999999993,20.5,21.5
1507.0,0.0,0.1999999999999993,8.983360761491014,21.0,1,20.8,0.1999999999999993,20.5,21.5
1508.0,0.0,0.1999999999999993,8.983148720840713,21.0,1,20.8,0.1999999999999993,20.5,21.5
1509.0,0.0,0.1999999999999993,8.982935349149555,21.0,1,20.8,0.1999999999999993,20.5,21.5
1510.0,0.0,0.1999999999999993,8.982720646706413,21.0,1,20.8,0.1999999999999993,20.5,21.5
1511.0,0.0,0.1999999999999993,8.982504613801966,21.0,1,20.8,0.1999999999999993,20.5,21.5
1512.0,0.0,0.1999999999999993,8.982287250728689,21.0,1,20.8,0.1999999999999993,20.5,21.5
1513.0,0.0,0.1999999999999993,8.98206855778086,21.0,1,20.8,0.1999999999999993,20.5,21.5
1514.0,0.0,0.1999999999999993,8.98184853525456,21.0,1,20.8,0.1999999999999993,20.5,21.5
1515.0,0.0,0.1999999999999993,8.981627183447664,21.0,1,20.8,0.1999999999999993,20.5,21.5
1516.0,0.0,0.1999999999999993,8.981404502659853,21.0,1,20.8,0.1999999999999993,20.5,21.5
1517.0,0.0,0.1999999999999993,8.981180493192603,21.0,1,20.8,0.1999999999999993,20.5,21.5
1518.0,0.0,0.1999999999999993,8.980955155349191,21.0,1,20.8,0.1999999999999993,20.5,21.5
1519.0,0.0,0.1999999999999993,8.980728489434693,21.0,1,20.8,0.1999999999999993,20.5,21.5
1520.0,0.0,0.1999999999999993,8.98050049575598,21.0,1,20.8,0.1999999999999993,20.5,21.5
1521.0,0.0,0.1999999999999993,8.980271174621722,21.0,1,20.8,0.1999999999999993,20.5,21.5
1522.0,0.0,0.1999999999999993,8.980040526342387,21.0,1,20.8,0.1999999999999993,20.5,21.5
1523.0,0.0,0.1999999999999993,8.979808551230242,21.0,1,20.8,0.1999999999999993,20.5,21.5
1524.0,0.0,0.1999999999999993,8.979575249599344,21.0,1,20.8,0.1999999999999993,20.5,21.5
1525.0,0.0,0.1999999999999993,8.979340621765552,21.0,1,20.8,0.1999999999999993,20.5,21.5
1526.0,0.0,0.1999999999999993,8.979104668046515,21.0,1,20.8,0.1999999999999993,20.5,21.5
1527.0,0.0,0.1999999999999993,8.978867388761685,21.0,1,20.8,0.1999999999999993,20.5,21.5
1528.0,0.0,0.1999999999999993,8.9786287842323,21.0,1,20.8,0.1999999999999993,20.5,21.5
1529.0,0.0,0.1999999999999993,8.978388854781397,21.0,1,20.8,0.1999999999999993,20.5,21.5
1530.0,0.0,0.1999999999999993,8.978147600733806,21.0,1,20.8,0.1999999999999993,20.5,21.5
1531.0,0.0,0.1999999999999993,8.977905022416149,21.0,1,20.8,0.1999999999999993,20.5,21.5
1532.0,0.0,0.1999999999999993,8.977661120156842,21.0,1,20.8,0.1999999999999993,20.5,21.5
1533.0,0.0,0.1999999999999993,8.977415894286096,21.0,1,20.8,0.1999999999999993,20.5,21.5
1534.0,0.0,0.1999999999999993,8.977169345135907,21.0,1,20.8,0.1999999999999993,20.5,21.5
1535.0,0.0,0.1999999999999993,8.976921473040072,21.0,1,20.8,0.1999999999999993,20.5,21.5
1536.0,0.0,0.1999999999999993,8.976672278334167,21.0,1,20.8,0.1999999999999993,20.5,21.5
1537.0,0.0,0.1999999999999993,8.976421761355573,21.0,1,20.8,0.1999999999999993,20.5,21.5
1538.0,0.0,0.1999999999999993,8.976169922443448,21.0,1,20.8,0.1999999999999993,20.5,21.5
1539.0,0.0,0.1999999999999993,8.975916761938748,21.0,1,20.8,0.1999999999999993,20.5,21.5
1540.0,0.0,0.1999999999999993,8.975662280184213,21.0,1,20.8,0.1999999999999993,20.5,21.5
1541.0,0.0,0.1999999999999993,8.97540647752438,21.0,1,20.8,0.1999999999999993,20.5,21.5
1542.0,0.0,0.1999999999999993,8.975149354305563,21.0,1,20.8,0.1999999999999993,20.5,21.5
1543.0,0.0,0.1999999999999993,8.974890910875873,21.0,1,20.8,0.1999999999999993,20.5,21.5
1544.0,0.0,0.1999999999999993,8.974631147585203,21.0,1,20.8,0.1999999999999993,20.5,21.5
1545.0,0.0,0.1999999999999993,8.974370064785235,21.0,1,20.8,0.1999999999999993,20.5,21.5
1546.0,0.0,0.1999999999999993,8.97410766282944,21.0,1,20.8,0.1999999999999993,20.5,21.5
1547.0,0.0,0.1999999999999993,8.973843942073067,21.0,1,20.8,0.1999999999999993,20.5,21.5
1548.0,0.0,0.1999999999999993,8.973578902873161,21.0,1,20.8,0.1999999999999993,20.5,21.5
1549.0,0.0,0.1999999999999993,8.973312545588543,21.0,1,20.8,0.1999999999999993,20.5,21.5
1550.0,0.0,0.1999999999999993,8.973044870579823,21.0,1,20.8,0.1999999999999993,20.5,21.5
1551.0,0.0,0.1999999999999993,8.972775878209397,21.0,1,20.8,0.1999999999999993,20.5,21.5
1552.0,0.0,0.1999999999999993,8.972505568841438,21.0,1,20.8,0.1999999999999993,20.5,21.5
1553.0,0.0,0.1999999999999993,8.972233942841907,21.0,1,20.8,0.1999999999999993,20.5,21.5
1554.0,0.0,0.1999999999999993,8.971961000578546,21.0,1,20.8,0.1999999999999993,20.5,21.5
1555.0,0.0,0.1999999999999993,8.97168674242088,21.0,1,20.8,0.1999999999999993,20.5,21.5
1556.0,0.0,0.1999999999999993,8.971411168740214,21.0,1,20.8,0.1999999999999993,20.5,21.5
1557.0,0.0,0.1999999999999993,8.971134279909636,21.0,1,20.8,0.1999999999999993,20.5,21.5
1558.0,0.0,0.1999999999999993,8.970856076304011,21.0,1,20.8,0.1999999999999993,20.5,21.5
1559.0,0.0,0.1999999999999993,8.97057655829999,21.0,1,20.8,0.1999999999999993,20.5,21.5
1560.0,0.0,0.1999999999999993,8.970295726275996,21.0,1,20.8,0.1999999999999993,20.5,21.5
1561.0,0.0,0.1999999999999993,8.970013580612237,21.0,1,20.8,0.1999999999999993,20.5,21.5
1562.0,0.0,0.1999999999999993,8.969730121690697,21.0,1,20.8,0.1999999999999993,20.5,21.5
1563.0,0.0,0.1999999999999993,8.969445349895139,21.0,1,20.8,0.1999999999999993,20.5,21.5
1564.0,0.0,0.1999999999999993,8.9691592656111,21.0,1,20.8,0.1999999999999993,20.5,21.5
1565.0,0.0,0.1999999999999993,8.9688718692259,21.0,1,20.8,0.1999999999999993,20.5,21.5
1566.0,0.0,0.1999999999999993,8.968583161128631,21.0,1,20.8,0.1999999999999993,20.5,21.5
1567.0,0.0,0.1999999999999993,8.968293141710161,21.0,1,20.8,0.1999999999999993,20.5,21.5
1568.0,0.0,0.1999999999999993,8.968001811363134,21.0,1,20.8,0.1999999999999993,20.5,21.5
1569.0,0.0,0.1999999999999993,8.967709170481971,21.0,1,20.8,0.1999999999999993,20.5,21.5
1570.0,0.0,0.1999999999999993,8.967415219462865,21.0,1,20.8,0.1999999999999993,20.5,21.5
1571.0,0.0,0.1999999999999993,8.96711995870378,21.0,1,20.8,0.1999999999999993,20.5,21.5
1572.0,0.0,0.1999999999999993,8.96682338860446,21.0,1,20.8,0.1999999999999993,20.5,21.5
1573.0,0.0,0.1999999999999993,8.966525509566415,21.0,1,20.8,0.1999999999999993,20.5,21.5
1574.0,0.0,0.1999999999999993,8.966226321992933,21.0,1,20.8,0.1999999999999993,20.5,21.5
1575.0,0.0,0.1999999999999993,8.965925826289068,21.0,1,20.8,0.1999999999999993,20.5,21.5
1576.0,0.0,0.1999999999999993,8.96562402286165,21.0,1,20.8,0.1999999999999993,20.5,21.5
1577.0,0.0,0.1999999999999993,8.965320912119275,21.0,1,20.8,0.1999999999999993,20.5,21.5
1578.0,0.0,0.1999999999999993,8.965016494472312,21.0,1,20.8,0.1999999999999993,20.5,21.5
1579.0,0.0,0.1999999999999993,8.964710770332898,21.0,1,20.8,0.1999999999999993,20.5,21.5
1580.0,0.0,0.1999999999999993,8.964403740114939,21.0,1,20.8,0.1999999999999993,20.5,21.5
1581.0,0.0,0.1999999999999993,8.96409540423411,21.0,1,20.8,0.1999999999999993,20.5,21.5
1582.0,0.0,0.1999999999999993,8.963785763107854,21.0,1,20.8,0.1999999999999993,20.5,21.5
1583.0,0.0,0.1999999999999993,8.963474817155378,21.0,1,20.8,0.1999999999999993,20.5,21.5
1584.0,0.0,0.1999999999999993,8.963162566797658,21.0,1,20.8,0.1999999999999993,20.5,21.5
1585.0,0.0,0.1999999999999993,8.962849012457438,21.0,1,20.8,0.1999999999999993,20.5,21.5
1586.0,0.0,0.1999999999999993,8.962534154559222,21.0,1,20.8,0.1999999999999993,20.5,21.5
1587.0,0.0,0.1999999999999993,8.962217993529286,21.0,1,20.8,0.1999999999999993,20.5,21.5
1588.0,0.0,0.1999999999999993,8.961900529795662,21.0,1,20.8,0.1999999999999993,20.5,21.5
1589.0,0.0,0.1999999999999993,8.961581763788152,21.0,1,20.8,0.1999999999999993,20.5,21.5
1590.0,0.0,0.1999999999999993,8.961261695938319,21.0,1,20.8,0.1999999999999993,20.5,21.5
1591.0,0.0,0.1999999999999993,8.960940326679488,21.0,1,20.8,0.1999999999999993,20.5,21.5
1592.0,0.0,0.1999999999999993,8.960617656446747,21.0,1,20.8,0.1999999999999993,20.5,21.5
1593.0,0.0,0.1999999999999993,8.960293685676943,21.0,1,20.8,0.1999999999999993,20.5,21.5
1594.0,0.0,0.1999999999999993,8.959968414808687,21.0,1,20.8,0.1999999999999993,20.5,21.5
1595.0,0.0,0.1999999999999993,8.959641844282348,21.0,1,20.8,0.1999999999999993,20.5,21.5
1596.0,0.0,0.1999999999999993,8.959313974540057,21.0,1,20.8,0.1999999999999993,20.5,21.5
1597.0,0.0,0.1999999999999993,8.9589848060257,21.0,1,20.8,0.1999999999999993,20.5,21.5
1598.0,0.0,0.1999999999999993,8.958654339184925,21.0,1,20.8,0.1999999999999993,20.5,21.5
1599.0,0.0,0.1999999999999993,8.958322574465134,21.0,1,20.8,0.1999999999999993,20.5,21.5
1600.0,0.0,0.1999999999999993,8.95798951231549,21.0,1,20.8,0.1999999999999993,20.5,21.5
1601.0,0.0,0.1999999999999993,8.95765515318691,21.0,1,20.8,0.1999999999999993,20.5,21.5
1602.0,0.0,0.1999999999999993,8.957319497532067,21.0,1,20.8,0.1999999999999993,20.5,21.5
1603.0,0.0,0.1999999999999993,8.956982545805392,21.0,1,20.8,0.1999999999999993,20.5,21.5
1604.0,0.0,0.1999999999999993,8.95664429846307,21.0,1,20.8,0.1999999999999993,20.5,21.5
1605.0,0.0,0.1999999999999993,8.956304755963036,21.0,1,20.8,0.1999999999999993,20.5,21.5
1606.0,0.0,0.1999999999999993,8.955963918764981,21.0,1,20.8,0.1999999999999993,20.5,21.5
1607.0,0.0,0.1999999999999993,8.955621787330353,21.0,1,20.8,0.1999999999999993,20.5,21.5
1608.0,0.0,0.1999999999999993,8.955278362122344,21.0,1,20.8,0.1999999999999993,20.5,21.5
1609.0,0.0,0.1999999999999993,8.954933643605903,21.0,1,20.8,0.1999999999999993,20.5,21.5
1610.0,0.0,0.1999999999999993,8.954587632247732,21.0,1,20.8,0.1999999999999993,20.5,21.5
1611.0,0.0,0.1999999999999993,8.954240328516278,21.0,1,20.8,0.1999999999999993,20.5,21.5
1612.0,0.0,0.1999999999999993,8.953891732881738,21.0,1,20.8,0.1999999999999993,20.5,21.5
1613.0,0.0,0.1999999999999993,8.953541845816062,21.0,1,20.8,0.1999999999999993,20.5,21.5
1614.0,0.0,0.1999999999999993,8.953190667792947,21.0,1,20.8,0.1999999999999993,20.5,21.5
1615.0,0.0,0.1999999999999993,8.952838199287836,21.0,1,20.8,0.1999999999999993,20.5,21.5
1616.0,0.0,0.1999999999999993,8.952484440777921,21.0,1,20.8,0.1999999999999993,20.5,21.5
1617.0,0.0,0.1999999999999993,8.952129392742139,21.0,1,20.8,0.1999999999999993,20.5,21.5
1618.0,0.0,0.1999999999999993,8.951773055661175,21.0,1,20.8,0.1999999999999993,20.5,21.5
1619.0,0.0,0.1999999999999993,8.951415430017454,21.0,1,20.8,0.1999999999999993,20.5,21.5
1620.0,0.0,0.1999999999999993,8.951056516295154,21.0,1,20.8,0.1999999999999993,20.5,21.5
1621.0,0.0,0.1999999999999993,8.950696314980188,21.0,1,20.8,0.1999999999999993,20.5,21.5
1622.0,0.0,0.1999999999999993,8.950334826560221,21.0,1,20.8,0.1999999999999993,20.5,21.5
1623.0,0.0,0.1999999999999993,8.949972051524652,21.0,1,20.8,0.1999999999999993,20.5,21.5
1624.0,0.0,0.1999999999999993,8.949607990364628,21.0,1,20.8,0.1999999999999993,20.5,21.5
1625.0,0.0,0.1999999999999993,8.949242643573033,21.0,1,20.8,0.1999999999999993,20.5,21.5
1626.0,0.0,0.1999999999999993,8.948876011644497,21.0,1,20.8,0.1999999999999993,20.5,21.5
1627.0,0.0,0.1999999999999993,8.948508095075383,21.0,1,20.8,0.1999999999999993,20.5,21.5
1628.0,0.0,0.1999999999999993,8.948138894363797,21.0,1,20.8,0.1999999999999993,20.5,21.5
1629.0,0.0,0.1999999999999993,8.947768410009585,21.0,1,20.8,0.1999999999999993,20.5,21.5
1630.0,0.0,0.1999999999999993,8.94739664251433,21.0,1,20.8,0.1999999999999993,20.5,21.5
1631.0,0.0,0.1999999999999993,8.947023592381347,21.0,1,20.8,0.1999999999999993,20.5,21.5
1632.0,0.0,0.1999999999999993,8.946649260115697,21.0,1,20.8,0.1999999999999993,20.5,21.5
1633.0,0.0,0.1999999999999993,8.946273646224167,21.0,1,20.8,0.1999999999999993,20.5,21.5
1634.0,0.0,0.1999999999999993,8.945896751215287,21.0,1,20.8,0.1999999999999993,20.5,21.5
1635.0,0.0,0.1999999999999993,8.945518575599317,21.0,1,20.8,0.1999999999999993,20.5,21.5
1636.0,0.0,0.1999999999999993,8.945139119888251,21.0,1,20.8,0.1999999999999993,20.5,21.5
1637.0,0.0,0.1999999999999993,8.94475838459582,21.0,1,20.8,0.1999999999999993,20.5,21.5
1638.0,0.0,0.1999999999999993,8.944376370237482,21.0,1,20.8,0.1999999999999993,20.5,21.5
1639.0,0.0,0.1999999999999993,8.943993077330427,21.0,1,20.8,0.1999999999999993,20.5,21.5
1640.0,0.0,0.1999999999999993,8.943608506393584,21.0,1,20.8,0.1999999999999993,20.5,21.5
1641.0,0.0,0.1999999999999993,8.9432226579476,21.0,1,20.8,0.1999999999999993,20.5,21.5
1642.0,0.0,0.1999999999999993,8.942835532514863,21.0,1,20.8,0.1999999999999993,20.5,21.5
1643.0,0.0,0.1999999999999993,8.942447130619481,21.0,1,20.8,0.1999999999999993,20.5,21.5
1644.0,0.0,0.1999999999999993,8.942057452787296,21.0,1,20.8,0.1999999999999993,20.5,21.5
1645.0,0.0,0.1999999999999993,8.941666499545875,21.0,1,20.8,0.1999999999999993,20.5,21.5
1646.0,0.0,0.1999999999999993,8.941274271424511,21.0,1,20.8,0.1999999999999993,20.5,21.5
1647.0,0.0,0.1999999999999993,8.940880768954225,21.0,1,20.8,0.1999999999999993,20.5,21.5
1648.0,0.0,0.1999999999999993,8.940485992667762,21.0,1,20.8,0.1999999999999993,20.5,21.5
1649.0,0.0,0.1999999999999993,8.940089943099592,21.0,1,20.8,0.1999999999999993,20.5,21.5
1650.0,0.0,0.1999999999999993,8.939692620785909,21.0,1,20.8,0.1999999999999993,20.5,21.5
1651.0,0.0,0.1999999999999993,8.939294026264628,21.0,1,20.8,0.1999999999999993,20.5,21.5
1652.0,0.0,0.1999999999999993,8.93889416007539,21.0,1,20.8,0.1999999999999993,20.5,21.5
1653.0,0.0,0.1999999999999993,8.938493022759555,21.0,1,20.8,0.1999999999999993,20.5,21.5
1654.0,0.0,0.1999999999999993,8.938090614860206,21.0,1,20.8,0.1999999999999993,20.5,21.5
1655.0,0.0,0.1999999999999993,8.937686936922145,21.0,1,20.8,0.1999999999999993,20.5,21.5
1656.0,0.0,0.1999999999999993,8.937281989491892,21.0,1,20.8,0.1999999999999993,20.5,21.5
1657.0,0.0,0.1999999999999993,8.936875773117688,21.0,1,20.8,0.1999999999999993,20.5,21.5
1658.0,0.0,0.1999999999999993,8.93646828834949,21.0,1,20.8,0.1999999999999993,20.5,21.5
1659.0,0.0,0.1999999999999993,8.936059535738973,21.0,1,20.8,0.1999999999999993,20.5,21.5
1660.0,0.0,0.1999999999999993,8.93564951583953,21.0,1,20.8,0.1999999999999993,20.5,21.5
1661.0,0.0,0.1999999999999993,8.935238229206272,21.0,1,20.8,0.1999999999999993,20.5,21.5
1662.0,0.0,0.1999999999999993,8.934825676396015,21.0,1,20.8,0.1999999999999993,20.5,21.5
1663.0,0.0,0.1999999999999993,8.934411857967298,21.0,1,20.8,0.1999999999999993,20.5,21.5
1664.0,0.0,0.1999999999999993,8.933996774480374,21.0,1,20.8,0.1999999999999993,20.5,21.5
1665.0,0.0,0.1999999999999993,8.933580426497201,21.0,1,20.8,0.1999999999999993,20.5,21.5
1666.0,0.0,0.1999999999999993,8.933162814581458,21.0,1,20.8,0.1999999999999993,20.5,21.5
1667.0,0.0,0.1999999999999993,8.93274393929853,21.0,1,20.8,0.1999999999999993,20.5,21.5
1668.0,0.0,0.1999999999999993,8.932323801215512,21.0,1,20.8,0.1999999999999993,20.5,21.5
1669.0,0.0,0.1999999999999993,8.931902400901212,21.0,1,20.8,0.1999999999999993,20.5,21.5
1670.0,0.0,0.1999999999999993,8.931479738926143,21.0,1,20.8,0.1999999999999993,20.5,21.5
1671.0,0.0,0.1999999999999993,8.931055815862528,21.0,1,20.8,0.1999999999999993,20.5,21.5
1672.0,0.0,0.1999999999999993,8.9306306322843,21.0,1,20.8,0.1999999999999993,20.5,21.5
1673.0,0.0,0.1999999999999993,8.930204188767092,21.0,1,20.8,0.1999999999999993,20.5,21.5
1674.0,0.0,0.1999999999999993,8.929776485888251,21.0,1,20.8,0.1999999999999993,20.5,21.5
1675.0,0.0,0.1999999999999993,8.929347524226822,21.0,1,20.8,0.1999999999999993,20.5,21.5
1676.0,0.0,0.1999999999999993,8.928917304363559,21.0,1,20.8,0.1999999999999993,20.5,21.5
1677.0,0.0,0.1999999999999993,8.928485826880914,21.0,1,20.8,0.1999999999999993,20.5,21.5
1678.0,0.0,0.1999999999999993,8.928053092363047,21.0,1,20.8,0.1999999999999993,20.5,21.5
1679.0,0.0,0.1999999999999993,8.927619101395818,21.0,1,20.8,0.1999999999999993,20.5,21.5
1680.0,0.0,0.1999999999999993,8.927183854566788,21.0,1,20.8,0.1999999999999993,20.5,21.5
1681.0,0.0,0.1999999999999993,8.926747352465217,21.0,1,20.8,0.1999999999999993,20.5,21.5
1682.0,0.0,0.1999999999999993,8.926309595682065,21.0,1,20.8,0.1999999999999993,20.5,21.5
1683.0,0.0,0.1999999999999993,8.925870584809994,21.0,1,20.8,0.1999999999999993,20.5,21.5
1684.0,0.0,0.1999999999999993,8.92543032044336,21.0,1,20.8,0.1999999999999993,20.5,21.5
1685.0,0.0,0.1999999999999993,8.924988803178216,21.0,1,20.8,0.1999999999999993,20.5,21.5
1686.0,0.0,0.1999999999999993,8.924546033612312,21.0,1,20.8,0.1999999999999993,20.5,21.5
1687.0,0.0,0.1999999999999993,8.924102012345097,21.0,1,20.8,0.1999999999999993,20.5,21.5
1688.0,0.0,0.1999999999999993,8.923656739977709,21.0,1,20.8,0.1999999999999993,20.5,21.5
1689.0,0.0,0.1999999999999993,8.923210217112981,21.0,1,20.8,0.1999999999999993,20.5,21.5
1690.0,0.0,0.1999999999999993,8.922762444355442,21.0,1,20.8,0.1999999999999993,20.5,21.5
1691.0,0.0,0.1999999999999993,8.922313422311312,21.0,1,20.8,0.1999999999999993,20.5,21.5
1692.0,0.0,0.1999999999999993,8.9218631515885,21.0,1,20.8,0.1999999999999993,20.5,21.5
1693.0,0.0,0.1999999999999993,8.921411632796609,21.0,1,20.8,0.1999999999999993,20.5,21.5
1694.0,0.0,0.1999999999999993,8.920958866546929,21.0,1,20.8,0.1999999999999993,20.5,21.5
1695.0,0.0,0.1999999999999993,8.92050485345244,21.0,1,20.8,0.1999999999999993,20.5,21.5
1696.0,0.0,0.1999999999999993,8.92004959412781,21.0,1,20.8,0.1999999999999993,20.5,21.5
1697.0,0.0,0.1999999999999993,8.919593089189394,21.0,1,20.8,0.1999999999999993,20.5,21.5
1698.0,0.0,0.1999999999999993,8.919135339255234,21.0,1,20.8,0.1999999999999993,20.5,21.5
1699.0,0.0,0.1999999999999993,8.918676344945057,21.0,1,20.8,0.1999999999999993,20.5,21.5
1700.0,0.0,0.1999999999999993,8.918216106880275,21.0,1,20.8,0.1999999999999993,20.5,21.5
1701.0,0.0,0.1999999999999993,8.917754625683981,21.0,1,20.8,0.1999999999999993,20.5,21.5
1702.0,0.0,0.1999999999999993,8.917291901980956,21.0,1,20.8,0.1999999999999993,20.5,21.5
1703.0,0.0,0.1999999999999993,8.916827936397663,21.0,1,20.8,0.1999999999999993,20.5,21.5
1704.0,0.0,0.1999999999999993,8.91636272956224,21.0,1,20.8,0.1999999999999993,20.5,21.5
1705.0,0.0,0.1999999999999993,8.91589628210451,21.0,1,20.8,0.1999999999999993,20.5,21.5
1706.0,0.0,0.1999999999999993,8.91542859465598,21.0,1,20.8,0.1999999999999993,20.5,21.5
1707.0,0.0,0.1999999999999993,8.914959667849825,21.0,1,20.8,0.1999999999999993,20.5,21.5
1708.0,0.0,0.1999999999999993,8.914489502320906,21.0,1,20.8,0.1999999999999993,20.5,21.5
1709.0,0.0,0.1999999999999993,8.914018098705762,21.0,1,20.8,0.1999999999999993,20.5,21.5
1710.0,0.0,0.1999999999999993,8.9135454576426,21.0,1,20.8,0.1999999999999993,20.5,21.5
1711.0,0.0,0.1999999999999993,8.913071579771312,21.0,1,20.8,0.1999999999999993,20.5,21.5
1712.0,0.0,0.1999999999999993,8.912596465733458,21.0,1,20.8,0.1999999999999993,20.5,21.5
1713.0,0.0,0.1999999999999993,8.912120116172273,21.0,1,20.8,0.1999999999999993,20.5,21.5
1714.0,0.0,0.1999999999999993,8.911642531732666,21.0,1,20.8,0.1999999999999993,20.5,21.5
1715.0,0.0,0.1999999999999993,8.911163713061217,21.0,1,20.8,0.1999999999999993,20.5,21.5
1716.0,0.0,0.1999999999999993,8.910683660806177,21.0,1,20.8,0.1999999999999993,20.5,21.5
1717.0,0.0,0.1999999999999993,8.910202375617468,21.0,1,20.8,0.1999999999999993,20.5,21.5
1718.0,0.0,0.1999999999999993,8.909719858146678,21.0,1,20.8,0.1999999999999993,20.5,21.5
1719.0,0.0,0.1999999999999993,8.909236109047068,21.0,1,20.8,0.1999999999999993,20.5,21.5
1720.0,0.0,0.1999999999999993,8.908751128973565,21.0,1,20.8,0.1999999999999993,20.5,21.5
1721.0,0.0,0.1999999999999993,8.908264918582757,21.0,1,20.8,0.1999999999999993,20.5,21.5
1722.0,0.0,0.1999999999999993,8.907777478532909,21.0,1,20.8,0.1999999999999993,20.5,21.5
1723.0,0.0,0.1999999999999993,8.907288809483939,21.0,1,20.8,0.1999999999999993,20.5,21.5
1724.0,0.0,0.1999999999999993,8.906798912097436,21.0,1,20.8,0.1999999999999993,20.5,21.5
1725.0,0.0,0.1999999999999993,8.90630778703665,21.0,1,20.8,0.1999999999999993,20.5,21.5
1726.0,0.0,0.1999999999999993,8.905815434966494,21.0,1,20.8,0.1999999999999993,20.5,21.5
1727.0,0.0,0.1999999999999993,8.905321856553538,21.0,1,20.8,0.1999999999999993,20.5,21.5
1728.0,0.0,0.1999999999999993,8.90482705246602,21.0,1,20.8,0.1999999999999993,20.5,21.5
1729.0,0.0,0.1999999999999993,8.90433102337383,21.0,1,20.8,0.1999999999999993,20.5,21.5
1730.0,0.0,0.1999999999999993,8.90383376994852,21.0,1,20.8,0.1999999999999993,20.5,21.5
1731.0,0.0,0.1999999999999993,8.9033352928633,21.0,1,20.8,0.1999999999999993,20.5,21.5
1732.0,0.0,0.1999999999999993,8.902835592793036,21.0,1,20.8,0.1999999999999993,20.5,21.5
1733.0,0.0,0.1999999999999993,8.902334670414248,21.0,1,20.8,0.1999999999999993,20.5,21.5
1734.0,0.0,0.1999999999999993,8.901832526405114,21.0,1,20.8,0.1999999999999993,20.5,21.5
1735.0,0.0,0.1999999999999993,8.901329161445462,21.0,1,20.8,0.1999999999999993,20.5,21.5
1736.0,0.0,0.1999999999999993,8.900824576216777,21.0,1,20.8,0.1999999999999993,20.5,21.5
1737.0,0.0,0.1999999999999993,8.900318771402194,21.0,1,20.8,0.1999999999999993,20.5,21.5
1738.0,0.0,0.1999999999999993,8.899811747686497,21.0,1,20.8,0.1999999999999993,20.5,21.5
1739.0,0.0,0.1999999999999993,8.899303505756126,21.0,1,20.8,0.1999999999999993,20.5,21.5
1740.0,0.0,0.1999999999999993,8.898794046299168,21.0,1,20.8,0.1999999999999993,20.5,21.5
1741.0,0.0,0.1999999999999993,8.898283370005352,21.0,1,20.8,0.1999999999999993,20.5,21.5
1742.0,0.0,0.1999999999999993,8.897771477566064,21.0,1,20.8,0.1999999999999993,20.5,21.5
1743.0,0.0,0.1999999999999993,8.89725836967433,21.0,1,20.8,0.1999999999999993,20.5,21.5
1744.0,0.0,0.1999999999999993,8.896744047024823,21.0,1,20.8,0.1999999999999993,20.5,21.5
1745.0,0.0,0.1999999999999993,8.896228510313863,21.0,1,20.8,0.1999999999999993,20.5,21.5
1746.0,0.0,0.1999999999999993,8.895711760239413,21.0,1,20.8,0.1999999999999993,20.5,21.5
1747.0,0.0,0.1999999999999993,8.895193797501076,21.0,1,20.8,0.1999999999999993,20.5,21.5
1748.0,0.0,0.1999999999999993,8.894674622800098,21.0,1,20.8,0.1999999999999993,20.5,21.5
1749.0,0.0,0.1999999999999993,8.894154236839368,21.0,1,20.8,0.1999999999999993,20.5,21.5
1750.0,0.0,0.1999999999999993,8.893632640323412,21.0,1,20.8,0.1999999999999993,20.5,21.5
1751.0,0.0,0.1999999999999993,8.893109833958396,21.0,1,20.8,0.1999999999999993,20.5,21.5
1752.0,0.0,0.1999999999999993,8.892585818452126,21.0,1,20.8,0.1999999999999993,20.5,21.5
1753.0,0.0,0.1999999999999993,8.89206059451404,21.0,1,20.8,0.1999999999999993,20.5,21.5
1754.0,0.0,0.1999999999999993,8.891534162855217,21.0,1,20.8,0.1999999999999993,20.5,21.5
1755.0,0.0,0.1999999999999993,8.891006524188368,21.0,1,20.8,0.1999999999999993,20.5,21.5
1756.0,0.0,0.1999999999999993,8.89047767922784,21.0,1,20.8,0.1999999999999993,20.5,21.5
1757.0,0.0,0.1999999999999993,8.889947628689614,21.0,1,20.8,0.1999999999999993,20.5,21.5
1758.0,0.0,0.1999999999999993,8.889416373291297,21.0,1,20.8,0.1999999999999993,20.5,21.5
1759.0,0.0,0.1999999999999993,8.888883913752137,21.0,1,20.8,0.1999999999999993,20.5,21.5
1760.0,0.0,0.1999999999999993,8.888350250793003,21.0,1,20.8,0.1999999999999993,20.5,21.5
1761.0,0.0,0.1999999999999993,8.8878153851364,21.0,1,20.8,0.1999999999999993,20.5,21.5
1762.0,0.0,0.1999999999999993,8.88727931750646,21.0,1,20.8,0.1999999999999993,20.5,21.5
1763.0,0.0,0.1999999999999993,8.886742048628935,21.0,1,20.8,0.1999999999999993,20.5,21.5
1764.0,0.0,0.1999999999999993,8.886203579231214,21.0,1,20.8,0.1999999999999993,20.5,21.5
1765.0,0.0,0.1999999999999993,8.885663910042306,21.0,1,20.8,0.1999999999999993,20.5,21.5
1766.0,0.0,0.1999999999999993,8.885123041792843,21.0,1,20.8,0.1999999999999993,20.5,21.5
1767.0,0.0,0.1999999999999993,8.884580975215083,21.0,1,20.8,0.1999999999999993,20.5,21.5
1768.0,0.0,0.1999999999999993,8.884037711042907,21.0,1,20.8,0.1999999999999993,20.5,21.5
1769.0,0.0,0.1999999999999993,8.883493250011815,21.0,1,20.8,0.1999999999999993,20.5,21.5
1770.0,0.0,0.1999999999999993,8.882947592858928,21.0,1,20.8,0.1999999999999993,20.5,21.5
1771.0,0.0,0.1999999999999993,8.882400740322986,21.0,1,20.8,0.1999999999999993,20.5,21.5
1772.0,0.0,0.1999999999999993,8.881852693144348,21.0,1,20.8,0.1999999999999993,20.5,21.5
1773.0,0.0,0.1999999999999993,8.881303452064992,21.0,1,20.8,0.1999999999999993,20.5,21.5
1774.0,0.0,0.1999999999999993,8.88075301782851,21.0,1,20.8,0.1999999999999993,20.5,21.5
1775.0,0.0,0.1999999999999993,8.880201391180112,21.0,1,20.8,0.1999999999999993,20.5,21.5
1776.0,0.0,0.1999999999999993,8.879648572866616,21.0,1,20.8,0.1999999999999993,20.5,21.5
1777.0,0.0,0.1999999999999993,8.879094563636462,21.0,1,20.8,0.1999999999999993,20.5,21.5
1778.0,0.0,0.1999999999999993,8.878539364239698,21.0,1,20.8,0.1999999999999993,20.5,21.5
1779.0,0.0,0.1999999999999993,8.877982975427981,21.0,1,20.8,0.1999999999999993,20.5,21.5
1780.0,0.0,0.1999999999999993,8.877425397954582,21.0,1,20.8,0.1999999999999993,20.5,21.5
1781.0,0.0,0.1999999999999993,8.87686663257438,21.0,1,20.8,0.1999999999999993,20.5,21.5
1782.0,0.0,0.1999999999999993,8.876306680043864,21.0,1,20.8,0.1999999999999993,20.5,21.5
1783.0,0.0,0.1999999999999993,8.875745541121127,21.0,1,20.8,0.1999999999999993,20.5,21.5
1784.0,0.0,0.1999999999999993,8.875183216565867,21.0,1,20.8,0.1999999999999993,20.5,21.5
1785.0,0.0,0.1999999999999993,8.874619707139395,21.0,1,20.8,0.1999999999999993,20.5,21.5
1786.0,0.0,0.1999999999999993,8.87405501360462,21.0,1,20.8,0.1999999999999993,20.5,21.5
1787.0,0.0,0.1999999999999993,8.873489136726052,21.0,1,20.8,0.1999999999999993,20.5,21.5
1788.0,0.0,0.1999999999999993,8.87292207726981,21.0,1,20.8,0.1999999999999993,20.5,21.5
1789.0,0.0,0.1999999999999993,8.872353836003608,21.0,1,20.8,0.1999999999999993,20.5,21.5
1790.0,0.0,0.1999999999999993,8.871784413696762,21.0,1,20.8,0.1999999999999993,20.5,21.5
1791.0,0.0,0.1999999999999993,8.871213811120189,21.0,1,20.8,0.1999999999999993,20.5,21.5
1792.0,0.0,0.1999999999999993,8.870642029046401,21.0,1,20.8,0.1999999999999993,20.5,21.5
1793.0,0.0,0.1999999999999993,8.87006906824951,21.0,1,20.8,0.1999999999999993,20.5,21.5
1794.0,0.0,0.1999999999999993,8.869494929505219,21.0,1,20.8,0.1999999999999993,20.5,21.5
1795.0,0.0,0.1999999999999993,8.86891961359083,21.0,1,20.8,0.1999999999999993,20.5,21.5
1796.0,0.0,0.1999999999999993,8.868343121285237,21.0,1,20.8,0.1999999999999993,20.5,21.5
1797.0,0.0,0.1999999999999993,8.867765453368929,21.0,1,20.8,0.1999999999999993,20.5,21.5
1798.0,0.0,0.1999999999999993,8.867186610623982,21.0,1,20.8,0.1999999999999993,20.5,21.5
1799.0,0.0,0.1999999999999993,8.866606593834065,21.0,1,20.8,0.1999999999999993,20.5,21.5
1800.0,0.0,0.1999999999999993,8.86602540378444,21.0,1,20.8,0.1999999999999993,20.5,21.5
1801.0,0.0,0.1999999999999993,8.86544304126195,21.0,1,20.8,0.1999999999999993,20.5,21.5
1802.0,0.0,0.1999999999999993,8.86485950705503,21.0,1,20.8,0.1999999999999993,20.5,21.5
1803.0,0.0,0.1999999999999993,8.864274801953705,21.0,1,20.8,0.1999999999999993,20.5,21.5
1804.0,0.0,0.1999999999999993,8.863688926749576,21.0,1,20.8,0.1999999999999993,20.5,21.5
1805.0,0.0,0.1999999999999993,8.863101882235837,21.0,1,20.8,0.1999999999999993,20.5,21.5
1806.0,0.0,0.1999999999999993,8.862513669207258,21.0,1,20.8,0.1999999999999993,20.5,21.5
1807.0,0.0,0.1999999999999993,8.861924288460195,21.0,1,20.8,0.1999999999999993,20.5,21.5
1808.0,0.0,0.1999999999999993,8.861333740792585,21.0,1,20.8,0.1999999999999993,20.5,21.5
1809.0,0.0,0.1999999999999993,8.860742027003944,21.0,1,20.8,0.1999999999999993,20.5,21.5
1810.0,0.0,0.1999999999999993,8.860149147895365,21.0,1,20.8,0.1999999999999993,20.5,21.5
1811.0,0.0,0.1999999999999993,8.859555104269523,21.0,1,20.8,0.1999999999999993,20.5,21.5
1812.0,0.0,0.1999999999999993,8.858959896930665,21.0,1,20.8,0.1999999999999993,20.5,21.5
1813.0,0.0,0.1999999999999993,8.858363526684615,21.0,1,20.8,0.1999999999999993,20.5,21.5
1814.0,0.0,0.1999999999999993,8.857765994338774,21.0,1,20.8,0.1999999999999993,20.5,21.5
1815.0,0.0,0.1999999999999993,8.857167300702113,21.0,1,20.8,0.1999999999999993,20.5,21.5
1816.0,0.0,0.1999999999999993,8.856567446585176,21.0,1,20.8,0.1999999999999993,20.5,21.5
1817.0,0.0,0.1999999999999993,8.855966432800079,21.0,1,20.8,0.1999999999999993,20.5,21.5
1818.0,0.0,0.1999999999999993,8.855364260160506,21.0,1,20.8,0.1999999999999993,20.5,21.5
1819.0,0.0,0.1999999999999993,8.854760929481715,21.0,1,20.8,0.1999999999999993,20.5,21.5
1820.0,0.0,0.1999999999999993,8.854156441580525,21.0,1,20.8,0.1999999999999993,20.5,21.5
1821.0,0.0,0.1999999999999993,8.853550797275327,21.0,1,20.8,0.1999999999999993,20.5,21.5
1822.0,0.0,0.1999999999999993,8.852943997386076,21.0,1,20.8,0.1999999999999993,20.5,21.5
1823.0,0.0,0.1999999999999993,8.852336042734288,21.0,1,20.8,0.1999999999999993,20.5,21.5
1824.0,0.0,0.1999999999999993,8.851726934143048,21.0,1,20.8,0.1999999999999993,20.5,21.5
1825.0,0.0,0.1999999999999993,8.851116672437,21.0,1,20.8,0.1999999999999993,20.5,21.5
1826.0,0.0,0.1999999999999993,8.85050525844235,21.0,1,20.8,0.1999999999999993,20.5,21.5
1827.0,0.0,0.1999999999999993,8.849892692986863,21.0,1,20.8,0.1999999999999993,20.5,21.5
1828.0,0.0,0.1999999999999993,8.849278976899868,21.0,1,20.8,0.1999999999999993,20.5,21.5
1829.0,0.0,0.1999999999999993,8.84866411101224,21.0,1,20.8,0.1999999999999993,20.5,21.5
1830.0,0.0,0.1999999999999993,8.848048096156425,21.0,1,20.8,0.1999999999999993,20.5,21.5
1831.0,0.0,0.1999999999999993,8.847430933166416,21.0,1,20.8,0.1999999999999993,20.5,21.5
1832.0,0.0,0.1999999999999993,8.846812622877762,21.0,1,20.8,0.1999999999999993,20.5,21.5
1833.0,0.0,0.1999999999999993,8.846193166127565,21.0,1,20.8,0.1999999999999993,20.5,21.5
1834.0,0.0,0.1999999999999993,8.845572563754478,21.0,1,20.8,0.1999999999999993,20.5,21.5
1835.0,0.0,0.1999999999999993,8.844950816598711,21.0,1,20.8,0.1999999999999993,20.5,21.5
1836.0,0.0,0.1999999999999993,8.844327925502014,21.0,1,20.8,0.1999999999999993,20.5,21.5
1837.0,0.0,0.1999999999999993,8.843703891307698,21.0,1,20.8,0.1999999999999993,20.5,21.5
1838.0,0.0,0.1999999999999993,8.843078714860608,21.0,1,20.8,0.1999999999999993,20.5,21.5
1839.0,0.0,0.1999999999999993,8.842452397007147,21.0,1,20.8,0.1999999999999993,20.5,21.5
1840.0,0.0,0.1999999999999993,8.841824938595257,21.0,1,20.8,0.1999999999999993,20.5,21.5
1841.0,0.0,0.1999999999999993,8.841196340474426,21.0,1,20.8,0.1999999999999993,20.5,21.5
1842.0,0.0,0.1999999999999993,8.840566603495684,21.0,1,20.8,0.1999999999999993,20.5,21.5
1843.0,0.0,0.1999999999999993,8.839935728511605,21.0,1,20.8,0.1999999999999993,20.5,21.5
1844.0,0.0,0.1999999999999993,8.8393037163763,21.0,1,20.8,0.1999999999999993,20.5,21.5
1845.0,0.0,0.1999999999999993,8.838670567945424,21.0,1,20.8,0.1999999999999993,20.5,21.5
1846.0,0.0,0.1999999999999993,8.838036284076168,21.0,1,20.8,0.1999999999999993,20.5,21.5
1847.0,0.0,0.1999999999999993,8.83740086562726,21.0,1,20.8,0.1999999999999993,20.5,21.5
1848.0,0.0,0.1999999999999993,8.836764313458962,21.0,1,20.8,0.1999999999999993,20.5,21.5
1849.0,0.0,0.1999999999999993,8.836126628433076,21.0,1,20.8,0.1999999999999993,20.5,21.5
1850.0,0.0,0.1999999999999993,8.835487811412936,21.0,1,20.8,0.1999999999999993,20.5,21.5
1851.0,0.0,0.1999999999999993,8.834847863263407,21.0,1,20.8,0.1999999999999993,20.5,21.5
1852.0,0.0,0.1999999999999993,8.834206784850885,21.0,1,20.8,0.1999999999999993,20.5,21.5
1853.0,0.0,0.1999999999999993,8.833564577043296,21.0,1,20.8,0.1999999999999993,20.5,21.5
1854.0,0.0,0.1999999999999993,8.8329212407101,21.0,1,20.8,0.1999999999999993,20.5,21.5
1855.0,0.0,0.1999999999999993,8.832276776722278,21.0,1,20.8,0.1999999999999993,20.5,21.5
1856.0,0.0,0.1999999999999993,8.831631185952341,21.0,1,20.8,0.1999999999999993,20.5,21.5
1857.0,0.0,0.1999999999999993,8.830984469274329,21.0,1,20.8,0.1999999999999993,20.5,21.5
1858.0,0.0,0.1999999999999993,8.830336627563797,21.0,1,20.8,0.1999999999999993,20.5,21.5
1859.0,0.0,0.1999999999999993,8.829687661697832,21.0,1,20.8,0.1999999999999993,20.5,21.5
1860.0,0.0,0.1999999999999993,8.829037572555041,21.0,1,20.8,0.1999999999999993,20.5,21.5
1861.0,0.0,0.1999999999999993,8.828386361015548,21.0,1,20.8,0.1999999999999993,20.5,21.5
1862.0,0.0,0.1999999999999993,8.827734027961,21.0,1,20.8,0.1999999999999993,20.5,21.5
1863.0,0.0,0.1999999999999993,8.827080574274563,21.0,1,20.8,0.1999999999999993,20.5,21.5
1864.0,0.0,0.1999999999999993,8.826426000840915,21.0,1,20.8,0.1999999999999993,20.5,21.5
1865.0,0.0,0.1999999999999993,8.825770308546254,21.0,1,20.8,0.1999999999999993,20.5,21.5
1866.0,0.0,0.1999999999999993,8.825113498278295,21.0,1,20.8,0.1999999999999993,20.5,21.5
1867.0,0.0,0.1999999999999993,8.824455570926263,21.0,1,20.8,0.1999999999999993,20.5,21.5
1868.0,0.0,0.1999999999999993,8.823796527380896,21.0,1,20.8,0.1999999999999993,20.5,21.5
1869.0,0.0,0.1999999999999993,8.823136368534442,21.0,1,20.8,0.1999999999999993,20.5,21.5
1870.0,0.0,0.1999999999999993,8.822475095280662,21.0,1,20.8,0.1999999999999993,20.5,21.5
1871.0,0.0,0.1999999999999993,8.821812708514825,21.0,1,20.8,0.1999999999999993,20.5,21.5
1872.0,0.0,0.1999999999999993,8.821149209133704,21.0,1,20.8,0.1999999999999993,20.5,21.5
1873.0,0.0,0.1999999999999993,8.820484598035582,21.0,1,20.8,0.1999999999999993,20.5,21.5
1874.0,0.0,0.1999999999999993,8.819818876120248,21.0,1,20.8,0.1999999999999993,20.5,21.5
1875.0,0.0,0.1999999999999993,8.819152044288991,21.0,1,20.8,0.1999999999999993,20.5,21.5
1876.0,0.0,0.1999999999999993,8.818484103444606,21.0,1,20.8,0.1999999999999993,20.5,21.5
1877.0,0.0,0.1999999999999993,8.817815054491387,21.0,1,20.8,0.1999999999999993,20.5,21.5
1878.0,0.0,0.1999999999999993,8.817144898335128,21.0,1,20.8,0.1999999999999993,20.5,21.5
1879.0,0.0,0.1999999999999993,8.816473635883126,21.0,1,20.8,0.1999999999999993,20.5,21.5
1880.0,0.0,0.1999999999999993,8.815801268044172,21.0,1,20.8,0.1999999999999993,20.5,21.5
1881.0,0.0,0.1999999999999993,8.815127795728554,21.0,1,20.8,0.1999999999999993,20.5,21.5
1882.0,0.0,0.1999999999999993,8.814453219848057,21.0,1,20.8,0.1999999999999993,20.5,21.5
1883.0,0.0,0.1999999999999993,8.813777541315957,21.0,1,20.8,0.1999999999999993,20.5,21.5
1884.0,0.0,0.1999999999999993,8.813100761047028,21.0,1,20.8,0.1999999999999993,20.5,21.5
1885.0,0.0,0.1999999999999993,8.812422879957529,21.0,1,20.8,0.1999999999999993,20.5,21.5
1886.0,0.0,0.1999999999999993,8.811743898965215,21.0,1,20.8,0.1999999999999993,20.5,21.5
1887.0,0.0,0.1999999999999993,8.811063818989327,21.0,1,20.8,0.1999999999999993,20.5,21.5
1888.0,0.0,0.1999999999999993,8.810382640950595,21.0,1,20.8,0.1999999999999993,20.5,21.5
1889.0,0.0,0.1999999999999993,8.809700365771235,21.0,1,20.8,0.1999999999999993,20.5,21.5
1890.0,0.0,0.1999999999999993,8.809016994374947,21.0,1,20.8,0.1999999999999993,20.5,21.5
1891.0,0.0,0.1999999999999993,8.80833252768692,21.0,1,20.8,0.1999999999999993,20.5,21.5
1892.0,0.0,0.1999999999999993,8.807646966633822,21.0,1,20.8,0.1999999999999993,20.5,21.5
1893.0,0.0,0.1999999999999993,8.806960312143802,21.0,1,20.8,0.1999999999999993,20.5,21.5
1894.0,0.0,0.1999999999999993,8.806272565146491,21.0,1,20.8,0.1999999999999993,20.5,21.5
1895.0,0.0,0.1999999999999993,8.805583726573,21.0,1,20.8,0.1999999999999993,20.5,21.5
1896.0,0.0,0.1999999999999993,8.804893797355914,21.0,1,20.8,0.1999999999999993,20.5,21.5
1897.0,0.0,0.1999999999999993,8.8042027784293,21.0,1,20.8,0.1999999999999993,20.5,21.5
1898.0,0.0,0.1999999999999993,8.803510670728695,21.0,1,20.8,0.1999999999999993,20.5,21.5
1899.0,0.0,0.1999999999999993,8.802817475191114,21.0,1,20.8,0.1999999999999993,20.5,21.5
1900.0,0.0,0.1999999999999993,8.802123192755044,21.0,1,20.8,0.1999999999999993,20.5,21.5
1901.0,0.0,0.1999999999999993,8.801427824360442,21.0,1,20.8,0.1999999999999993,20.5,21.5
1902.0,0.0,0.1999999999999993,8.800731370948734,21.0,1,20.8,0.1999999999999993,20.5,21.5
1903.0,0.0,0.1999999999999993,8.80003383346282,21.0,1,20.8,0.1999999999999993,20.5,21.5
1904.0,0.0,0.1999999999999993,8.799335212847062,21.0,1,20.8,0.1999999999999993,20.5,21.5
1905.0,0.0,0.1999999999999993,8.798635510047292,21.0,1,20.8,0.1999999999999993,20.5,21.5
1906.0,0.0,0.1999999999999993,8.797934726010809,21.0,1,20.8,0.1999999999999993,20.5,21.5
1907.0,0.0,0.1999999999999993,8.79723286168637,21.0,1,20.8,0.1999999999999993,20.5,21.5
1908.0,0.0,0.1999999999999993,8.796529918024197,21.0,1,20.8,0.1999999999999993,20.5,21.5
1909.0,0.0,0.1999999999999993,8.795825895975975,21.0,1,20.8,0.1999999999999993,20.5,21.5
1910.0,0.0,0.1999999999999993,8.795120796494848,21.0,1,20.8,0.1999999999999993,20.5,21.5
1911.0,0.0,0.1999999999999993,8.794414620535418,21.0,1,20.8,0.1999999999999993,20.5,21.5
1912.0,0.0,0.1999999999999993,8.793707369053745,21.0,1,20.8,0.1999999999999993,20.5,21.5
1913.0,0.0,0.1999999999999993,8.792999043007347,21.0,1,20.8,0.1999999999999993,20.5,21.5
1914.0,0.0,0.1999999999999993,8.79228964335519,21.0,1,20.8,0.1999999999999993,20.5,21.5
1915.0,0.0,0.1999999999999993,8.791579171057704,21.0,1,20.8,0.1999999999999993,20.5,21.5
1916.0,0.0,0.1999999999999993,8.79086762707676,21.0,1,20.8,0.1999999999999993,20.5,21.5
1917.0,0.0,0.1999999999999993,8.79015501237569,21.0,1,20.8,0.1999999999999993,20.5,21.5
1918.0,0.0,0.1999999999999993,8.789441327919269,21.0,1,20.8,0.1999999999999993,20.5,21.5
1919.0,0.0,0.1999999999999993,8.788726574673722,21.0,1,20.8,0.1999999999999993,20.5,21.5
1920.0,0.0,0.1999999999999993,8.788010753606722,21.0,1,20.8,0.1999999999999993,20.5,21.5
1921.0,0.0,0.1999999999999993,8.787293865687387,21.0,1,20.8,0.1999999999999993,20.5,21.5
1922.0,0.0,0.1999999999999993,8.786575911886278,21.0,1,20.8,0.1999999999999993,20.5,21.5
1923.0,0.0,0.1999999999999993,8.785856893175403,21.0,1,20.8,0.1999999999999993,20.5,21.5
1924.0,0.0,0.1999999999999993,8.785136810528206,21.0,1,20.8,0.1999999999999993,20.5,21.5
1925.0,0.0,0.1999999999999993,8.784415664919576,21.0,1,20.8,0.1999999999999993,20.5,21.5
1926.0,0.0,0.1999999999999993,8.783693457325839,21.0,1,20.8,0.1999999999999993,20.5,21.5
1927.0,0.0,0.1999999999999993,8.782970188724763,21.0,1,20.8,0.1999999999999993,20.5,21.5
1928.0,0.0,0.1999999999999993,8.782245860095543,21.0,1,20.8,0.1999999999999993,20.5,21.5
1929.0,0.0,0.1999999999999993,8.78152047241882,21.0,1,20.8,0.1999999999999993,20.5,21.5
1930.0,0.0,0.1999999999999993,8.78079402667666,21.0,1,20.8,0.1999999999999993,20.5,21.5
1931.0,0.0,0.1999999999999993,8.780066523852566,21.0,1,20.8,0.1999999999999993,20.5,21.5
1932.0,0.0,0.1999999999999993,8.779337964931473,21.0,1,20.8,0.1999999999999993,20.5,21.5
1933.0,0.0,0.1999999999999993,8.778608350899745,21.0,1,20.8,0.1999999999999993,20.5,21.5
1934.0,0.0,0.1999999999999993,8.77787768274517,21.0,1,20.8,0.1999999999999993,20.5,21.5
1935.0,0.0,0.1999999999999993,8.777145961456972,21.0,1,20.8,0.1999999999999993,20.5,21.5
1936.0,0.0,0.1999999999999993,8.776413188025789,21.0,1,20.8,0.1999999999999993,20.5,21.5
1937.0,0.0,0.1999999999999993,8.775679363443695,21.0,1,20.8,0.1999999999999993,20.5,21.5
1938.0,0.0,0.1999999999999993,8.774944488704179,21.0,1,20.8,0.1999999999999993,20.5,21.5
1939.0,0.0,0.1999999999999993,8.774208564802159,21.0,1,20.8,0.1999999999999993,20.5,21.5
1940.0,0.0,0.1999999999999993,8.773471592733964,21.0,1,20.8,0.1999999999999993,20.5,21.5
1941.0,0.0,0.1999999999999993,8.772733573497352,21.0,1,20.8,0.1999999999999993,20.5,21.5
1942.0,0.0,0.1999999999999993,8.77199450809149,21.0,1,20.8,0.1999999999999993,20.5,21.5
1943.0,0.0,0.1999999999999993,8.77125439751697,21.0,1,20.8,0.1999999999999993,20.5,21.5
1944.0,0.0,0.1999999999999993,8.77051324277579,21.0,1,20.8,0.1999999999999993,20.5,21.5
1945.0,0.0,0.1999999999999993,8.769771044871367,21.0,1,20.8,0.1999999999999993,20.5,21.5
1946.0,0.0,0.1999999999999993,8.769027804808532,21.0,1,20.8,0.1999999999999993,20.5,21.5
1947.0,0.0,0.1999999999999993,8.768283523593523,21.0,1,20.8,0.1999999999999993,20.5,21.5
1948.0,0.0,0.1999999999999993,8.76753820223399,21.0,1,20.8,0.1999999999999993,20.5,21.5
1949.0,0.0,0.1999999999999993,8.766791841738986,21.0,1,20.8,0.1999999999999993,20.5,21.5
1950.0,0.0,0.1999999999999993,8.766044443118979,21.0,1,20.8,0.1999999999999993,20.5,21.5
1951.0,0.0,0.1999999999999993,8.765296007385835,21.0,1,20.8,0.1999999999999993,20.5,21.5
1952.0,0.0,0.1999999999999993,8.764546535552832,21.0,1,20.8,0.1999999999999993,20.5,21.5
1953.0,0.0,0.1999999999999993,8.763796028634642,21.0,1,20.8,0.1999999999999993,20.5,21.5
1954.0,0.0,0.1999999999999993,8.763044487647345,21.0,1,20.8,0.1999999999999993,20.5,21.5
1955.0,0.0,0.1999999999999993,8.762291913608419,21.0,1,20.8,0.1999999999999993,20.5,21.5
1956.0,0.0,0.1999999999999993,8.761538307536737,21.0,1,20.8,0.1999999999999993,20.5,21.5
1957.0,0.0,0.1999999999999993,8.760783670452575,21.0,1,20.8,0.1999999999999993,20.5,21.5
1958.0,0.0,0.1999999999999993,8.760028003377602,21.0,1,20.8,0.1999999999999993,20.5,21.5
1959.0,0.0,0.1999999999999993,8.759271307334881,21.0,1,20.8,0.1999999999999993,20.5,21.5
1960.0,0.0,0.1999999999999993,8.758513583348869,21.0,1,20.8,0.1999999999999993,20.5,21.5
1961.0,0.0,0.1999999999999993,8.757754832445414,21.0,1,20.8,0.1999999999999993,20.5,21.5
1962.0,0.0,0.1999999999999993,8.756995055651757,21.0,1,20.8,0.1999999999999993,20.5,21.5
1963.0,0.0,0.1999999999999993,8.756234253996523,21.0,1,20.8,0.1999999999999993,20.5,21.5
1964.0,0.0,0.1999999999999993,8.755472428509727,21.0,1,20.8,0.1999999999999993,20.5,21.5
1965.0,0.0,0.1999999999999993,8.754709580222773,21.0,1,20.8,0.1999999999999993,20.5,21.5
1966.0,0.0,0.1999999999999993,8.753945710168443,21.0,1,20.8,0.1999999999999993,20.5,21.5
1967.0,0.0,0.1999999999999993,8.75318081938091,21.0,1,20.8,0.1999999999999993,20.5,21.5
1968.0,0.0,0.1999999999999993,8.752414908895725,21.0,1,20.8,0.1999999999999993,20.5,21.5
1969.0,0.0,0.1999999999999993,8.751647979749817,21.0,1,20.8,0.1999999999999993,20.5,21.5
1970.0,0.0,0.1999999999999993,8.750880032981499,21.0,1,20.8,0.1999999999999993,20.5,21.5
1971.0,0.0,0.1999999999999993,8.75011106963046,21.0,1,20.8,0.1999999999999993,20.5,21.5
1972.0,0.0,0.1999999999999993,8.749341090737763,21.0,1,20.8,0.1999999999999993,20.5,21.5
1973.0,0.0,0.1999999999999993,8.74857009734585,21.0,1,20.8,0.1999999999999993,20.5,21.5
1974.0,0.0,0.1999999999999993,8.747798090498533,21.0,1,20.8,0.1999999999999993,20.5,21.5
1975.0,0.0,0.1999999999999993,8.747025071240996,21.0,1,20.8,0.1999999999999993,20.5,21.5
1976.0,0.0,0.1999999999999993,8.746251040619798,21.0,1,20.8,0.1999999999999993,20.5,21.5
1977.0,0.0,0.1999999999999993,8.745475999682862,21.0,1,20.8,0.1999999999999993,20.5,21.5
1978.0,0.0,0.1999999999999993,8.744699949479482,21.0,1,20.8,0.1999999999999993,20.5,21.5
1979.0,0.0,0.1999999999999993,8.743922891060318,21.0,1,20.8,0.1999999999999993,20.5,21.5
1980.0,0.0,0.1999999999999993,8.743144825477394,21.0,1,20.8,0.1999999999999993,20.5,21.5
1981.0,0.0,0.1999999999999993,8.742365753784098,21.0,1,20.8,0.1999999999999993,20.5,21.5
1982.0,0.0,0.1999999999999993,8.741585677035179,21.0,1,20.8,0.1999999999999993,20.5,21.5
1983.0,0.0,0.1999999999999993,8.74080459628675,21.0,1,20.8,0.1999999999999993,20.5,21.5
1984.0,0.0,0.1999999999999993,8.74002251259628,21.0,1,20.8,0.1999999999999993,20.5,21.5
1985.0,0.0,0.1999999999999993,8.739239427022596,21.0,1,20.8,0.1999999999999993,20.5,21.5
1986.0,0.0,0.1999999999999993,8.738455340625883,21.0,1,20.8,0.1999999999999993,20.5,21.5
1987.0,0.0,0.1999999999999993,8.737670254467682,21.0,1,20.8,0.1999999999999993,20.5,21.5
1988.0,0.0,0.1999999999999993,8.736884169610883,21.0,1,20.8,0.1999999999999993,20.5,21.5
1989.0,0.0,0.1999999999999993,8.736097087119735,21.0,1,20.8,0.1999999999999993,20.5,21.5
1990.0,0.0,0.1999999999999993,8.73530900805983,21.0,1,20.8,0.1999999999999993,20.5,21.5
1991.0,0.0,0.1999999999999993,8.734519933498111,21.0,1,20.8,0.1999999999999993,20.5,21.5
1992.0,0.0,0.1999999999999993,8.733729864502877,21.0,1,20.8,0.1999999999999993,20.5,21.5
1993.0,0.0,0.1999999999999993,8.732938802143762,21.0,1,20.8,0.1999999999999993,20.5,21.5
1994.0,0.0,0.1999999999999993,8.73214674749175,21.0,1,20.8,0.1999999999999993,20.5,21.5
1995.0,0.0,0.1999999999999993,8.73135370161917,21.0,1,20.8,0.1999999999999993,20.5,21.5
1996.0,0.0,0.1999999999999993,8.73055966559969,21.0,1,20.8,0.1999999999999993,20.5,21.5
1997.0,0.0,0.1999999999999993,8.729764640508321,21.0,1,20.8,0.1999999999999993,20.5,21.5
1998.0,0.0,0.1999999999999993,8.728968627421413,21.0,1,20.8,0.1999999999999993,20.5,21.5
1999.0,0.0,0.1999999999999993,8.728171627416646,21.0,1,20.8,0.1999999999999993,20.5,21.5
2000.0,0.0,0.1999999999999993,8.727373641573049,21.0,1,20.8,0.1999999999999993,20.5,21.5
2001.0,0.0,0.1999999999999993,8.726574670970976,21.0,1,20.8,0.1999999999999993,20.5,21.5
2002.0,0.0,0.1999999999999993,8.725774716692118,21.0,1,20.8,0.1999999999999993,20.5,21.5
2003.0,0.0,0.1999999999999993,8.724973779819498,21.0,1,20.8,0.1999999999999993,20.5,21.5
2004.0,0.0,0.1999999999999993,8.724171861437467,21.0,1,20.8,0.1999999999999993,20.5,21.5
2005.0,0.0,0.1999999999999993,8.723368962631708,21.0,1,20.8,0.1999999999999993,20.5,21.5
2006.0,0.0,0.1999999999999993,8.722565084489228,21.0,1,20.8,0.1999999999999993,20.5,21.5
2007.0,0.0,0.1999999999999993,8.721760228098363,21.0,1,20.8,0.1999999999999993,20.5,21.5
2008.0,0.0,0.1999999999999993,8.72095439454877,21.0,1,20.8,0.1999999999999993,20.5,21.5
2009.0,0.0,0.1999999999999993,8.720147584931432,21.0,1,20.8,0.1999999999999993,20.5,21.5
2010.0,0.0,0.1999999999999993,8.719339800338652,21.0,1,20.8,0.1999999999999993,20.5,21.5
2011.0,0.0,0.1999999999999993,8.718531041864052,21.0,1,20.8,0.1999999999999993,20.5,21.5
2012.0,0.0,0.1999999999999993,8.717721310602577,21.0,1,20.8,0.1999999999999993,20.5,21.5
2013.0,0.0,0.1999999999999993,8.716910607650483,21.0,1,20.8,0.1999999999999993,20.5,21.5
2014.0,0.0,0.1999999999999993,8.716098934105345,21.0,1,20.8,0.1999999999999993,20.5,21.5
2015.0,0.0,0.1999999999999993,8.715286291066052,21.0,1,20.8,0.1999999999999993,20.5,21.5
2016.0,0.0,0.1999999999999993,8.714472679632804,21.0,1,20.8,0.1999999999999993,20.5,21.5
2017.0,0.0,0.1999999999999993,8.713658100907113,21.0,1,20.8,0.1999999999999993,20.5,21.5
2018.0,0.0,0.1999999999999993,8.7128425559918,21.0,1,20.8,0.1999999999999993,20.5,21.5
2019.0,0.0,0.1999999999999993,8.712026045990996,21.0,1,20.8,0.1999999999999993,20.5,21.5
2020.0,0.0,0.1999999999999993,8.711208572010138,21.0,1,20.8,0.1999999999999993,20.5,21.5
2021.0,0.0,0.1999999999999993,8.710390135155963,21.0,1,20.8,0.1999999999999993,20.5,21.5
2022.0,0.0,0.1999999999999993,8.709570736536522,21.0,1,20.8,0.1999999999999993,20.5,21.5
2023.0,0.0,0.1999999999999993,8.708750377261156,21.0,1,20.8,0.1999999999999993,20.5,21.5
2024.0,0.0,0.1999999999999993,8.707929058440516,21.0,1,20.8,0.1999999999999993,20.5,21.5
2025.0,0.0,0.1999999999999993,8.707106781186548,21.0,1,20.8,0.1999999999999993,20.5,21.5
2026.0,0.0,0.1999999999999993,8.706283546612495,21.0,1,20.8,0.1999999999999993,20.5,21.5
2027.0,0.0,0.1999999999999993,8.7054593558329,21.0,1,20.8,0.1999999999999993,20.5,21.5
2028.0,0.0,0.1999999999999993,8.704634209963595,21.0,1,20.8,0.1999999999999993,20.5,21.5
2029.0,0.0,0.1999999999999993,8.70380811012171,21.0,1,20.8,0.1999999999999993,20.5,21.5
2030.0,0.0,0.1999999999999993,8.702981057425662,21.0,1,20.8,0.1999999999999993,20.5,21.5
2031.0,0.0,0.1999999999999993,8.702153052995163,21.0,1,20.8,0.1999999999999993,20.5,21.5
2032.0,0.0,0.1999999999999993,8.70132409795121,21.0,1,20.8,0.1999999999999993,20.5,21.5
2033.0,0.0,0.1999999999999993,8.700494193416088,21.0,1,20.8,0.1999999999999993,20.5,21.5
2034.0,0.0,0.1999999999999993,8.699663340513366,21.0,1,20.8,0.1999999999999993,20.5,21.5
2035.0,0.0,0.1999999999999993,8.6988315403679,21.0,1,20.8,0.1999999999999993,20.5,21.5
2036.0,0.0,0.1999999999999993,8.697998794105827,21.0,1,20.8,0.1999999999999993,20.5,21.5
2037.0,0.0,0.1999999999999993,8.697165102854564,21.0,1,20.8,0.1999999999999993,20.5,21.5
2038.0,0.0,0.1999999999999993,8.69633046774281,21.0,1,20.8,0.1999999999999993,20.5,21.5
2039.0,0.0,0.1999999999999993,8.695494889900537,21.0,1,20.8,0.1999999999999993,20.5,21.5
2040.0,0.0,0.1999999999999993,8.694658370458997,21.0,1,20.8,0.1999999999999993,20.5,21.5
2041.0,0.0,0.1999999999999993,8.693820910550718,21.0,1,20.8,0.1999999999999993,20.5,21.5
2042.0,0.0,0.1999999999999993,8.692982511309497,21.0,1,20.8,0.1999999999999993,20.5,21.5
2043.0,0.0,0.1999999999999993,8.692143173870408,21.0,1,20.8,0.1999999999999993,20.5,21.5
2044.0,0.0,0.1999999999999993,8.691302899369788,21.0,1,20.8,0.1999999999999993,20.5,21.5
2045.0,0.0,0.1999999999999993,8.69046168894525,21.0,1,20.8,0.1999999999999993,20.5,21.5
2046.0,0.0,0.1999999999999993,8.68961954373567,21.0,1,20.8,0.1999999999999993,20.5,21.5
2047.0,0.0,0.1999999999999993,8.68877646488119,21.0,1,20.8,0.1999999999999993,20.5,21.5
2048.0,0.0,0.1999999999999993,8.687932453523219,21.0,1,20.8,0.1999999999999993,20.5,21.5
2049.0,0.0,0.1999999999999993,8.687087510804423,21.0,1,20.8,0.1999999999999993,20.5,21.5
2050.0,0.0,0.1999999999999993,8.686241637868733,21.0,1,20.8,0.1999999999999993,20.5,21.5
2051.0,0.0,0.1999999999999993,8.68539483586134,21.0,1,20.8,0.1999999999999993,20.5,21.5
2052.0,0.0,0.1999999999999993,8.684547105928688,21.0,1,20.8,0.1999999999999993,20.5,21.5
2053.0,0.0,0.1999999999999993,8.683698449218484,21.0,1,20.8,0.1999999999999993,20.5,21.5
2054.0,0.0,0.1999999999999993,8.682848866879683,21.0,1,20.8,0.1999999999999993,20.5,21.5
2055.0,0.0,0.1999999999999993,8.681998360062499,21.0,1,20.8,0.1999999999999993,20.5,21.5
2056.0,0.0,0.1999999999999993,8.681146929918393,21.0,1,20.8,0.1999999999999993,20.5,21.5
2057.0,0.0,0.1999999999999993,8.680294577600078,21.0,1,20.8,0.1999999999999993,20.5,21.5
2058.0,0.0,0.1999999999999993,8.679441304261516,21.0,1,20.8,0.1999999999999993,20.5,21.5
2059.0,0.0,0.1999999999999993,8.678587111057917,21.0,1,20.8,0.1999999999999993,20.5,21.5
2060.0,0.0,0.1999999999999993,8.677731999145733,21.0,1,20.8,0.1999999999999993,20.5,21.5
2061.0,0.0,0.1999999999999993,8.67687596968266,21.0,1,20.8,0.1999999999999993,20.5,21.5
2062.0,0.0,0.1999999999999993,8.676019023827642,21.0,1,20.8,0.1999999999999993,20.5,21.5
2063.0,0.0,0.1999999999999993,8.675161162740856,21.0,1,20.8,0.1999999999999993,20.5,21.5
2064.0,0.0,0.1999999999999993,8.674302387583724,21.0,1,20.8,0.1999999999999993,20.5,21.5
2065.0,0.0,0.1999999999999993,8.673442699518901,21.0,1,20.8,0.1999999999999993,20.5,21.5
2066.0,0.0,0.1999999999999993,8.67258209971028,21.0,1,20.8,0.1999999999999993,20.5,21.5
2067.0,0.0,0.1999999999999993,8.671720589322991,21.0,1,20.8,0.1999999999999993,20.5,21.5
2068.0,0.0,0.1999999999999993,8.67085816952339,21.0,1,20.8,0.1999999999999993,20.5,21.5
2069.0,0.0,0.1999999999999993,8.669994841479074,21.0,1,20.8,0.1999999999999993,20.5,21.5
2070.0,0.0,0.1999999999999993,8.66913060635886,21.0,1,20.8,0.1999999999999993,20.5,21.5
2071.0,0.0,0.1999999999999993,8.668265465332796,21.0,1,20.8,0.1999999999999993,20.5,21.5
2072.0,0.0,0.1999999999999993,8.66739941957216,21.0,1,20.8,0.1999999999999993,20.5,21.5
2073.0,0.0,0.1999999999999993,8.666532470249452,21.0,1,20.8,0.1999999999999993,20.5,21.5
2074.0,0.0,0.1999999999999993,8.665664618538397,21.0,1,20.8,0.1999999999999993,20.5,21.5
2075.0,0.0,0.1999999999999993,8.664795865613938,21.0,1,20.8,0.1999999999999993,20.5,21.5
2076.0,0.0,0.1999999999999993,8.663926212652242,21.0,1,20.8,0.1999999999999993,20.5,21.5
2077.0,0.0,0.1999999999999993,8.663055660830691,21.0,1,20.8,0.1999999999999993,20.5,21.5
2078.0,0.0,0.1999999999999993,8.66218421132789,21.0,1,20.8,0.1999999999999993,20.5,21.5
2079.0,0.0,0.1999999999999993,8.661311865323652,21.0,1,20.8,0.1999999999999993,20.5,21.5
2080.0,0.0,0.1999999999999993,8.660438623999008,21.0,1,20.8,0.1999999999999993,20.5,21.5
2081.0,0.0,0.1999999999999993,8.6595644885362,21.0,1,20.8,0.1999999999999993,20.5,21.5
2082.0,0.0,0.1999999999999993,8.65868946011868,21.0,1,20.8,0.1999999999999993,20.5,21.5
2083.0,0.0,0.1999999999999993,8.657813539931112,21.0,1,20.8,0.1999999999999993,20.5,21.5
2084.0,0.0,0.1999999999999993,8.656936729159362,21.0,1,20.8,0.1999999999999993,20.5,21.5
2085.0,0.0,0.1999999999999993,8.656059028990507,21.0,1,20.8,0.1999999999999993,20.5,21.5
2086.0,0.0,0.1999999999999993,8.655180440612826,21.0,1,20.8,0.1999999999999993,20.5,21.5
2087.0,0.0,0.1999999999999993,8.654300965215796,21.0,1,20.8,0.1999999999999993,20.5,21.5
2088.0,0.0,0.1999999999999993,8.653420603990106,21.0,1,20.8,0.1999999999999993,20.5,21.5
2089.0,0.0,0.1999999999999993,8.652539358127632,21.0,1,20.8,0.1999999999999993,20.5,21.5
2090.0,0.0,0.1999999999999993,8.651657228821456,21.0,1,20.8,0.1999999999999993,20.5,21.5
2091.0,0.0,0.1999999999999993,8.650774217265852,21.0,1,20.8,0.1999999999999993,20.5,21.5
2092.0,0.0,0.1999999999999993,8.649890324656289,21.0,1,20.8,0.1999999999999993,20.5,21.5
2093.0,0.0,0.1999999999999993,8.649005552189431,21.0,1,20.8,0.1999999999999993,20.5,21.5
2094.0,0.0,0.1999999999999993,8.648119901063131,21.0,1,20.8,0.1999999999999993,20.5,21.5
2095.0,0.0,0.1999999999999993,8.647233372476432,21.0,1,20.8,0.1999999999999993,20.5,21.5
2096.0,0.0,0.1999999999999993,8.646345967629566,21.0,1,20.8,0.1999999999999993,20.5,21.5
2097.0,0.0,0.1999999999999993,8.645457687723951,21.0,1,20.8,0.1999999999999993,20.5,21.5
2098.0,0.0,0.1999999999999993,8.644568533962186,21.0,1,20.8,0.1999999999999993,20.5,21.5
2099.0,0.0,0.1999999999999993,8.643678507548062,21.0,1,20.8,0.1999999999999993,20.5,21.5
2100.0,0.0,0.1999999999999993,8.64278760968654,21.0,1,20.8,0.1999999999999993,20.5,21.5
2101.0,0.0,0.1999999999999993,8.641895841583768,21.0,1,20.8,0.1999999999999993,20.5,21.5
2102.0,0.0,0.1999999999999993,8.641003204447074,21.0,1,20.8,0.1999999999999993,20.5,21.5
2103.0,0.0,0.1999999999999993,8.640109699484956,21.0,1,20.8,0.1999999999999993,20.5,21.5
2104.0,0.0,0.1999999999999993,8.63921532790709,21.0,1,20.8,0.1999999999999993,20.5,21.5
2105.0,0.0,0.1999999999999993,8.638320090924328,21.0,1,20.8,0.1999999999999993,20.5,21.5
2106.0,0.0,0.1999999999999993,8.63742398974869,21.0,1,20.8,0.1999999999999993,20.5,21.5
2107.0,0.0,0.1999999999999993,8.636527025593367,21.0,1,20.8,0.1999999999999993,20.5,21.5
2108.0,0.0,0.1999999999999993,8.635629199672717,21.0,1,20.8,0.1999999999999993,20.5,21.5
2109.0,0.0,0.1999999999999993,8.634730513202268,21.0,1,20.8,0.1999999999999993,20.5,21.5
2110.0,0.0,0.1999999999999993,8.63383096739871,21.0,1,20.8,0.1999999999999993,20.5,21.5
2111.0,0.0,0.1999999999999993,8.6329305634799,21.0,1,20.8,0.1999999999999993,20.5,21.5
2112.0,0.0,0.1999999999999993,8.63202930266485,21.0,1,20.8,0.1999999999999993,20.5,21.5
2113.0,0.0,0.1999999999999993,8.631127186173742,21.0,1,20.8,0.1999999999999993,20.5,21.5
2114.0,0.0,0.1999999999999993,8.630224215227907,21.0,1,20.8,0.1999999999999993,20.5,21.5
2115.0,0.0,0.1999999999999993,8.629320391049838,21.0,1,20.8,0.1999999999999993,20.5,21.5
2116.0,0.0,0.1999999999999993,8.62841571486318,21.0,1,20.8,0.1999999999999993,20.5,21.5
2117.0,0.0,0.1999999999999993,8.627510187892739,21.0,1,20.8,0.1999999999999993,20.5,21.5
2118.0,0.0,0.1999999999999993,8.626603811364461,21.0,1,20.8,0.1999999999999993,20.5,21.5
2119.0,0.0,0.1999999999999993,8.625696586505452,21.0,1,20.8,0.1999999999999993,20.5,21.5
2120.0,0.0,0.1999999999999993,8.62478851454396,21.0,1,20.8,0.1999999999999993,20.5,21.5
2121.0,0.0,0.1999999999999993,8.623879596709386,21.0,1,20.8,0.1999999999999993,20.5,21.5
2122.0,0.0,0.1999999999999993,8.622969834232272,21.0,1,20.8,0.1999999999999993,20.5,21.5
2123.0,0.0,0.1999999999999993,8.622059228344304,21.0,1,20.8,0.1999999999999993,20.5,21.5
2124.0,0.0,0.1999999999999993,8.62114778027831,21.0,1,20.8,0.1999999999999993,20.5,21.5
2125.0,0.0,0.1999999999999993,8.62023549126826,21.0,1,20.8,0.1999999999999993,20.5,21.5
2126.0,0.0,0.1999999999999993,8.61932236254926,21.0,1,20.8,0.1999999999999993,20.5,21.5
2127.0,0.0,0.1999999999999993,8.618408395357555,21.0,1,20.8,0.1999999999999993,20.5,21.5
2128.0,0.0,0.1999999999999993,8.617493590930522,21.0,1,20.8,0.1999999999999993,20.5,21.5
2129.0,0.0,0.1999999999999993,8.616577950506674,21.0,1,20.8,0.1999999999999993,20.5,21.5
2130.0,0.0,0.1999999999999993,8.615661475325659,21.0,1,20.8,0.1999999999999993,20.5,21.5
2131.0,0.0,0.1999999999999993,8.614744166628247,21.0,1,20.8,0.1999999999999993,20.5,21.5
2132.0,0.0,0.1999999999999993,8.613826025656342,21.0,1,20.8,0.1999999999999993,20.5,21.5
2133.0,0.0,0.1999999999999993,8.612907053652977,21.0,1,20.8,0.1999999999999993,20.5,21.5
2134.0,0.0,0.1999999999999993,8.611987251862303,21.0,1,20.8,0.1999999999999993,20.5,21.5
2135.0,0.0,0.1999999999999993,8.6110666215296,21.0,1,20.8,0.1999999999999993,20.5,21.5
2136.0,0.0,0.1999999999999993,8.610145163901267,21.0,1,20.8,0.1999999999999993,20.5,21.5
2137.0,0.0,0.1999999999999993,8.609222880224827,21.0,1,20.8,0.1999999999999993,20.5,21.5
2138.0,0.0,0.1999999999999993,8.608299771748914,21.0,1,20.8,0.1999999999999993,20.5,21.5
2139.0,0.0,0.1999999999999993,8.607375839723286,21.0,1,20.8,0.1999999999999993,20.5,21.5
2140.0,0.0,0.1999999999999993,8.606451085398813,21.0,1,20.8,0.1999999999999993,20.5,21.5
2141.0,0.0,0.1999999999999993,8.605525510027478,21.0,1,20.8,0.1999999999999993,20.5,21.5
2142.0,0.0,0.1999999999999993,8.604599114862374,21.0,1,20.8,0.1999999999999993,20.5,21.5
2143.0,0.0,0.1999999999999993,8.603671901157709,21.0,1,20.8,0.1999999999999993,20.5,21.5
2144.0,0.0,0.1999999999999993,8.602743870168794,21.0,1,20.8,0.1999999999999993,20.5,21.5
2145.0,0.0,0.1999999999999993,8.601815023152048,21.0,1,20.8,0.1999999999999993,20.5,21.5
2146.0,0.0,0.1999999999999993,8.600885361364996,21.0,1,20.8,0.1999999999999993,20.5,21.5
2147.0,0.0,0.1999999999999993,8.599954886066266,21.0,1,20.8,0.1999999999999993,20.5,21.5
2148.0,0.0,0.1999999999999993,8.599023598515586,21.0,1,20.8,0.1999999999999993,20.5,21.5
2149.0,0.0,0.1999999999999993,8.598091499973783,21.0,1,20.8,0.1999999999999993,20.5,21.5
2150.0,0.0,0.1999999999999993,8.597158591702787,21.0,1,20.8,0.1999999999999993,20.5,21.5
2151.0,0.0,0.1999999999999993,8.596224874965616,21.0,1,20.8,0.1999999999999993,20.5,21.5
2152.0,0.0,0.1999999999999993,8.59529035102639,21.0,1,20.8,0.1999999999999993,20.5,21.5
2153.0,0.0,0.1999999999999993,8.594355021150317,21.0,1,20.8,0.1999999999999993,20.5,21.5
2154.0,0.0,0.1999999999999993,8.593418886603702,21.0,1,20.8,0.1999999999999993,20.5,21.5
2155.0,0.0,0.1999999999999993,8.59248194865393,21.0,1,20.8,0.1999999999999993,20.5,21.5
2156.0,0.0,0.1999999999999993,8.591544208569484,21.0,1,20.8,0.1999999999999993,20.5,21.5
2157.0,0.0,0.1999999999999993,8.590605667619926,21.0,1,20.8,0.1999999999999993,20.5,21.5
2158.0,0.0,0.1999999999999993,8.589666327075903,21.0,1,20.8,0.1999999999999993,20.5,21.5
2159.0,0.0,0.1999999999999993,8.588726188209149,21.0,1,20.8,0.1999999999999993,20.5,21.5
2160.0,0.0,0.1999999999999993,8.587785252292473,21.0,1,20.8,0.1999999999999993,20.5,21.5
2161.0,0.0,0.1999999999999993,8.586843520599768,21.0,1,20.8,0.1999999999999993,20.5,21.5
2162.0,0.0,0.1999999999999993,8.585900994406,21.0,1,20.8,0.1999999999999993,20.5,21.5
2163.0,0.0,0.1999999999999993,8.584957674987216,21.0,1,20.8,0.1999999999999993,20.5,21.5
2164.0,0.0,0.1999999999999993,8.58401356362053,21.0,1,20.8,0.1999999999999993,20.5,21.5
2165.0,0.0,0.1999999999999993,8.583068661584134,21.0,1,20.8,0.1999999999999993,20.5,21.5
2166.0,0.0,0.1999999999999993,8.58212297015729,21.0,1,20.8,0.1999999999999993,20.5,21.5
2167.0,0.0,0.1999999999999993,8.581176490620324,21.0,1,20.8,0.1999999999999993,20.5,21.5
2168.0,0.0,0.1999999999999993,8.580229224254634,21.0,1,20.8,0.1999999999999993,20.5,21.5
2169.0,0.0,0.1999999999999993,8.579281172342679,21.0,1,20.8,0.1999999999999993,20.5,21.5
2170.0,0.0,0.1999999999999993,8.578332336167986,21.0,1,20.8,0.1999999999999993,20.5,21.5
2171.0,0.0,0.1999999999999993,8.577382717015142,21.0,1,20.8,0.1999999999999993,20.5,21.5
2172.0,0.0,0.1999999999999993,8.576432316169793,21.0,1,20.8,0.1999999999999993,20.5,21.5
2173.0,0.0,0.1999999999999993,8.575481134918643,21.0,1,20.8,0.1999999999999993,20.5,21.5
2174.0,0.0,0.1999999999999993,8.574529174549456,21.0,1,20.8,0.1999999999999993,20.5,21.5
2175.0,0.0,0.1999999999999993,8.573576436351045,21.0,1,20.8,0.1999999999999993,20.5,21.5
2176.0,0.0,0.1999999999999993,8.572622921613283,21.0,1,20.8,0.1999999999999993,20.5,21.5
2177.0,0.0,0.1999999999999993,8.57166863162709,21.0,1,20.8,0.1999999999999993,20.5,21.5
2178.0,0.0,0.1999999999999993,8.570713567684432,21.0,1,20.8,0.1999999999999993,20.5,21.5
2179.0,0.0,0.1999999999999993,8.569757731078331,21.0,1,20.8,0.1999999999999993,20.5,21.5
2180.0,0.0,0.1999999999999993,8.568801123102851,21.0,1,20.8,0.1999999999999993,20.5,21.5
2181.0,0.0,0.1999999999999993,8.567843745053102,21.0,1,20.8,0.1999999999999993,20.5,21.5
2182.0,0.0,0.1999999999999993,8.56688559822523,21.0,1,20.8,0.1999999999999993,20.5,21.5
2183.0,0.0,0.1999999999999993,8.565926683916434,21.0,1,20.8,0.1999999999999993,20.5,21.5
2184.0,0.0,0.1999999999999993,8.564967003424938,21.0,1,20.8,0.1999999999999993,20.5,21.5
2185.0,0.0,0.1999999999999993,8.564006558050014,21.0,1,20.8,0.1999999999999993,20.5,21.5
2186.0,0.0,0.1999999999999993,8.563045349091967,21.0,1,20.8,0.1999999999999993,20.5,21.5
2187.0,0.0,0.1999999999999993,8.562083377852131,21.0,1,20.8,0.1999999999999993,20.5,21.5
2188.0,0.0,0.1999999999999993,8.561120645632878,21.0,1,20.8,0.1999999999999993,20.5,21.5
2189.0,0.0,0.1999999999999993,8.560157153737608,21.0,1,20.8,0.1999999999999993,20.5,21.5
2190.0,0.0,0.1999999999999993,8.559192903470747,21.0,1,20.8,0.1999999999999993,20.5,21.5
2191.0,0.0,0.1999999999999993,8.558227896137753,21.0,1,20.8,0.1999999999999993,20.5,21.5
2192.0,0.0,0.1999999999999993,8.557262133045104,21.0,1,20.8,0.1999999999999993,20.5,21.5
2193.0,0.0,0.1999999999999993,8.556295615500305,21.0,1,20.8,0.1999999999999993,20.5,21.5
2194.0,0.0,0.1999999999999993,8.55532834481188,21.0,1,20.8,0.1999999999999993,20.5,21.5
2195.0,0.0,0.1999999999999993,8.554360322289371,21.0,1,20.8,0.1999999999999993,20.5,21.5
2196.0,0.0,0.1999999999999993,8.553391549243344,21.0,1,20.8,0.1999999999999993,20.5,21.5
2197.0,0.0,0.1999999999999993,8.552422026985376,21.0,1,20.8,0.1999999999999993,20.5,21.5
2198.0,0.0,0.1999999999999993,8.551451756828056,21.0,1,20.8,0.1999999999999993,20.5,21.5
2199.0,0.0,0.1999999999999993,8.550480740084996,21.0,1,20.8,0.1999999999999993,20.5,21.5
2200.0,0.0,0.1999999999999993,8.549508978070806,21.0,1,20.8,0.1999999999999993,20.5,21.5
2201.0,0.0,0.1999999999999993,8.548536472101114,21.0,1,20.8,0.1999999999999993,20.5,21.5
2202.0,0.0,0.1999999999999993,8.547563223492551,21.0,1,20.8,0.1999999999999993,20.5,21.5
2203.0,0.0,0.1999999999999993,8.546589233562754,21.0,1,20.8,0.1999999999999993,20.5,21.5
2204.0,0.0,0.1999999999999993,8.545614503630365,21.0,1,20.8,0.1999999999999993,20.5,21.5
2205.0,0.0,0.1999999999999993,8.544639035015027,21.0,1,20.8,0.1999999999999993,20.5,21.5
2206.0,0.0,0.1999999999999993,8.543662829037384,21.0,1,20.8,0.1999999999999993,20.5,21.5
2207.0,0.0,0.1999999999999993,8.542685887019076,21.0,1,20.8,0.1999999999999993,20.5,21.5
2208.0,0.0,0.1999999999999993,8.54170821028274,21.0,1,20.8,0.1999999999999993,20.5,21.5
2209.0,0.0,0.1999999999999993,8.540729800152011,21.0,1,20.8,0.1999999999999993,20.5,21.5
2210.0,0.0,0.1999999999999993,8.539750657951513,21.0,1,20.8,0.1999999999999993,20.5,21.5
2211.0,0.0,0.1999999999999993,8.538770785006863,21.0,1,20.8,0.1999999999999993,20.5,21.5
2212.0,0.0,0.1999999999999993,8.537790182644667,21.0,1,20.8,0.1999999999999993,20.5,21.5
2213.0,0.0,0.1999999999999993,8.536808852192518,21.0,1,20.8,0.1999999999999993,20.5,21.5
2214.0,0.0,0.1999999999999993,8.535826794978997,21.0,1,20.8,0.1999999999999993,20.5,21.5
2215.0,0.0,0.1999999999999993,8.534844012333664,21.0,1,20.8,0.1999999999999993,20.5,21.5
2216.0,0.0,0.1999999999999993,8.533860505587068,21.0,1,20.8,0.1999999999999993,20.5,21.5
2217.0,0.0,0.1999999999999993,8.53287627607073,21.0,1,20.8,0.1999999999999993,20.5,21.5
2218.0,0.0,0.1999999999999993,8.531891325117158,21.0,1,20.8,0.1999999999999993,20.5,21.5
2219.0,0.0,0.1999999999999993,8.530905654059831,21.0,1,20.8,0.1999999999999993,20.5,21.5
2220.0,0.0,0.1999999999999993,8.529919264233206,21.0,1,20.8,0.1999999999999993,20.5,21.5
2221.0,0.0,0.1999999999999993,8.52893215697271,21.0,1,20.8,0.1999999999999993,20.5,21.5
2222.0,0.0,0.1999999999999993,8.527944333614743,21.0,1,20.8,0.1999999999999993,20.5,21.5
2223.0,0.0,0.1999999999999993,8.526955795496677,21.0,1,20.8,0.1999999999999993,20.5,21.5
2224.0,0.0,0.1999999999999993,8.525966543956848,21.0,1,20.8,0.1999999999999993,20.5,21.5
2225.0,0.0,0.1999999999999993,8.52497658033456,21.0,1,20.8,0.1999999999999993,20.5,21.5
2226.0,0.0,0.1999999999999993,8.523985905970079,21.0,1,20.8,0.1999999999999993,20.5,21.5
2227.0,0.0,0.1999999999999993,8.522994522204636,21.0,1,20.8,0.1999999999999993,20.5,21.5
2228.0,0.0,0.1999999999999993,8.522002430380418,21.0,1,20.8,0.1999999999999993,20.5,21.5
2229.0,0.0,0.1999999999999993,8.521009631840577,21.0,1,20.8,0.1999999999999993,20.5,21.5
2230.0,0.0,0.1999999999999993,8.520016127929216,21.0,1,20.8,0.1999999999999993,20.5,21.5
2231.0,0.0,0.1999999999999993,8.519021919991395,21.0,1,20.8,0.1999999999999993,20.5,21.5
2232.0,0.0,0.1999999999999993,8.51802700937313,21.0,1,20.8,0.1999999999999993,20.5,21.5
2233.0,0.0,0.1999999999999993,8.517031397421384,21.0,1,20.8,0.1999999999999993,20.5,21.5
2234.0,0.0,0.1999999999999993,8.516035085484072,21.0,1,20.8,0.1999999999999993,20.5,21.5
2235.0,0.0,0.1999999999999993,8.515038074910054,21.0,1,20.8,0.1999999999999993,20.5,21.5
2236.0,0.0,0.1999999999999993,8.514040367049141,21.0,1,20.8,0.1999999999999993,20.5,21.5
2237.0,0.0,0.1999999999999993,8.513041963252082,21.0,1,20.8,0.1999999999999993,20.5,21.5
2238.0,0.0,0.1999999999999993,8.51204286487057,21.0,1,20.8,0.1999999999999993,20.5,21.5
2239.0,0.0,0.1999999999999993,8.511043073257245,21.0,1,20.8,0.1999999999999993,20.5,21.5
2240.0,0.0,0.1999999999999993,8.510042589765675,21.0,1,20.8,0.1999999999999993,20.5,21.5
2241.0,0.0,0.1999999999999993,8.50904141575037,21.0,1,20.8,0.1999999999999993,20.5,21.5
2242.0,0.0,0.1999999999999993,8.508039552566778,21.0,1,20.8,0.1999999999999993,20.5,21.5
2243.0,0.0,0.1999999999999993,8.507037001571273,21.0,1,20.8,0.1999999999999993,20.5,21.5
2244.0,0.0,0.1999999999999993,8.506033764121163,21.0,1,20.8,0.1999999999999993,20.5,21.5
2245.0,0.0,0.1999999999999993,8.50502984157469,21.0,1,20.8,0.1999999999999993,20.5,21.5
2246.0,0.0,0.1999999999999993,8.504025235291017,21.0,1,20.8,0.1999999999999993,20.5,21.5
2247.0,0.0,0.1999999999999993,8.503019946630236,21.0,1,20.8,0.1999999999999993,20.5,21.5
2248.0,0.0,0.1999999999999993,8.50201397695336,21.0,1,20.8,0.1999999999999993,20.5,21.5
2249.0,0.0,0.1999999999999993,8.501007327622329,21.0,1,20.8,0.1999999999999993,20.5,21.5
2250.0,0.0,0.1999999999999993,8.5,21.0,1,20.8,0.1999999999999993,20.5,21.5
2251.0,0.0,0.1999999999999993,8.498991995450147,21.0,1,20.8,0.1999999999999993,20.5,21.5
2252.0,0.0,0.1999999999999993,8.497983315337464,21.0,1,20.8,0.1999999999999993,20.5,21.5
2253.0,0.0,0.1999999999999993,8.496973961027555,21.0,1,20.8,0.1999999999999993,20.5,21.5
2254.0,0.0,0.1999999999999993,8.495963933886943,21.0,1,20.8,0.1999999999999993,20.5,21.5
2255.0,0.0,0.1999999999999993,8.494953235283054,21.0,1,20.8,0.1999999999999993,20.5,21.5
2256.0,0.0,0.1999999999999993,8.493941866584231,21.0,1,20.8,0.1999999999999993,20.5,21.5
2257.0,0.0,0.1999999999999993,8.492929829159719,21.0,1,20.8,0.1999999999999993,20.5,21.5
2258.0,0.0,0.1999999999999993,8.49191712437967,21.0,1,20.8,0.1999999999999993,20.5,21.5
2259.0,0.0,0.1999999999999993,8.490903753615141,21.0,1,20.8,0.1999999999999993,20.5,21.5
2260.0,0.0,0.1999999999999993,8.489889718238087,21.0,1,20.8,0.1999999999999993,20.5,21.5
2261.0,0.0,0.1999999999999993,8.488875019621366,21.0,1,20.8,0.1999999999999993,20.5,21.5
2262.0,0.0,0.1999999999999993,8.487859659138733,21.0,1,20.8,0.1999999999999993,20.5,21.5
2263.0,0.0,0.1999999999999993,8.486843638164839,21.0,1,20.8,0.1999999999999993,20.5,21.5
2264.0,0.0,0.1999999999999993,8.485826958075227,21.0,1,20.8,0.1999999999999993,20.5,21.5
2265.0,0.0,0.1999999999999993,8.484809620246336,21.0,1,20.8,0.1999999999999993,20.5,21.5
2266.0,0.0,0.1999999999999993,8.483791626055496,21.0,1,20.8,0.1999999999999993,20.5,21.5
2267.0,0.0,0.1999999999999993,8.482772976880922,21.0,1,20.8,0.1999999999999993,20.5,21.5
2268.0,0.0,0.1999999999999993,8.481753674101714,21.0,1,20.8,0.1999999999999993,20.5,21.5
2269.0,0.0,0.1999999999999993,8.480733719097866,21.0,1,20.8,0.1999999999999993,20.5,21.5
2270.0,0.0,0.1999999999999993,8.479713113250247,21.0,1,20.8,0.1999999999999993,20.5,21.5
2271.0,0.0,0.1999999999999993,8.478691857940607,21.0,1,20.8,0.1999999999999993,20.5,21.5
2272.0,0.0,0.1999999999999993,8.47766995455158,21.0,1,20.8,0.1999999999999993,20.5,21.5
2273.0,0.0,0.1999999999999993,8.476647404466675,21.0,1,20.8,0.1999999999999993,20.5,21.5
2274.0,0.0,0.1999999999999993,8.475624209070276,21.0,1,20.8,0.1999999999999993,20.5,21.5
2275.0,0.0,0.1999999999999993,8.474600369747641,21.0,1,20.8,0.1999999999999993,20.5,21.5
2276.0,0.0,0.1999999999999993,8.4735758878849,21.0,1,20.8,0.1999999999999993,20.5,21.5
2277.0,0.0,0.1999999999999993,8.472550764869053,21.0,1,20.8,0.1999999999999993,20.5,21.5
2278.0,0.0,0.1999999999999993,8.47152500208797,21.0,1,20.8,0.1999999999999993,20.5,21.5
2279.0,0.0,0.1999999999999993,8.470498600930384,21.0,1,20.8,0.1999999999999993,20.5,21.5
2280.0,0.0,0.1999999999999993,8.469471562785891,21.0,1,20.8,0.1999999999999993,20.5,21.5
2281.0,0.0,0.1999999999999993,8.468443889044954,21.0,1,20.8,0.1999999999999993,20.5,21.5
2282.0,0.0,0.1999999999999993,8.467415581098894,21.0,1,20.8,0.1999999999999993,20.5,21.5
2283.0,0.0,0.1999999999999993,8.466386640339891,21.0,1,20.8,0.1999999999999993,20.5,21.5
2284.0,0.0,0.1999999999999993,8.465357068160982,21.0,1,20.8,0.1999999999999993,20.5,21.5
2285.0,0.0,0.1999999999999993,8.464326865956057,21.0,1,20.8,0.1999999999999993,20.5,21.5
2286.0,0.0,0.1999999999999993,8.463296035119862,21.0,1,20.8,0.1999999999999993,20.5,21.5
2287.0,0.0,0.1999999999999993,8.462264577047991,21.0,1,20.8,0.1999999999999993,20.5,21.5
2288.0,0.0,0.1999999999999993,8.46123249313689,21.0,1,20.8,0.1999999999999993,20.5,21.5
2289.0,0.0,0.1999999999999993,8.460199784783851,21.0,1,20.8,0.1999999999999993,20.5,21.5
2290.0,0.0,0.1999999999999993,8.459166453387011,21.0,1,20.8,0.1999999999999993,20.5,21.5
2291.0,0.0,0.1999999999999993,8.458132500345352,21.0,1,20.8,0.1999999999999993,20.5,21.5
2292.0,0.0,0.1999999999999993,8.457097927058694,21.0,1,20.8,0.1999999999999993,20.5,21.5
2293.0,0.0,0.1999999999999993,8.456062734927702,21.0,1,20.8,0.1999999999999993,20.5,21.5
2294.0,0.0,0.1999999999999993,8.455026925353874,21.0,1,20.8,0.1999999999999993,20.5,21.5
2295.0,0.0,0.1999999999999993,8.453990499739547,21.0,1,20.8,0.1999999999999993,20.5,21.5
2296.0,0.0,0.1999999999999993,8.45295345948789,21.0,1,20.8,0.1999999999999993,20.5,21.5
2297.0,0.0,0.1999999999999993,8.451915806002908,21.0,1,20.8,0.1999999999999993,20.5,21.5
2298.0,0.0,0.1999999999999993,8.450877540689431,21.0,1,20.8,0.1999999999999993,20.5,21.5
2299.0,0.0,0.1999999999999993,8.44983866495312,21.0,1,20.8,0.1999999999999993,20.5,21.5
2300.0,0.0,0.1999999999999993,8.448799180200462,21.0,1,20.8,0.1999999999999993,20.5,21.5
2301.0,0.0,0.1999999999999993,8.44775908783877,21.0,1,20.8,0.1999999999999993,20.5,21.5
2302.0,0.0,0.1999999999999993,8.446718389276176,21.0,1,20.8,0.1999999999999993,20.5,21.5
2303.0,0.0,0.1999999999999993,8.445677085921638,21.0,1,20.8,0.1999999999999993,20.5,21.5
2304.0,0.0,0.1999999999999993,8.444635179184928,21.0,1,20.8,0.1999999999999993,20.5,21.5
2305.0,0.0,0.1999999999999993,8.443592670476635,21.0,1,20.8,0.1999999999999993,20.5,21.5
2306.0,0.0,0.1999999999999993,8.44254956120817,21.0,1,20.8,0.1999999999999993,20.5,21.5
2307.0,0.0,0.1999999999999993,8.441505852791746,21.0,1,20.8,0.1999999999999993,20.5,21.5
2308.0,0.0,0.1999999999999993,8.440461546640394,21.0,1,20.8,0.1999999999999993,20.5,21.5
2309.0,0.0,0.1999999999999993,8.439416644167958,21.0,1,20.8,0.1999999999999993,20.5,21.5
2310.0,0.0,0.1999999999999993,8.438371146789077,21.0,1,20.8,0.1999999999999993,20.5,21.5
2311.0,0.0,0.1999999999999993,8.437325055919208,21.0,1,20.8,0.1999999999999993,20.5,21.5
2312.0,0.0,0.1999999999999993,8.436278372974607,21.0,1,20.8,0.1999999999999993,20.5,21.5
2313.0,0.0,0.1999999999999993,8.435231099372327,21.0,1,20.8,0.1999999999999993,20.5,21.5
2314.0,0.0,0.1999999999999993,8.43418323653023,21.0,1,20.8,0.1999999999999993,20.5,21.5
2315.0,0.0,0.1999999999999993,8.433134785866963,21.0,1,20.8,0.1999999999999993,20.5,21.5
2316.0,0.0,0.1999999999999993,8.432085748801983,21.0,1,20.8,0.1999999999999993,20.5,21.5
2317.0,0.0,0.1999999999999993,8.431036126755531,21.0,1,20.8,0.1999999999999993,20.5,21.5
2318.0,0.0,0.1999999999999993,8.429985921148642,21.0,1,20.8,0.1999999999999993,20.5,21.5
2319.0,0.0,0.1999999999999993,8.428935133403145,21.0,1,20.8,0.1999999999999993,20.5,21.5
2320.0,0.0,0.1999999999999993,8.427883764941654,21.0,1,20.8,0.1999999999999993,20.5,21.5
2321.0,0.0,0.1999999999999993,8.426831817187567,21.0,1,20.8,0.1999999999999993,20.5,21.5
2322.0,0.0,0.1999999999999993,8.425779291565073,21.0,1,20.8,0.1999999999999993,20.5,21.5
2323.0,0.0,0.1999999999999993,8.424726189499134,21.0,1,20.8,0.1999999999999993,20.5,21.5
2324.0,0.0,0.1999999999999993,8.423672512415502,21.0,1,20.8,0.1999999999999993,20.5,21.5
2325.0,0.0,0.1999999999999993,8.4226182617407,21.0,1,20.8,0.1999999999999993,20.5,21.5
2326.0,0.0,0.1999999999999993,8.42156343890203,21.0,1,20.8,0.1999999999999993,20.5,21.5
2327.0,0.0,0.1999999999999993,8.420508045327574,21.0,1,20.8,0.1999999999999993,20.5,21.5
2328.0,0.0,0.1999999999999993,8.419452082446178,21.0,1,20.8,0.1999999999999993,20.5,21.5
2329.0,0.0,0.1999999999999993,8.418395551687462,21.0,1,20.8,0.1999999999999993,20.5,21.5
2330.0,0.0,0.1999999999999993,8.417338454481818,21.0,1,20.8,0.1999999999999993,20.5,21.5
2331.0,0.0,0.1999999999999993,8.416280792260402,21.0,1,20.8,0.1999999999999993,20.5,21.5
2332.0,0.0,0.1999999999999993,8.415222566455133,21.0,1,20.8,0.1999999999999993,20.5,21.5
2333.0,0.0,0.1999999999999993,8.414163778498699,21.0,1,20.8,0.1999999999999993,20.5,21.5
2334.0,0.0,0.1999999999999993,8.413104429824543,21.0,1,20.8,0.1999999999999993,20.5,21.5
2335.0,0.0,0.1999999999999993,8.412044521866868,21.0,1,20.8,0.1999999999999993,20.5,21.5
2336.0,0.0,0.1999999999999993,8.41098405606064,21.0,1,20.8,0.1999999999999993,20.5,21.5
2337.0,0.0,0.1999999999999993,8.409923033841572,21.0,1,20.8,0.1999999999999993,20.5,21.5
2338.0,0.0,0.1999999999999993,8.408861456646138,21.0,1,20.8,0.1999999999999993,20.5,21.5
2339.0,0.0,0.1999999999999993,8.407799325911556,21.0,1,20.8,0.1999999999999993,20.5,21.5
2340.0,0.0,0.1999999999999993,8.406736643075801,21.0,1,20.8,0.1999999999999993,20.5,21.5
2341.0,0.0,0.1999999999999993,8.405673409577588,21.0,1,20.8,0.1999999999999993,20.5,21.5
2342.0,0.0,0.1999999999999993,8.40460962685638,21.0,1,20.8,0.1999999999999993,20.5,21.5
2343.0,0.0,0.1999999999999993,8.403545296352391,21.0,1,20.8,0.1999999999999993,20.5,21.5
2344.0,0.0,0.1999999999999993,8.402480419506563,21.0,1,20.8,0.1999999999999993,20.5,21.5
2345.0,0.0,0.1999999999999993,8.40141499776059,21.0,1,20.8,0.1999999999999993,20.5,21.5
2346.0,0.0,0.1999999999999993,8.400349032556894,21.0,1,20.8,0.1999999999999993,20.5,21.5
2347.0,0.0,0.1999999999999993,8.399282525338643,21.0,1,20.8,0.1999999999999993,20.5,21.5
2348.0,0.0,0.1999999999999993,8.398215477549728,21.0,1,20.8,0.1999999999999993,20.5,21.5
2349.0,0.0,0.1999999999999993,8.39714789063478,21.0,1,20.8,0.1999999999999993,20.5,21.5
2350.0,0.0,0.1999999999999993,8.396079766039158,21.0,1,20.8,0.1999999999999993,20.5,21.5
2351.0,0.0,0.1999999999999993,8.395011105208942,21.0,1,20.8,0.1999999999999993,20.5,21.5
2352.0,0.0,0.1999999999999993,8.393941909590952,21.0,1,20.8,0.1999999999999993,20.5,21.5
2353.0,0.0,0.1999999999999993,8.392872180632716,21.0,1,20.8,0.1999999999999993,20.5,21.5
2354.0,0.0,0.1999999999999993,8.391801919782498,21.0,1,20.8,0.1999999999999993,20.5,21.5
2355.0,0.0,0.1999999999999993,8.390731128489275,21.0,1,20.8,0.1999999999999993,20.5,21.5
2356.0,0.0,0.1999999999999993,8.389659808202738,21.0,1,20.8,0.1999999999999993,20.5,21.5
2357.0,0.0,0.1999999999999993,8.388587960373306,21.0,1,20.8,0.1999999999999993,20.5,21.5
2358.0,0.0,0.1999999999999993,8.387515586452103,21.0,1,20.8,0.1999999999999993,20.5,21.5
2359.0,0.0,0.1999999999999993,8.386442687890968,21.0,1,20.8,0.1999999999999993,20.5,21.5
2360.0,0.0,0.1999999999999993,8.385369266142447,21.0,1,20.8,0.1999999999999993,20.5,21.5
2361.0,0.0,0.1999999999999993,8.384295322659804,21.0,1,20.8,0.1999999999999993,20.5,21.5
2362.0,0.0,0.1999999999999993,8.383220858896998,21.0,1,20.8,0.1999999999999993,20.5,21.5
2363.0,0.0,0.1999999999999993,8.382145876308698,21.0,1,20.8,0.1999999999999993,20.5,21.5
2364.0,0.0,0.1999999999999993,8.381070376350275,21.0,1,20.8,0.1999999999999993,20.5,21.5
2365.0,0.0,0.1999999999999993,8.379994360477799,21.0,1,20.8,0.1999999999999993,20.5,21.5
2366.0,0.0,0.1999999999999993,8.37891783014804,21.0,1,20.8,0.1999999999999993,20.5,21.5
2367.0,0.0,0.1999999999999993,8.377840786818467,21.0,1,20.8,0.1999999999999993,20.5,21.5
2368.0,0.0,0.1999999999999993,8.376763231947237,21.0,1,20.8,0.1999999999999993,20.5,21.5
2369.0,0.0,0.1999999999999993,8.375685166993204,21.0,1,20.8,0.1999999999999993,20.5,21.5
2370.0,0.0,0.1999999999999993,8.374606593415912,21.0,1,20.8,0.1999999999999993,20.5,21.5
2371.0,0.0,0.1999999999999993,8.373527512675594,21.0,1,20.8,0.1999999999999993,20.5,21.5
2372.0,0.0,0.1999999999999993,8.372447926233166,21.0,1,20.8,0.1999999999999993,20.5,21.5
2373.0,0.0,0.1999999999999993,8.371367835550235,21.0,1,20.8,0.1999999999999993,20.5,21.5
2374.0,0.0,0.1999999999999993,8.370287242089086,21.0,1,20.8,0.1999999999999993,20.5,21.5
2375.0,0.0,0.1999999999999993,8.369206147312685,21.0,1,20.8,0.1999999999999993,20.5,21.5
2376.0,0.0,0.1999999999999993,8.368124552684678,21.0,1,20.8,0.1999999999999993,20.5,21.5
2377.0,0.0,0.1999999999999993,8.367042459669388,21.0,1,20.8,0.1999999999999993,20.5,21.5
2378.0,0.0,0.1999999999999993,8.365959869731812,21.0,1,20.8,0.1999999999999993,20.5,21.5
2379.0,0.0,0.1999999999999993,8.36487678433762,21.0,1,20.8,0.1999999999999993,20.5,21.5
2380.0,0.0,0.1999999999999993,8.363793204953152,21.0,1,20.8,0.1999999999999993,20.5,21.5
2381.0,0.0,0.1999999999999993,8.362709133045417,21.0,1,20.8,0.1999999999999993,20.5,21.5
2382.0,0.0,0.1999999999999993,8.361624570082093,21.0,1,20.8,0.1999999999999993,20.5,21.5
2383.0,0.0,0.1999999999999993,8.36053951753152,21.0,1,20.8,0.1999999999999993,20.5,21.5
2384.0,0.0,0.1999999999999993,8.3594539768627,21.0,1,20.8,0.1999999999999993,20.5,21.5
2385.0,0.0,0.1999999999999993,8.3583679495453,21.0,1,20.8,0.1999999999999993,20.5,21.5
2386.0,0.0,0.1999999999999993,8.357281437049645,21.0,1,20.8,0.1999999999999993,20.5,21.5
2387.0,0.0,0.1999999999999993,8.35619444084671,21.0,1,20.8,0.1999999999999993,20.5,21.5
2388.0,0.0,0.1999999999999993,8.355106962408136,21.0,1,20.8,0.1999999999999993,20.5,21.5
2389.0,0.0,0.1999999999999993,8.35401900320621,21.0,1,20.8,0.1999999999999993,20.5,21.5
2390.0,0.0,0.1999999999999993,8.35293056471387,21.0,1,20.8,0.1999999999999993,20.5,21.5
2391.0,0.0,0.1999999999999993,8.351841648404703,21.0,1,20.8,0.1999999999999993,20.5,21.5
2392.0,0.0,0.1999999999999993,8.350752255752944,21.0,1,20.8,0.1999999999999993,20.5,21.5
2393.0,0.0,0.1999999999999993,8.349662388233474,21.0,1,20.8,0.1999999999999993,20.5,21.5
2394.0,0.0,0.1999999999999993,8.348572047321815,21.0,1,20.8,0.1999999999999993,20.5,21.5
2395.0,0.0,0.1999999999999993,8.347481234494131,21.0,1,20.8,0.1999999999999993,20.5,21.5
2396.0,0.0,0.1999999999999993,8.346389951227225,21.0,1,20.8,0.1999999999999993,20.5,21.5
2397.0,0.0,0.1999999999999993,8.345298198998535,21.0,1,20.8,0.1999999999999993,20.5,21.5
2398.0,0.0,0.1999999999999993,8.344205979286135,21.0,1,20.8,0.1999999999999993,20.5,21.5
2399.0,0.0,0.1999999999999993,8.343113293568734,21.0,1,20.8,0.1999999999999993,20.5,21.5
2400.0,0.0,0.1999999999999993,8.34202014332567,21.0,1,20.8,0.1999999999999993,20.5,21.5
2401.0,0.0,0.1999999999999993,8.340926530036906,21.0,1,20.8,0.1999999999999993,20.5,21.5
2402.0,0.0,0.1999999999999993,8.339832455183041,21.0,1,20.8,0.1999999999999993,20.5,21.5
2403.0,0.0,0.1999999999999993,8.338737920245292,21.0,1,20.8,0.1999999999999993,20.5,21.5
2404.0,0.0,0.1999999999999993,8.337642926705499,21.0,1,20.8,0.1999999999999993,20.5,21.5
2405.0,0.0,0.1999999999999993,8.336547476046126,21.0,1,20.8,0.1999999999999993,20.5,21.5
2406.0,0.0,0.1999999999999993,8.335451569750255,21.0,1,20.8,0.1999999999999993,20.5,21.5
2407.0,0.0,0.1999999999999993,8.334355209301583,21.0,1,20.8,0.1999999999999993,20.5,21.5
2408.0,0.0,0.1999999999999993,8.333258396184425,21.0,1,20.8,0.1999999999999993,20.5,21.5
2409.0,0.0,0.1999999999999993,8.332161131883703,21.0,1,20.8,0.1999999999999993,20.5,21.5
2410.0,0.0,0.1999999999999993,8.331063417884959,21.0,1,20.8,0.1999999999999993,20.5,21.5
2411.0,0.0,0.1999999999999993,8.329965255674335,21.0,1,20.8,0.1999999999999993,20.5,21.5
2412.0,0.0,0.1999999999999993,8.328866646738584,21.0,1,20.8,0.1999999999999993,20.5,21.5
2413.0,0.0,0.1999999999999993,8.327767592565063,21.0,1,20.8,0.1999999999999993,20.5,21.5
2414.0,0.0,0.1999999999999993,8.326668094641734,21.0,1,20.8,0.1999999999999993,20.5,21.5
2415.0,0.0,0.1999999999999993,8.325568154457157,21.0,1,20.8,0.1999999999999993,20.5,21.5
2416.0,0.0,0.1999999999999993,8.32446777350049,21.0,1,20.8,0.1999999999999993,20.5,21.5
2417.0,0.0,0.1999999999999993,8.323366953261491,21.0,1,20.8,0.1999999999999993,20.5,21.5
2418.0,0.0,0.1999999999999993,8.322265695230511,21.0,1,20.8,0.1999999999999993,20.5,21.5
2419.0,0.0,0.1999999999999993,8.321164000898493,21.0,1,20.8,0.1999999999999993,20.5,21.5
2420.0,0.0,0.1999999999999993,8.320061871756971,21.0,1,20.8,0.1999999999999993,20.5,21.5
2421.0,0.0,0.1999999999999993,8.318959309298071,21.0,1,20.8,0.1999999999999993,20.5,21.5
2422.0,0.0,0.1999999999999993,8.317856315014499,21.0,1,20.8,0.1999999999999993,20.5,21.5
2423.0,0.0,0.1999999999999993,8.31675289039955,21.0,1,20.8,0.1999999999999993,20.5,21.5
2424.0,0.0,0.1999999999999993,8.315649036947102,21.0,1,20.8,0.1999999999999993,20.5,21.5
2425.0,0.0,0.1999999999999993,8.314544756151614,21.0,1,20.8,0.1999999999999993,20.5,21.5
2426.0,0.0,0.1999999999999993,8.31344004950812,21.0,1,20.8,0.1999999999999993,20.5,21.5
2427.0,0.0,0.1999999999999993,8.312334918512233,21.0,1,20.8,0.1999999999999993,20.5,21.5
2428.0,0.0,0.1999999999999993,8.31122936466014,21.0,1,20.8,0.1999999999999993,20.5,21.5
2429.0,0.0,0.1999999999999993,8.310123389448602,21.0,1,20.8,0.1999999999999993,20.5,21.5
2430.0,0.0,0.1999999999999993,8.309016994374948,21.0,1,20.8,0.1999999999999993,20.5,21.5
2431.0,0.0,0.1999999999999993,8.307910180937077,21.0,1,20.8,0.1999999999999993,20.5,21.5
2432.0,0.0,0.1999999999999993,8.306802950633452,21.0,1,20.8,0.1999999999999993,20.5,21.5
2433.0,0.0,0.1999999999999993,8.305695304963105,21.0,1,20.8,0.1999999999999993,20.5,21.5
2434.0,0.0,0.1999999999999993,8.304587245425628,21.0,1,20.8,0.1999999999999993,20.5,21.5
2435.0,0.0,0.1999999999999993,8.30347877352117,21.0,1,20.8,0.1999999999999993,20.5,21.5
2436.0,0.0,0.1999999999999993,8.302369890750445,21.0,1,20.8,0.1999999999999993,20.5,21.5
2437.0,0.0,0.1999999999999993,8.301260598614716,21.0,1,20.8,0.1999999999999993,20.5,21.5
2438.0,0.0,0.1999999999999993,8.300150898615806,21.0,1,20.8,0.1999999999999993,20.5,21.5
2439.0,0.0,0.1999999999999993,8.299040792256086,21.0,1,20.8,0.1999999999999993,20.5,21.5
2440.0,0.0,0.1999999999999993,8.297930281038482,21.0,1,20.8,0.1999999999999993,20.5,21.5
2441.0,0.0,0.1999999999999993,8.296819366466464,21.0,1,20.8,0.1999999999999993,20.5,21.5
2442.0,0.0,0.1999999999999993,8.295708050044047,21.0,1,20.8,0.1999999999999993,20.5,21.5
2443.0,0.0,0.1999999999999993,8.294596333275795,21.0,1,20.8,0.1999999999999993,20.5,21.5
2444.0,0.0,0.1999999999999993,8.29348421766681,21.0,1,20.8,0.1999999999999993,20.5,21.5
2445.0,0.0,0.1999999999999993,8.292371704722736,21.0,1,20.8,0.1999999999999993,20.5,21.5
2446.0,0.0,0.1999999999999993,8.291258795949755,21.0,1,20.8,0.1999999999999993,20.5,21.5
2447.0,0.0,0.1999999999999993,8.290145492854583,21.0,1,20.8,0.1999999999999993,20.5,21.5
2448.0,0.0,0.1999999999999993,8.289031796944471,21.0,1,20.8,0.1999999999999993,20.5,21.5
2449.0,0.0,0.1999999999999993,8.287917709727203,21.0,1,20.8,0.1999999999999993,20.5,21.5
2450.0,0.0,0.1999999999999993,8.28680323271109,21.0,1,20.8,0.1999999999999993,20.5,21.5
2451.0,0.0,0.1999999999999993,8.285688367404973,21.0,1,20.8,0.1999999999999993,20.5,21.5
2452.0,0.0,0.1999999999999993,8.284573115318219,21.0,1,20.8,0.1999999999999993,20.5,21.5
2453.0,0.0,0.1999999999999993,8.283457477960717,21.0,1,20.8,0.1999999999999993,20.5,21.5
2454.0,0.0,0.1999999999999993,8.282341456842877,21.0,1,20.8,0.1999999999999993,20.5,21.5
2455.0,0.0,0.1999999999999993,8.28122505347563,21.0,1,20.8,0.1999999999999993,20.5,21.5
2456.0,0.0,0.1999999999999993,8.280108269370427,21.0,1,20.8,0.1999999999999993,20.5,21.5
2457.0,0.0,0.1999999999999993,8.27899110603923,21.0,1,20.8,0.1999999999999993,20.5,21.5
2458.0,0.0,0.1999999999999993,8.277873564994515,21.0,1,20.8,0.1999999999999993,20.5,21.5
2459.0,0.0,0.1999999999999993,8.276755647749273,21.0,1,20.8,0.1999999999999993,20.5,21.5
2460.0,0.0,0.1999999999999993,8.275637355816999,21.0,1,20.8,0.1999999999999993,20.5,21.5
2461.0,0.0,0.1999999999999993,8.274518690711702,21.0,1,20.8,0.1999999999999993,20.5,21.5
2462.0,0.0,0.1999999999999993,8.273399653947887,21.0,1,20.8,0.1999999999999993,20.5,21.5
2463.0,0.0,0.1999999999999993,8.272280247040575,21.0,1,20.8,0.1999999999999993,20.5,21.5
2464.0,0.0,0.1999999999999993,8.271160471505274,21.0,1,20.8,0.1999999999999993,20.5,21.5
2465.0,0.0,0.1999999999999993,8.270040328858,21.0,1,20.8,0.1999999999999993,20.5,21.5
2466.0,0.0,0.1999999999999993,8.268919820615265,21.0,1,20.8,0.1999999999999993,20.5,21.5
2467.0,0.0,0.1999999999999993,8.267798948294075,21.0,1,20.8,0.1999999999999993,20.5,21.5
2468.0,0.0,0.1999999999999993,8.266677713411926,21.0,1,20.8,0.1999999999999993,20.5,21.5
2469.0,0.0,0.1999999999999993,8.26555611748681,21.0,1,20.8,0.1999999999999993,20.5,21.5
2470.0,0.0,0.1999999999999993,8.264434162037203,21.0,1,20.8,0.1999999999999993,20.5,21.5
2471.0,0.0,0.1999999999999993,8.26331184858207,21.0,1,20.8,0.1999999999999993,20.5,21.5
2472.0,0.0,0.1999999999999993,8.262189178640865,21.0,1,20.8,0.1999999999999993,20.5,21.5
2473.0,0.0,0.1999999999999993,8.261066153733516,21.0,1,20.8,0.1999999999999993,20.5,21.5
2474.0,0.0,0.1999999999999993,8.259942775380438,21.0,1,20.8,0.1999999999999993,20.5,21.5
2475.0,0.0,0.1999999999999993,8.258819045102522,21.0,1,20.8,0.1999999999999993,20.5,21.5
2476.0,0.0,0.1999999999999993,8.257694964421134,21.0,1,20.8,0.1999999999999993,20.5,21.5
2477.0,0.0,0.1999999999999993,8.256570534858119,21.0,1,20.8,0.1999999999999993,20.5,21.5
2478.0,0.0,0.1999999999999993,8.25544575793579,21.0,1,20.8,0.1999999999999993,20.5,21.5
2479.0,0.0,0.1999999999999993,8.254320635176935,21.0,1,20.8,0.1999999999999993,20.5,21.5
2480.0,0.0,0.1999999999999993,8.253195168104803,21.0,1,20.8,0.1999999999999993,20.5,21.5
2481.0,0.0,0.1999999999999993,8.252069358243114,21.0,1,20.8,0.1999999999999993,20.5,21.5
2482.0,0.0,0.1999999999999993,8.250943207116054,21.0,1,20.8,0.1999999999999993,20.5,21.5
2483.0,0.0,0.1999999999999993,8.249816716248265,21.0,1,20.8,0.1999999999999993,20.5,21.5
2484.0,0.0,0.1999999999999993,8.248689887164854,21.0,1,20.8,0.1999999999999993,20.5,21.5
2485.0,0.0,0.1999999999999993,8.247562721391386,21.0,1,20.8,0.1999999999999993,20.5,21.5
2486.0,0.0,0.1999999999999993,8.246435220453877,21.0,1,20.8,0.1999999999999993,20.5,21.5
2487.0,0.0,0.1999999999999993,8.245307385878803,21.0,1,20.8,0.1999999999999993,20.5,21.5
2488.0,0.0,0.1999999999999993,8.244179219193086,21.0,1,20.8,0.1999999999999993,20.5,21.5
2489.0,0.0,0.1999999999999993,8.2430507219241,21.0,1,20.8,0.1999999999999993,20.5,21.5
2490.0,0.0,0.1999999999999993,8.241921895599669,21.0,1,20.8,0.1999999999999993,20.5,21.5
2491.0,0.0,0.1999999999999993,8.240792741748056,21.0,1,20.8,0.1999999999999993,20.5,21.5
2492.0,0.0,0.1999999999999993,8.239663261897977,21.0,1,20.8,0.1999999999999993,20.5,21.5
2493.0,0.0,0.1999999999999993,8.238533457578582,21.0,1,20.8,0.1999999999999993,20.5,21.5
2494.0,0.0,0.1999999999999993,8.23740333031946,21.0,1,20.8,0.1999999999999993,20.5,21.5
2495.0,0.0,0.1999999999999993,8.236272881650642,21.0,1,20.8,0.1999999999999993,20.5,21.5
2496.0,0.0,0.1999999999999993,8.23514211310259,21.0,1,20.8,0.1999999999999993,20.5,21.5
2497.0,0.0,0.1999999999999993,8.234011026206202,21.0,1,20.8,0.1999999999999993,20.5,21.5
2498.0,0.0,0.1999999999999993,8.232879622492806,21.0,1,20.8,0.1999999999999993,20.5,21.5
2499.0,0.0,0.1999999999999993,8.231747903494158,21.0,1,20.8,0.1999999999999993,20.5,21.5
2500.0,0.0,0.1999999999999993,8.23061587074244,21.0,1,20.8,0.1999999999999993,20.5,21.5
2501.0,0.0,0.1999999999999993,8.229483525770263,21.0,1,20.8,0.1999999999999993,20.5,21.5
2502.0,0.0,0.1999999999999993,8.228350870110656,21.0,1,20.8,0.1999999999999993,20.5,21.5
2503.0,0.0,0.1999999999999993,8.22721790529707,21.0,1,20.8,0.1999999999999993,20.5,21.5
2504.0,0.0,0.1999999999999993,8.22608463286338,21.0,1,20.8,0.1999999999999993,20.5,21.5
2505.0,0.0,0.1999999999999993,8.224951054343865,21.0,1,20.8,0.1999999999999993,20.5,21.5
2506.0,0.0,0.1999999999999993,8.22381717127323,21.0,1,20.8,0.1999999999999993,20.5,21.5
2507.0,0.0,0.1999999999999993,8.22268298518659,21.0,1,20.8,0.1999999999999993,20.5,21.5
2508.0,0.0,0.1999999999999993,8.221548497619468,21.0,1,20.8,0.1999999999999993,20.5,21.5
2509.0,0.0,0.1999999999999993,8.220413710107792,21.0,1,20.8,0.1999999999999993,20.5,21.5
2510.0,0.0,0.1999999999999993,8.219278624187904,21.0,1,20.8,0.1999999999999993,20.5,21.5
2511.0,0.0,0.1999999999999993,8.218143241396543,21.0,1,20.8,0.1999999999999993,20.5,21.5
2512.0,0.0,0.1999999999999993,8.217007563270855,21.0,1,20.8,0.1999999999999993,20.5,21.5
2513.0,0.0,0.1999999999999993,8.21587159134838,21.0,1,20.8,0.1999999999999993,20.5,21.5
2514.0,0.0,0.1999999999999993,8.214735327167062,21.0,1,20.8,0.1999999999999993,20.5,21.5
2515.0,0.0,0.1999999999999993,8.21359877226524,21.0,1,20.8,0.1999999999999993,20.5,21.5
2516.0,0.0,0.1999999999999993,8.212461928181641,21.0,1,20.8,0.1999999999999993,20.5,21.5
2517.0,0.0,0.1999999999999993,8.211324796455388,21.0,1,20.8,0.1999999999999993,20.5,21.5
2518.0,0.0,0.1999999999999993,8.210187378625994,21.0,1,20.8,0.1999999999999993,20.5,21.5
2519.0,0.0,0.1999999999999993,8.209049676233356,21.0,1,20.8,0.1999999999999993,20.5,21.5
2520.0,0.0,0.1999999999999993,8.20791169081776,21.0,1,20.8,0.1999999999999993,20.5,21.5
2521.0,0.0,0.1999999999999993,8.206773423919872,21.0,1,20.8,0.1999999999999993,20.5,21.5
2522.0,0.0,0.1999999999999993,8.205634877080739,21.0,1,20.8,0.1999999999999993,20.5,21.5
2523.0,0.0,0.1999999999999993,8.20449605184179,21.0,1,20.8,0.1999999999999993,20.5,21.5
2524.0,0.0,0.1999999999999993,8.20335694974483,21.0,1,20.8,0.1999999999999993,20.5,21.5
2525.0,0.0,0.1999999999999993,8.202217572332039,21.0,1,20.8,0.1999999999999993,20.5,21.5
2526.0,0.0,0.1999999999999993,8.201077921145965,21.0,1,20.8,0.1999999999999993,20.5,21.5
2527.0,0.0,0.1999999999999993,8.199937997729533,21.0,1,20.8,0.1999999999999993,20.5,21.5
2528.0,0.0,0.1999999999999993,8.198797803626034,21.0,1,20.8,0.1999999999999993,20.5,21.5
2529.0,0.0,0.1999999999999993,8.197657340379127,21.0,1,20.8,0.1999999999999993,20.5,21.5
2530.0,0.0,0.1999999999999993,8.19651660953283,21.0,1,20.8,0.1999999999999993,20.5,21.5
2531.0,0.0,0.1999999999999993,8.19537561263153,21.0,1,20.8,0.1999999999999993,20.5,21.5
2532.0,0.0,0.1999999999999993,8.194234351219972,21.0,1,20.8,0.1999999999999993,20.5,21.5
2533.0,0.0,0.1999999999999993,8.193092826843257,21.0,1,20.8,0.1999999999999993,20.5,21.5
2534.0,0.0,0.1999999999999993,8.191951041046844,21.0,1,20.8,0.1999999999999993,20.5,21.5
2535.0,0.0,0.1999999999999993,8.190808995376544,21.0,1,20.8,0.1999999999999993,20.5,21.5
2536.0,0.0,0.1999999999999993,8.189666691378525,21.0,1,20.8,0.1999999999999993,20.5,21.5
2537.0,0.0,0.1999999999999993,8.188524130599298,21.0,1,20.8,0.1999999999999993,20.5,21.5
2538.0,0.0,0.1999999999999993,8.187381314585725,21.0,1,20.8,0.1999999999999993,20.5,21.5
2539.0,0.0,0.1999999999999993,8.186238244885013,21.0,1,20.8,0.1999999999999993,20.5,21.5
2540.0,0.0,0.1999999999999993,8.185094923044716,21.0,1,20.8,0.1999999999999993,20.5,21.5
2541.0,0.0,0.1999999999999993,8.18395135061272,21.0,1,20.8,0.1999999999999993,20.5,21.5
2542.0,0.0,0.1999999999999993,8.18280752913726,21.0,1,20.8,0.1999999999999993,20.5,21.5
2543.0,0.0,0.1999999999999993,8.181663460166908,21.0,1,20.8,0.1999999999999993,20.5,21.5
2544.0,0.0,0.1999999999999993,8.18051914525056,21.0,1,20.8,0.1999999999999993,20.5,21.5
2545.0,0.0,0.1999999999999993,8.179374585937458,21.0,1,20.8,0.1999999999999993,20.5,21.5
2546.0,0.0,0.1999999999999993,8.178229783777166,21.0,1,20.8,0.1999999999999993,20.5,21.5
2547.0,0.0,0.1999999999999993,8.177084740319584,21.0,1,20.8,0.1999999999999993,20.5,21.5
2548.0,0.0,0.1999999999999993,8.17593945711493,21.0,1,20.8,0.1999999999999993,20.5,21.5
2549.0,0.0,0.1999999999999993,8.174793935713756,21.0,1,20.8,0.1999999999999993,20.5,21.5
2550.0,0.0,0.1999999999999993,8.17364817766693,21.0,1,20.8,0.1999999999999993,20.5,21.5
2551.0,0.0,0.1999999999999993,8.172502184525642,21.0,1,20.8,0.1999999999999993,20.5,21.5
2552.0,0.0,0.1999999999999993,8.171355957841401,21.0,1,20.8,0.1999999999999993,20.5,21.5
2553.0,0.0,0.1999999999999993,8.170209499166033,21.0,1,20.8,0.1999999999999993,20.5,21.5
2554.0,0.0,0.1999999999999993,8.169062810051674,21.0,1,20.8,0.1999999999999993,20.5,21.5
2555.0,0.0,0.1999999999999993,8.167915892050777,21.0,1,20.8,0.1999999999999993,20.5,21.5
2556.0,0.0,0.1999999999999993,8.166768746716103,21.0,1,20.8,0.1999999999999993,20.5,21.5
2557.0,0.0,0.1999999999999993,8.165621375600718,21.0,1,20.8,0.1999999999999993,20.5,21.5
2558.0,0.0,0.1999999999999993,8.164473780258,21.0,1,20.8,0.1999999999999993,20.5,21.5
2559.0,0.0,0.1999999999999993,8.163325962241622,21.0,1,20.8,0.1999999999999993,20.5,21.5
2560.0,0.0,0.1999999999999993,8.162177923105567,21.0,1,20.8,0.1999999999999993,20.5,21.5
2561.0,0.0,0.1999999999999993,8.161029664404113,21.0,1,20.8,0.1999999999999993,20.5,21.5
2562.0,0.0,0.1999999999999993,8.159881187691836,21.0,1,20.8,0.1999999999999993,20.5,21.5
2563.0,0.0,0.1999999999999993,8.158732494523605,21.0,1,20.8,0.1999999999999993,20.5,21.5
2564.0,0.0,0.1999999999999993,8.157583586454583,21.0,1,20.8,0.1999999999999993,20.5,21.5
2565.0,0.0,0.1999999999999993,8.156434465040231,21.0,1,20.8,0.1999999999999993,20.5,21.5
2566.0,0.0,0.1999999999999993,8.155285131836287,21.0,1,20.8,0.1999999999999993,20.5,21.5
2567.0,0.0,0.1999999999999993,8.154135588398786,21.0,1,20.8,0.1999999999999993,20.5,21.5
2568.0,0.0,0.1999999999999993,8.152985836284039,21.0,1,20.8,0.1999999999999993,20.5,21.5
2569.0,0.0,0.1999999999999993,8.151835877048645,21.0,1,20.8,0.1999999999999993,20.5,21.5
2570.0,0.0,0.1999999999999993,8.150685712249484,21.0,1,20.8,0.1999999999999993,20.5,21.5
2571.0,0.0,0.1999999999999993,8.14953534344371,21.0,1,20.8,0.1999999999999993,20.5,21.5
2572.0,0.0,0.1999999999999993,8.148384772188757,21.0,1,20.8,0.1999999999999993,20.5,21.5
2573.0,0.0,0.1999999999999993,8.147234000042332,21.0,1,20.8,0.1999999999999993,20.5,21.5
2574.0,0.0,0.1999999999999993,8.146083028562412,21.0,1,20.8,0.1999999999999993,20.5,21.5
2575.0,0.0,0.1999999999999993,8.144931859307247,21.0,1,20.8,0.1999999999999993,20.5,21.5
2576.0,0.0,0.1999999999999993,8.143780493835353,21.0,1,20.8,0.1999999999999993,20.5,21.5
2577.0,0.0,0.1999999999999993,8.142628933705511,21.0,1,20.8,0.1999999999999993,20.5,21.5
2578.0,0.0,0.1999999999999993,8.14147718047677,21.0,1,20.8,0.1999999999999993,20.5,21.5
2579.0,0.0,0.1999999999999993,8.140325235708431,21.0,1,20.8,0.1999999999999993,20.5,21.5
2580.0,0.0,0.1999999999999993,8.139173100960065,21.0,1,20.8,0.1999999999999993,20.5,21.5
2581.0,0.0,0.1999999999999993,8.138020777791494,21.0,1,20.8,0.1999999999999993,20.5,21.5
2582.0,0.0,0.1999999999999993,8.136868267762797,21.0,1,20.8,0.1999999999999993,20.5,21.5
2583.0,0.0,0.1999999999999993,8.135715572434304,21.0,1,20.8,0.1999999999999993,20.5,21.5
2584.0,0.0,0.1999999999999993,8.134562693366599,21.0,1,20.8,0.1999999999999993,20.5,21.5
2585.0,0.0,0.1999999999999993,8.133409632120513,21.0,1,20.8,0.1999999999999993,20.5,21.5
2586.0,0.0,0.1999999999999993,8.132256390257123,21.0,1,20.8,0.1999999999999993,20.5,21.5
2587.0,0.0,0.1999999999999993,8.131102969337752,21.0,1,20.8,0.1999999999999993,20.5,21.5
2588.0,0.0,0.1999999999999993,8.129949370923963,21.0,1,20.8,0.1999999999999993,20.5,21.5
2589.0,0.0,0.1999999999999993,8.128795596577563,21.0,1,20.8,0.1999999999999993,20.5,21.5
2590.0,0.0,0.1999999999999993,8.127641647860594,21.0,1,20.8,0.1999999999999993,20.5,21.5
2591.0,0.0,0.1999999999999993,8.126487526335337,21.0,1,20.8,0.1999999999999993,20.5,21.5
2592.0,0.0,0.1999999999999993,8.125333233564305,21.0,1,20.8,0.1999999999999993,20.5,21.5
2593.0,0.0,0.1999999999999993,8.124178771110241,21.0,1,20.8,0.1999999999999993,20.5,21.5
2594.0,0.0,0.1999999999999993,8.12302414053612,21.0,1,20.8,0.1999999999999993,20.5,21.5
2595.0,0.0,0.1999999999999993,8.121869343405148,21.0,1,20.8,0.1999999999999993,20.5,21.5
2596.0,0.0,0.1999999999999993,8.120714381280749,21.0,1,20.8,0.1999999999999993,20.5,21.5
2597.0,0.0,0.1999999999999993,8.119559255726575,21.0,1,20.8,0.1999999999999993,20.5,21.5
2598.0,0.0,0.1999999999999993,8.1184039683065,21.0,1,20.8,0.1999999999999993,20.5,21.5
2599.0,0.0,0.1999999999999993,8.117248520584617,21.0,1,20.8,0.1999999999999993,20.5,21.5
2600.0,0.0,0.1999999999999993,8.11609291412523,21.0,1,20.8,0.1999999999999993,20.5,21.5
2601.0,0.0,0.1999999999999993,8.114937150492867,21.0,1,20.8,0.1999999999999993,20.5,21.5
2602.0,0.0,0.1999999999999993,8.113781231252261,21.0,1,20.8,0.1999999999999993,20.5,21.5
2603.0,0.0,0.1999999999999993,8.112625157968363,21.0,1,20.8,0.1999999999999993,20.5,21.5
2604.0,0.0,0.1999999999999993,8.111468932206325,21.0,1,20.8,0.1999999999999993,20.5,21.5
2605.0,0.0,0.1999999999999993,8.110312555531513,21.0,1,20.8,0.1999999999999993,20.5,21.5
2606.0,0.0,0.1999999999999993,8.109156029509489,21.0,1,20.8,0.1999999999999993,20.5,21.5
2607.0,0.0,0.1999999999999993,8.107999355706022,21.0,1,20.8,0.1999999999999993,20.5,21.5
2608.0,0.0,0.1999999999999993,8.106842535687086,21.0,1,20.8,0.1999999999999993,20.5,21.5
2609.0,0.0,0.1999999999999993,8.105685571018842,21.0,1,20.8,0.1999999999999993,20.5,21.5
2610.0,0.0,0.1999999999999993,8.104528463267654,21.0,1,20.8,0.1999999999999993,20.5,21.5
2611.0,0.0,0.1999999999999993,8.103371214000077,21.0,1,20.8,0.1999999999999993,20.5,21.5
2612.0,0.0,0.1999999999999993,8.102213824782863,21.0,1,20.8,0.1999999999999993,20.5,21.5
2613.0,0.0,0.1999999999999993,8.101056297182947,21.0,1,20.8,0.1999999999999993,20.5,21.5
2614.0,0.0,0.1999999999999993,8.099898632767452,21.0,1,20.8,0.1999999999999993,20.5,21.5
2615.0,0.0,0.1999999999999993,8.098740833103689,21.0,1,20.8,0.1999999999999993,20.5,21.5
2616.0,0.0,0.1999999999999993,8.09758289975915,21.0,1,20.8,0.1999999999999993,20.5,21.5
2617.0,0.0,0.1999999999999993,8.096424834301509,21.0,1,20.8,0.1999999999999993,20.5,21.5
2618.0,0.0,0.1999999999999993,8.095266638298622,21.0,1,20.8,0.1999999999999993,20.5,21.5
2619.0,0.0,0.1999999999999993,8.094108313318515,21.0,1,20.8,0.1999999999999993,20.5,21.5
2620.0,0.0,0.1999999999999993,8.092949860929393,21.0,1,20.8,0.1999999999999993,20.5,21.5
2621.0,0.0,0.1999999999999993,8.091791282699631,21.0,1,20.8,0.1999999999999993,20.5,21.5
2622.0,0.0,0.1999999999999993,8.09063258019778,21.0,1,20.8,0.1999999999999993,20.5,21.5
2623.0,0.0,0.1999999999999993,8.089473754992552,21.0,1,20.8,0.1999999999999993,20.5,21.5
2624.0,0.0,0.1999999999999993,8.08831480865283,21.0,1,20.8,0.1999999999999993,20.5,21.5
2625.0,0.0,0.1999999999999993,8.087155742747658,21.0,1,20.8,0.1999999999999993,20.5,21.5
2626.0,0.0,0.1999999999999993,8.085996558846244,21.0,1,20.8,0.1999999999999993,20.5,21.5
2627.0,0.0,0.1999999999999993,8.084837258517956,21.0,1,20.8,0.1999999999999993,20.5,21.5
2628.0,0.0,0.1999999999999993,8.083677843332316,21.0,1,20.8,0.1999999999999993,20.5,21.5
2629.0,0.0,0.1999999999999993,8.082518314859007,21.0,1,20.8,0.1999999999999993,20.5,21.5
2630.0,0.0,0.1999999999999993,8.08135867466786,21.0,1,20.8,0.1999999999999993,20.5,21.5
2631.0,0.0,0.1999999999999993,8.080198924328858,21.0,1,20.8,0.1999999999999993,20.5,21.5
2632.0,0.0,0.1999999999999993,8.079039065412141,21.0,1,20.8,0.1999999999999993,20.5,21.5
2633.0,0.0,0.1999999999999993,8.077879099487985,21.0,1,20.8,0.1999999999999993,20.5,21.5
2634.0,0.0,0.1999999999999993,8.076719028126819,21.0,1,20.8,0.1999999999999993,20.5,21.5
2635.0,0.0,0.1999999999999993,8.075558852899208,21.0,1,20.8,0.1999999999999993,20.5,21.5
2636.0,0.0,0.1999999999999993,8.074398575375863,21.0,1,20.8,0.1999999999999993,20.5,21.5
2637.0,0.0,0.1999999999999993,8.073238197127631,21.0,1,20.8,0.1999999999999993,20.5,21.5
2638.0,0.0,0.1999999999999993,8.072077719725497,21.0,1,20.8,0.1999999999999993,20.5,21.5
2639.0,0.0,0.1999999999999993,8.070917144740578,21.0,1,20.8,0.1999999999999993,20.5,21.5
2640.0,0.0,0.1999999999999993,8.069756473744125,21.0,1,20.8,0.1999999999999993,20.5,21.5
2641.0,0.0,0.1999999999999993,8.068595708307518,21.0,1,20.8,0.1999999999999993,20.5,21.5
2642.0,0.0,0.1999999999999993,8.067434850002265,21.0,1,20.8,0.1999999999999993,20.5,21.5
2643.0,0.0,0.1999999999999993,8.0662739004,21.0,1,20.8,0.1999999999999993,20.5,21.5
2644.0,0.0,0.1999999999999993,8.06511286107248,21.0,1,20.8,0.1999999999999993,20.5,21.5
2645.0,0.0,0.1999999999999993,8.063951733591585,21.0,1,20.8,0.1999999999999993,20.5,21.5
2646.0,0.0,0.1999999999999993,8.062790519529313,21.0,1,20.8,0.1999999999999993,20.5,21.5
2647.0,0.0,0.1999999999999993,8.06162922045778,21.0,1,20.8,0.1999999999999993,20.5,21.5
2648.0,0.0,0.1999999999999993,8.060467837949215,21.0,1,20.8,0.1999999999999993,20.5,21.5
2649.0,0.0,0.1999999999999993,8.059306373575962,21.0,1,20.8,0.1999999999999993,20.5,21.5
2650.0,0.0,0.1999999999999993,8.058144828910475,21.0,1,20.8,0.1999999999999993,20.5,21.5
2651.0,0.0,0.1999999999999993,8.05698320552532,21.0,1,20.8,0.1999999999999993,20.5,21.5
2652.0,0.0,0.1999999999999993,8.055821504993164,21.0,1,20.8,0.1999999999999993,20.5,21.5
2653.0,0.0,0.1999999999999993,8.054659728886781,21.0,1,20.8,0.1999999999999993,20.5,21.5
2654.0,0.0,0.1999999999999993,8.05349787877905,21.0,1,20.8,0.1999999999999993,20.5,21.5
2655.0,0.0,0.1999999999999993,8.052335956242944,21.0,1,20.8,0.1999999999999993,20.5,21.5
2656.0,0.0,0.1999999999999993,8.05117396285154,21.0,1,20.8,0.1999999999999993,20.5,21.5
2657.0,0.0,0.1999999999999993,8.050011900178008,21.0,1,20.8,0.1999999999999993,20.5,21.5
2658.0,0.0,0.1999999999999993,8.048849769795613,21.0,1,20.8,0.1999999999999993,20.5,21.5
2659.0,0.0,0.1999999999999993,8.047687573277711,21.0,1,20.8,0.1999999999999993,20.5,21.5
2660.0,0.0,0.1999999999999993,8.046525312197746,21.0,1,20.8,0.1999999999999993,20.5,21.5
2661.0,0.0,0.1999999999999993,8.045362988129254,21.0,1,20.8,0.1999999999999993,20.5,21.5
2662.0,0.0,0.1999999999999993,8.044200602645851,21.0,1,20.8,0.1999999999999993,20.5,21.5
2663.0,0.0,0.1999999999999993,8.043038157321238,21.0,1,20.8,0.1999999999999993,20.5,21.5
2664.0,0.0,0.1999999999999993,8.0418756537292,21.0,1,20.8,0.1999999999999993,20.5,21.5
2665.0,0.0,0.1999999999999993,8.040713093443596,21.0,1,20.8,0.1999999999999993,20.5,21.5
2666.0,0.0,0.1999999999999993,8.039550478038365,21.0,1,20.8,0.1999999999999993,20.5,21.5
2667.0,0.0,0.1999999999999993,8.03838780908752,21.0,1,20.8,0.1999999999999993,20.5,21.5
2668.0,0.0,0.1999999999999993,8.037225088165146,21.0,1,20.8,0.1999999999999993,20.5,21.5
2669.0,0.0,0.1999999999999993,8.036062316845399,21.0,1,20.8,0.1999999999999993,20.5,21.5
2670.0,0.0,0.1999999999999993,8.0348994967025,21.0,1,20.8,0.1999999999999993,20.5,21.5
2671.0,0.0,0.1999999999999993,8.033736629310743,21.0,1,20.8,0.1999999999999993,20.5,21.5
2672.0,0.0,0.1999999999999993,8.032573716244482,21.0,1,20.8,0.1999999999999993,20.5,21.5
2673.0,0.0,0.1999999999999993,8.03141075907813,21.0,1,20.8,0.1999999999999993,20.5,21.5
2674.0,0.0,0.1999999999999993,8.03024775938616,21.0,1,20.8,0.1999999999999993,20.5,21.5
2675.0,0.0,0.1999999999999993,8.029084718743112,21.0,1,20.8,0.1999999999999993,20.5,21.5
2676.0,0.0,0.1999999999999993,8.02792163872357,21.0,1,20.8,0.1999999999999993,20.5,21.5
2677.0,0.0,0.1999999999999993,8.026758520902176,21.0,1,20.8,0.1999999999999993,20.5,21.5
2678.0,0.0,0.1999999999999993,8.025595366853622,21.0,1,20.8,0.1999999999999993,20.5,21.5
2679.0,0.0,0.1999999999999993,8.024432178152654,21.0,1,20.8,0.1999999999999993,20.5,21.5
2680.0,0.0,0.1999999999999993,8.023268956374057,21.0,1,20.8,0.1999999999999993,20.5,21.5
2681.0,0.0,0.1999999999999993,8.022105703092667,21.0,1,20.8,0.1999999999999993,20.5,21.5
2682.0,0.0,0.1999999999999993,8.020942419883356,21.0,1,20.8,0.1999999999999993,20.5,21.5
2683.0,0.0,0.1999999999999993,8.019779108321048,21.0,1,20.8,0.1999999999999993,20.5,21.5
2684.0,0.0,0.1999999999999993,8.018615769980693,21.0,1,20.8,0.1999999999999993,20.5,21.5
2685.0,0.0,0.1999999999999993,8.017452406437284,21.0,1,20.8,0.1999999999999993,20.5,21.5
2686.0,0.0,0.1999999999999993,8.016289019265846,21.0,1,20.8,0.1999999999999993,20.5,21.5
2687.0,0.0,0.1999999999999993,8.015125610041437,21.0,1,20.8,0.1999999999999993,20.5,21.5
2688.0,0.0,0.1999999999999993,8.013962180339146,21.0,1,20.8,0.1999999999999993,20.5,21.5
2689.0,0.0,0.1999999999999993,8.012798731734085,21.0,1,20.8,0.1999999999999993,20.5,21.5
2690.0,0.0,0.1999999999999993,8.011635265801397,21.0,1,20.8,0.1999999999999993,20.5,21.5
2691.0,0.0,0.1999999999999993,8.010471784116246,21.0,1,20.8,0.1999999999999993,20.5,21.5
2692.0,0.0,0.1999999999999993,8.009308288253816,21.0,1,20.8,0.1999999999999993,20.5,21.5
2693.0,0.0,0.1999999999999993,8.008144779789315,21.0,1,20.8,0.1999999999999993,20.5,21.5
2694.0,0.0,0.1999999999999993,8.00698126029796,21.0,1,20.8,0.1999999999999993,20.5,21.5
2695.0,0.0,0.1999999999999993,8.005817731354995,21.0,1,20.8,0.1999999999999993,20.5,21.5
2696.0,0.0,0.1999999999999993,8.00465419453566,21.0,1,20.8,0.1999999999999993,20.5,21.5
2697.0,0.0,0.1999999999999993,8.003490651415223,21.0,1,20.8,0.1999999999999993,20.5,21.5
2698.0,0.0,0.1999999999999993,8.00232710356895,21.0,1,20.8,0.1999999999999993,20.5,21.5
2699.0,0.0,0.1999999999999993,8.001163552572116,21.0,1,20.8,0.1999999999999993,20.5,21.5
2700.0,0.0,0.1999999999999993,8.0,21.0,1,20.8,0.1999999999999993,20.5,21.5
2701.0,0.0,0.1999999999999993,7.998836447427885,21.0,1,20.8,0.1999999999999993,20.5,21.5
2702.0,0.0,0.1999999999999993,7.99767289643105,21.0,1,20.8,0.1999999999999993,20.5,21.5
2703.0,0.0,0.1999999999999993,7.996509348584777,21.0,1,20.8,0.1999999999999993,20.5,21.5
2704.0,0.0,0.1999999999999993,7.995345805464338,21.0,1,20.8,0.1999999999999993,20.5,21.5
2705.0,0.0,0.1999999999999993,7.994182268645006,21.0,1,20.8,0.1999999999999993,20.5,21.5
2706.0,0.0,0.1999999999999993,7.993018739702039,21.0,1,20.8,0.1999999999999993,20.5,21.5
2707.0,0.0,0.1999999999999993,7.991855220210685,21.0,1,20.8,0.1999999999999993,20.5,21.5
2708.0,0.0,0.1999999999999993,7.990691711746184,21.0,1,20.8,0.1999999999999993,20.5,21.5
2709.0,0.0,0.1999999999999993,7.989528215883754,21.0,1,20.8,0.1999999999999993,20.5,21.5
2710.0,0.0,0.1999999999999993,7.988364734198603,21.0,1,20.8,0.1999999999999993,20.5,21.5
2711.0,0.0,0.1999999999999993,7.987201268265915,21.0,1,20.8,0.1999999999999993,20.5,21.5
2712.0,0.0,0.1999999999999993,7.986037819660855,21.0,1,20.8,0.1999999999999993,20.5,21.5
2713.0,0.0,0.1999999999999993,7.984874389958563,21.0,1,20.8,0.1999999999999993,20.5,21.5
2714.0,0.0,0.1999999999999993,7.983710980734154,21.0,1,20.8,0.1999999999999993,20.5,21.5
2715.0,0.0,0.1999999999999993,7.982547593562717,21.0,1,20.8,0.1999999999999993,20.5,21.5
2716.0,0.0,0.1999999999999993,7.981384230019307,21.0,1,20.8,0.1999999999999993,20.5,21.5
2717.0,0.0,0.1999999999999993,7.980220891678953,21.0,1,20.8,0.1999999999999993,20.5,21.5
2718.0,0.0,0.1999999999999993,7.979057580116644,21.0,1,20.8,0.1999999999999993,20.5,21.5
2719.0,0.0,0.1999999999999993,7.977894296907334,21.0,1,20.8,0.1999999999999993,20.5,21.5
2720.0,0.0,0.1999999999999993,7.976731043625944,21.0,1,20.8,0.1999999999999993,20.5,21.5
2721.0,0.0,0.1999999999999993,7.9755678218473465,21.0,1,20.8,0.1999999999999993,20.5,21.5
2722.0,0.0,0.1999999999999993,7.974404633146378,21.0,1,20.8,0.1999999999999993,20.5,21.5
2723.0,0.0,0.1999999999999993,7.973241479097826,21.0,1,20.8,0.1999999999999993,20.5,21.5
2724.0,0.0,0.1999999999999993,7.972078361276431,21.0,1,20.8,0.1999999999999993,20.5,21.5
2725.0,0.0,0.1999999999999993,7.970915281256889,21.0,1,20.8,0.1999999999999993,20.5,21.5
2726.0,0.0,0.1999999999999993,7.969752240613839,21.0,1,20.8,0.1999999999999993,20.5,21.5
2727.0,0.0,0.1999999999999993,7.9685892409218715,21.0,1,20.8,0.1999999999999993,20.5,21.5
2728.0,0.0,0.1999999999999993,7.967426283755519,21.0,1,20.8,0.1999999999999993,20.5,21.5
2729.0,0.0,0.1999999999999993,7.966263370689256,21.0,1,20.8,0.1999999999999993,20.5,21.5
2730.0,0.0,0.1999999999999993,7.965100503297499,21.0,1,20.8,0.1999999999999993,20.5,21.5
2731.0,0.0,0.1999999999999993,7.963937683154602,21.0,1,20.8,0.1999999999999993,20.5,21.5
2732.0,0.0,0.1999999999999993,7.962774911834854,21.0,1,20.8,0.1999999999999993,20.5,21.5
2733.0,0.0,0.1999999999999993,7.96161219091248,21.0,1,20.8,0.1999999999999993,20.5,21.5
2734.0,0.0,0.1999999999999993,7.960449521961635,21.0,1,20.8,0.1999999999999993,20.5,21.5
2735.0,0.0,0.1999999999999993,7.959286906556405,21.0,1,20.8,0.1999999999999993,20.5,21.5
2736.0,0.0,0.1999999999999993,7.9581243462708,21.0,1,20.8,0.1999999999999993,20.5,21.5
2737.0,0.0,0.1999999999999993,7.956961842678762,21.0,1,20.8,0.1999999999999993,20.5,21.5
2738.0,0.0,0.1999999999999993,7.955799397354149,21.0,1,20.8,0.1999999999999993,20.5,21.5
2739.0,0.0,0.1999999999999993,7.954637011870746,21.0,1,20.8,0.1999999999999993,20.5,21.5
2740.0,0.0,0.1999999999999993,7.953474687802253,21.0,1,20.8,0.1999999999999993,20.5,21.5
2741.0,0.0,0.1999999999999993,7.9523124267222896,21.0,1,20.8,0.1999999999999993,20.5,21.5
2742.0,0.0,0.1999999999999993,7.951150230204386,21.0,1,20.8,0.1999999999999993,20.5,21.5
2743.0,0.0,0.1999999999999993,7.949988099821992,21.0,1,20.8,0.1999999999999993,20.5,21.5
2744.0,0.0,0.1999999999999993,7.94882603714846,21.0,1,20.8,0.1999999999999993,20.5,21.5
2745.0,0.0,0.1999999999999993,7.947664043757056,21.0,1,20.8,0.1999999999999993,20.5,21.5
2746.0,0.0,0.1999999999999993,7.946502121220951,21.0,1,20.8,0.1999999999999993,20.5,21.5
2747.0,0.0,0.1999999999999993,7.945340271113219,21.0,1,20.8,0.1999999999999993,20.5,21.5
2748.0,0.0,0.1999999999999993,7.944178495006836,21.0,1,20.8,0.1999999999999993,20.5,21.5
2749.0,0.0,0.1999999999999993,7.94301679447468,21.0,1,20.8,0.1999999999999993,20.5,21.5
2750.0,0.0,0.1999999999999993,7.941855171089524,21.0,1,20.8,0.1999999999999993,20.5,21.5
2751.0,0.0,0.1999999999999993,7.940693626424038,21.0,1,20.8,0.1999999999999993,20.5,21.5
2752.0,0.0,0.1999999999999993,7.939532162050786,21.0,1,20.8,0.1999999999999993,20.5,21.5
2753.0,0.0,0.1999999999999993,7.938370779542221,21.0,1,20.8,0.1999999999999993,20.5,21.5
2754.0,0.0,0.1999999999999993,7.9372094804706865,21.0,1,20.8,0.1999999999999993,20.5,21.5
2755.0,0.0,0.1999999999999993,7.936048266408414,21.0,1,20.8,0.1999999999999993,20.5,21.5
2756.0,0.0,0.1999999999999993,7.93488713892752,21.0,1,20.8,0.1999999999999993,20.5,21.5
2757.0,0.0,0.1999999999999993,7.9337260996,21.0,1,20.8,0.1999999999999993,20.5,21.5
2758.0,0.0,0.1999999999999993,7.932565149997735,21.0,1,20.8,0.1999999999999993,20.5,21.5
2759.0,0.0,0.1999999999999993,7.931404291692482,21.0,1,20.8,0.1999999999999993,20.5,21.5
2760.0,0.0,0.1999999999999993,7.930243526255874,21.0,1,20.8,0.1999999999999993,20.5,21.5
2761.0,0.0,0.1999999999999993,7.929082855259422,21.0,1,20.8,0.1999999999999993,20.5,21.5
2762.0,0.0,0.1999999999999993,7.927922280274503,21.0,1,20.8,0.1999999999999993,20.5,21.5
2763.0,0.0,0.1999999999999993,7.9267618028723685,21.0,1,20.8,0.1999999999999993,20.5,21.5
2764.0,0.0,0.1999999999999993,7.925601424624137,21.0,1,20.8,0.1999999999999993,20.5,21.5
2765.0,0.0,0.1999999999999993,7.924441147100792,21.0,1,20.8,0.1999999999999993,20.5,21.5
2766.0,0.0,0.1999999999999993,7.923280971873181,21.0,1,20.8,0.1999999999999993,20.5,21.5
2767.0,0.0,0.1999999999999993,7.922120900512015,21.0,1,20.8,0.1999999999999993,20.5,21.5
2768.0,0.0,0.1999999999999993,7.9209609345878595,21.0,1,20.8,0.1999999999999993,20.5,21.5
2769.0,0.0,0.1999999999999993,7.919801075671141,21.0,1,20.8,0.1999999999999993,20.5,21.5
2770.0,0.0,0.1999999999999993,7.918641325332142,21.0,1,20.8,0.1999999999999993,20.5,21.5
2771.0,0.0,0.1999999999999993,7.917481685140995,21.0,1,20.8,0.1999999999999993,20.5,21.5
2772.0,0.0,0.1999999999999993,7.916322156667685,21.0,1,20.8,0.1999999999999993,20.5,21.5
2773.0,0.0,0.1999999999999993,7.915162741482045,21.0,1,20.8,0.1999999999999993,20.5,21.5
2774.0,0.0,0.1999999999999993,7.914003441153756,21.0,1,20.8,0.1999999999999993,20.5,21.5
2775.0,0.0,0.1999999999999993,7.912844257252342,21.0,1,20.8,0.1999999999999993,20.5,21.5
2776.0,0.0,0.1999999999999993,7.91168519134717,21.0,1,20.8,0.1999999999999993,20.5,21.5
2777.0,0.0,0.1999999999999993,7.910526245007447,21.0,1,20.8,0.1999999999999993,20.5,21.5
2778.0,0.0,0.1999999999999993,7.90936741980222,21.0,1,20.8,0.1999999999999993,20.5,21.5
2779.0,0.0,0.1999999999999993,7.908208717300369,21.0,1,20.8,0.1999999999999993,20.5,21.5
2780.0,0.0,0.1999999999999993,7.907050139070608,21.0,1,20.8,0.1999999999999993,20.5,21.5
2781.0,0.0,0.1999999999999993,7.9058916866814855,21.0,1,20.8,0.1999999999999993,20.5,21.5
2782.0,0.0,0.1999999999999993,7.904733361701378,21.0,1,20.8,0.1999999999999993,20.5,21.5
2783.0,0.0,0.1999999999999993,7.9035751656984905,21.0,1,20.8,0.1999999999999993,20.5,21.5
2784.0,0.0,0.1999999999999993,7.902417100240851,21.0,1,20.8,0.1999999999999993,20.5,21.5
2785.0,0.0,0.1999999999999993,7.901259166896312,21.0,1,20.8,0.1999999999999993,20.5,21.5
2786.0,0.0,0.1999999999999993,7.9001013672325495,21.0,1,20.8,0.1999999999999993,20.5,21.5
2787.0,0.0,0.1999999999999993,7.8989437028170535,21.0,1,20.8,0.1999999999999993,20.5,21.5
2788.0,0.0,0.1999999999999993,7.897786175217136,21.0,1,20.8,0.1999999999999993,20.5,21.5
2789.0,0.0,0.1999999999999993,7.896628785999922,21.0,1,20.8,0.1999999999999993,20.5,21.5
2790.0,0.0,0.1999999999999993,7.895471536732347,21.0,1,20.8,0.1999999999999993,20.5,21.5
2791.0,0.0,0.1999999999999993,7.8943144289811595,21.0,1,20.8,0.1999999999999993,20.5,21.5
2792.0,0.0,0.1999999999999993,7.893157464312915,21.0,1,20.8,0.1999999999999993,20.5,21.5
2793.0,0.0,0.1999999999999993,7.892000644293977,21.0,1,20.8,0.1999999999999993,20.5,21.5
2794.0,0.0,0.1999999999999993,7.890843970490512,21.0,1,20.8,0.1999999999999993,20.5,21.5
2795.0,0.0,0.1999999999999993,7.889687444468489,21.0,1,20.8,0.1999999999999993,20.5,21.5
2796.0,0.0,0.1999999999999993,7.888531067793675,21.0,1,20.8,0.1999999999999993,20.5,21.5
2797.0,0.0,0.1999999999999993,7.887374842031637,21.0,1,20.8,0.1999999999999993,20.5,21.5
2798.0,0.0,0.1999999999999993,7.886218768747738,21.0,1,20.8,0.1999999999999993,20.5,21.5
2799.0,0.0,0.1999999999999993,7.8850628495071335,21.0,1,20.8,0.1999999999999993,20.5,21.5
2800.0,0.0,0.1999999999999993,7.88390708587477,21.0,1,20.8,0.1999999999999993,20.5,21.5
2801.0,0.0,0.1999999999999993,7.882751479415385,21.0,1,20.8,0.1999999999999993,20.5,21.5
2802.0,0.0,0.1999999999999993,7.881596031693499,21.0,1,20.8,0.1999999999999993,20.5,21.5
2803.0,0.0,0.1999999999999993,7.880440744273424,21.0,1,20.8,0.1999999999999993,20.5,21.5
2804.0,0.0,0.1999999999999993,7.879285618719251,21.0,1,20.8,0.1999999999999993,20.5,21.5
2805.0,0.0,0.1999999999999993,7.878130656594853,21.0,1,20.8,0.1999999999999993,20.5,21.5
2806.0,0.0,0.1999999999999993,7.8769758594638795,21.0,1,20.8,0.1999999999999993,20.5,21.5
2807.0,0.0,0.1999999999999993,7.87582122888976,21.0,1,20.8,0.1999999999999993,20.5,21.5
2808.0,0.0,0.1999999999999993,7.874666766435696,21.0,1,20.8,0.1999999999999993,20.5,21.5
2809.0,0.0,0.1999999999999993,7.873512473664663,21.0,1,20.8,0.1999999999999993,20.5,21.5
2810.0,0.0,0.1999999999999993,7.872358352139405,21.0,1,20.8,0.1999999999999993,20.5,21.5
2811.0,0.0,0.1999999999999993,7.871204403422438,21.0,1,20.8,0.1999999999999993,20.5,21.5
2812.0,0.0,0.1999999999999993,7.8700506290760375,21.0,1,20.8,0.1999999999999993,20.5,21.5
2813.0,0.0,0.1999999999999993,7.868897030662249,21.0,1,20.8,0.1999999999999993,20.5,21.5
2814.0,0.0,0.1999999999999993,7.8677436097428775,21.0,1,20.8,0.1999999999999993,20.5,21.5
2815.0,0.0,0.1999999999999993,7.866590367879487,21.0,1,20.8,0.1999999999999993,20.5,21.5
2816.0,0.0,0.1999999999999993,7.865437306633401,21.0,1,20.8,0.1999999999999993,20.5,21.5
2817.0,0.0,0.1999999999999993,7.864284427565695,21.0,1,20.8,0.1999999999999993,20.5,21.5
2818.0,0.0,0.1999999999999993,7.863131732237203,21.0,1,20.8,0.1999999999999993,20.5,21.5
2819.0,0.0,0.1999999999999993,7.861979222208506,21.0,1,20.8,0.1999999999999993,20.5,21.5
2820.0,0.0,0.1999999999999993,7.860826899039934,21.0,1,20.8,0.1999999999999993,20.5,21.5
2821.0,0.0,0.1999999999999993,7.859674764291569,21.0,1,20.8,0.1999999999999993,20.5,21.5
2822.0,0.0,0.1999999999999993,7.858522819523231,21.0,1,20.8,0.1999999999999993,20.5,21.5
2823.0,0.0,0.1999999999999993,7.857371066294489,21.0,1,20.8,0.1999999999999993,20.5,21.5
2824.0,0.0,0.1999999999999993,7.856219506164647,21.0,1,20.8,0.1999999999999993,20.5,21.5
2825.0,0.0,0.1999999999999993,7.855068140692754,21.0,1,20.8,0.1999999999999993,20.5,21.5
2826.0,0.0,0.1999999999999993,7.853916971437588,21.0,1,20.8,0.1999999999999993,20.5,21.5
2827.0,0.0,0.1999999999999993,7.852765999957668,21.0,1,20.8,0.1999999999999993,20.5,21.5
2828.0,0.0,0.1999999999999993,7.851615227811243,21.0,1,20.8,0.1999999999999993,20.5,21.5
2829.0,0.0,0.1999999999999993,7.850464656556291,21.0,1,20.8,0.1999999999999993,20.5,21.5
2830.0,0.0,0.1999999999999993,7.849314287750517,21.0,1,20.8,0.1999999999999993,20.5,21.5
2831.0,0.0,0.1999999999999993,7.8481641229513555,21.0,1,20.8,0.1999999999999993,20.5,21.5
2832.0,0.0,0.1999999999999993,7.847014163715961,21.0,1,20.8,0.1999999999999993,20.5,21.5
2833.0,0.0,0.1999999999999993,7.845864411601215,21.0,1,20.8,0.1999999999999993,20.5,21.5
2834.0,0.0,0.1999999999999993,7.844714868163712,21.0,1,20.8,0.1999999999999993,20.5,21.5
2835.0,0.0,0.1999999999999993,7.843565534959769,21.0,1,20.8,0.1999999999999993,20.5,21.5
2836.0,0.0,0.1999999999999993,7.842416413545416,21.0,1,20.8,0.1999999999999993,20.5,21.5
2837.0,0.0,0.1999999999999993,7.841267505476396,21.0,1,20.8,0.1999999999999993,20.5,21.5
2838.0,0.0,0.1999999999999993,7.840118812308165,21.0,1,20.8,0.1999999999999993,20.5,21.5
2839.0,0.0,0.1999999999999993,7.838970335595887,21.0,1,20.8,0.1999999999999993,20.5,21.5
2840.0,0.0,0.1999999999999993,7.837822076894433,21.0,1,20.8,0.1999999999999993,20.5,21.5
2841.0,0.0,0.1999999999999993,7.836674037758378,21.0,1,20.8,0.1999999999999993,20.5,21.5
2842.0,0.0,0.1999999999999993,7.835526219742001,21.0,1,20.8,0.1999999999999993,20.5,21.5
2843.0,0.0,0.1999999999999993,7.834378624399282,21.0,1,20.8,0.1999999999999993,20.5,21.5
2844.0,0.0,0.1999999999999993,7.833231253283898,21.0,1,20.8,0.1999999999999993,20.5,21.5
2845.0,0.0,0.1999999999999993,7.832084107949223,21.0,1,20.8,0.1999999999999993,20.5,21.5
2846.0,0.0,0.1999999999999993,7.830937189948326,21.0,1,20.8,0.1999999999999993,20.5,21.5
2847.0,0.0,0.1999999999999993,7.829790500833967,21.0,1,20.8,0.1999999999999993,20.5,21.5
2848.0,0.0,0.1999999999999993,7.828644042158598,21.0,1,20.8,0.1999999999999993,20.5,21.5
2849.0,0.0,0.1999999999999993,7.8274978154743575,21.0,1,20.8,0.1999999999999993,20.5,21.5
2850.0,0.0,0.1999999999999993,7.82635182233307,21.0,1,20.8,0.1999999999999993,20.5,21.5
2851.0,0.0,0.1999999999999993,7.8252060642862435,21.0,1,20.8,0.1999999999999993,20.5,21.5
2852.0,0.0,0.1999999999999993,7.82406054288507,21.0,1,20.8,0.1999999999999993,20.5,21.5
2853.0,0.0,0.1999999999999993,7.822915259680417,21.0,1,20.8,0.1999999999999993,20.5,21.5
2854.0,0.0,0.1999999999999993,7.821770216222833,21.0,1,20.8,0.1999999999999993,20.5,21.5
2855.0,0.0,0.1999999999999993,7.820625414062543,21.0,1,20.8,0.1999999999999993,20.5,21.5
2856.0,0.0,0.1999999999999993,7.8194808547494405,21.0,1,20.8,0.1999999999999993,20.5,21.5
2857.0,0.0,0.1999999999999993,7.818336539833093,21.0,1,20.8,0.1999999999999993,20.5,21.5
2858.0,0.0,0.1999999999999993,7.8171924708627385,21.0,1,20.8,0.1999999999999993,20.5,21.5
2859.0,0.0,0.1999999999999993,7.81604864938728,21.0,1,20.8,0.1999999999999993,20.5,21.5
2860.0,0.0,0.1999999999999993,7.814905076955285,21.0,1,20.8,0.1999999999999993,20.5,21.5
2861.0,0.0,0.1999999999999993,7.813761755114987,21.0,1,20.8,0.1999999999999993,20.5,21.5
2862.0,0.0,0.1999999999999993,7.812618685414276,21.0,1,20.8,0.1999999999999993,20.5,21.5
2863.0,0.0,0.1999999999999993,7.811475869400703,21.0,1,20.8,0.1999999999999993,20.5,21.5
2864.0,0.0,0.1999999999999993,7.810333308621475,21.0,1,20.8,0.1999999999999993,20.5,21.5
2865.0,0.0,0.1999999999999993,7.809191004623456,21.0,1,20.8,0.1999999999999993,20.5,21.5
2866.0,0.0,0.1999999999999993,7.808048958953157,21.0,1,20.8,0.1999999999999993,20.5,21.5
2867.0,0.0,0.1999999999999993,7.806907173156744,21.0,1,20.8,0.1999999999999993,20.5,21.5
2868.0,0.0,0.1999999999999993,7.805765648780028,21.0,1,20.8,0.1999999999999993,20.5,21.5
2869.0,0.0,0.1999999999999993,7.804624387368469,21.0,1,20.8,0.1999999999999993,20.5,21.5
2870.0,0.0,0.1999999999999993,7.80348339046717,21.0,1,20.8,0.1999999999999993,20.5,21.5
2871.0,0.0,0.1999999999999993,7.802342659620874,21.0,1,20.8,0.1999999999999993,20.5,21.5
2872.0,0.0,0.1999999999999993,7.801202196373966,21.0,1,20.8,0.1999999999999993,20.5,21.5
2873.0,0.0,0.1999999999999993,7.800062002270467,21.0,1,20.8,0.1999999999999993,20.5,21.5
2874.0,0.0,0.1999999999999993,7.798922078854035,21.0,1,20.8,0.1999999999999993,20.5,21.5
2875.0,0.0,0.1999999999999993,7.797782427667962,21.0,1,20.8,0.1999999999999993,20.5,21.5
2876.0,0.0,0.1999999999999993,7.796643050255169,21.0,1,20.8,0.1999999999999993,20.5,21.5
2877.0,0.0,0.1999999999999993,7.79550394815821,21.0,1,20.8,0.1999999999999993,20.5,21.5
2878.0,0.0,0.1999999999999993,7.794365122919262,21.0,1,20.8,0.1999999999999993,20.5,21.5
2879.0,0.0,0.1999999999999993,7.79322657608013,21.0,1,20.8,0.1999999999999993,20.5,21.5
2880.0,0.0,0.1999999999999993,7.79208830918224,21.0,1,20.8,0.1999999999999993,20.5,21.5
2881.0,0.0,0.1999999999999993,7.790950323766643,21.0,1,20.8,0.1999999999999993,20.5,21.5
2882.0,0.0,0.1999999999999993,7.789812621374006,21.0,1,20.8,0.1999999999999993,20.5,21.5
2883.0,0.0,0.1999999999999993,7.788675203544612,21.0,1,20.8,0.1999999999999993,20.5,21.5
2884.0,0.0,0.1999999999999993,7.787538071818359,21.0,1,20.8,0.1999999999999993,20.5,21.5
2885.0,0.0,0.1999999999999993,7.78640122773476,21.0,1,20.8,0.1999999999999993,20.5,21.5
2886.0,0.0,0.1999999999999993,7.785264672832937,21.0,1,20.8,0.1999999999999993,20.5,21.5
2887.0,0.0,0.1999999999999993,7.78412840865162,21.0,1,20.8,0.1999999999999993,20.5,21.5
2888.0,0.0,0.1999999999999993,7.782992436729147,21.0,1,20.8,0.1999999999999993,20.5,21.5
2889.0,0.0,0.1999999999999993,7.781856758603458,21.0,1,20.8,0.1999999999999993,20.5,21.5
2890.0,0.0,0.1999999999999993,7.780721375812097,21.0,1,20.8,0.1999999999999993,20.5,21.5
2891.0,0.0,0.1999999999999993,7.779586289892208,21.0,1,20.8,0.1999999999999993,20.5,21.5
2892.0,0.0,0.1999999999999993,7.778451502380532,21.0,1,20.8,0.1999999999999993,20.5,21.5
2893.0,0.0,0.1999999999999993,7.777317014813409,21.0,1,20.8,0.1999999999999993,20.5,21.5
2894.0,0.0,0.1999999999999993,7.776182828726769,21.0,1,20.8,0.1999999999999993,20.5,21.5
2895.0,0.0,0.1999999999999993,7.775048945656135,21.0,1,20.8,0.1999999999999993,20.5,21.5
2896.0,0.0,0.1999999999999993,7.773915367136621,21.0,1,20.8,0.1999999999999993,20.5,21.5
2897.0,0.0,0.1999999999999993,7.7727820947029285,21.0,1,20.8,0.1999999999999993,20.5,21.5
2898.0,0.0,0.1999999999999993,7.771649129889344,21.0,1,20.8,0.1999999999999993,20.5,21.5
2899.0,0.0,0.1999999999999993,7.770516474229738,21.0,1,20.8,0.1999999999999993,20.5,21.5
2900.0,0.0,0.1999999999999993,7.76938412925756,21.0,1,20.8,0.1999999999999993,20.5,21.5
2901.0,0.0,0.1999999999999993,7.768252096505843,21.0,1,20.8,0.1999999999999993,20.5,21.5
2902.0,0.0,0.1999999999999993,7.767120377507194,21.0,1,20.8,0.1999999999999993,20.5,21.5
2903.0,0.0,0.1999999999999993,7.765988973793798,21.0,1,20.8,0.1999999999999993,20.5,21.5
2904.0,0.0,0.1999999999999993,7.76485788689741,21.0,1,20.8,0.1999999999999993,20.5,21.5
2905.0,0.0,0.1999999999999993,7.763727118349359,21.0,1,20.8,0.1999999999999993,20.5,21.5
2906.0,0.0,0.1999999999999993,7.762596669680541,21.0,1,20.8,0.1999999999999993,20.5,21.5
2907.0,0.0,0.1999999999999993,7.761466542421419,21.0,1,20.8,0.1999999999999993,20.5,21.5
2908.0,0.0,0.1999999999999993,7.760336738102023,21.0,1,20.8,0.1999999999999993,20.5,21.5
2909.0,0.0,0.1999999999999993,7.759207258251943,21.0,1,20.8,0.1999999999999993,20.5,21.5
2910.0,0.0,0.1999999999999993,7.758078104400332,21.0,1,20.8,0.1999999999999993,20.5,21.5
2911.0,0.0,0.1999999999999993,7.756949278075901,21.0,1,20.8,0.1999999999999993,20.5,21.5
2912.0,0.0,0.1999999999999993,7.755820780806915,21.0,1,20.8,0.1999999999999993,20.5,21.5
2913.0,0.0,0.1999999999999993,7.754692614121198,21.0,1,20.8,0.1999999999999993,20.5,21.5
2914.0,0.0,0.1999999999999993,7.753564779546122,21.0,1,20.8,0.1999999999999993,20.5,21.5
2915.0,0.0,0.1999999999999993,7.752437278608614,21.0,1,20.8,0.1999999999999993,20.5,21.5
2916.0,0.0,0.1999999999999993,7.751310112835146,21.0,1,20.8,0.1999999999999993,20.5,21.5
2917.0,0.0,0.1999999999999993,7.750183283751736,21.0,1,20.8,0.1999999999999993,20.5,21.5
2918.0,0.0,0.1999999999999993,7.749056792883947,21.0,1,20.8,0.1999999999999993,20.5,21.5
2919.0,0.0,0.1999999999999993,7.747930641756886,21.0,1,20.8,0.1999999999999993,20.5,21.5
2920.0,0.0,0.1999999999999993,7.746804831895198,21.0,1,20.8,0.1999999999999993,20.5,21.5
2921.0,0.0,0.1999999999999993,7.745679364823067,21.0,1,20.8,0.1999999999999993,20.5,21.5
2922.0,0.0,0.1999999999999993,7.7445542420642095,21.0,1,20.8,0.1999999999999993,20.5,21.5
2923.0,0.0,0.1999999999999993,7.743429465141881,21.0,1,20.8,0.1999999999999993,20.5,21.5
2924.0,0.0,0.1999999999999993,7.742305035578866,21.0,1,20.8,0.1999999999999993,20.5,21.5
2925.0,0.0,0.1999999999999993,7.741180954897479,21.0,1,20.8,0.1999999999999993,20.5,21.5
2926.0,0.0,0.1999999999999993,7.740057224619562,21.0,1,20.8,0.1999999999999993,20.5,21.5
2927.0,0.0,0.1999999999999993,7.738933846266485,21.0,1,20.8,0.1999999999999993,20.5,21.5
2928.0,0.0,0.1999999999999993,7.737810821359135,21.0,1,20.8,0.1999999999999993,20.5,21.5
2929.0,0.0,0.1999999999999993,7.736688151417929,21.0,1,20.8,0.1999999999999993,20.5,21.5
2930.0,0.0,0.1999999999999993,7.735565837962798,21.0,1,20.8,0.1999999999999993,20.5,21.5
2931.0,0.0,0.1999999999999993,7.734443882513191,21.0,1,20.8,0.1999999999999993,20.5,21.5
2932.0,0.0,0.1999999999999993,7.733322286588074,21.0,1,20.8,0.1999999999999993,20.5,21.5
2933.0,0.0,0.1999999999999993,7.732201051705926,21.0,1,20.8,0.1999999999999993,20.5,21.5
2934.0,0.0,0.1999999999999993,7.731080179384734,21.0,1,20.8,0.1999999999999993,20.5,21.5
2935.0,0.0,0.1999999999999993,7.729959671142,21.0,1,20.8,0.1999999999999993,20.5,21.5
2936.0,0.0,0.1999999999999993,7.728839528494726,21.0,1,20.8,0.1999999999999993,20.5,21.5
2937.0,0.0,0.1999999999999993,7.727719752959426,21.0,1,20.8,0.1999999999999993,20.5,21.5
2938.0,0.0,0.1999999999999993,7.726600346052112,21.0,1,20.8,0.1999999999999993,20.5,21.5
2939.0,0.0,0.1999999999999993,7.725481309288299,21.0,1,20.8,0.1999999999999993,20.5,21.5
2940.0,0.0,0.1999999999999993,7.724362644183001,21.0,1,20.8,0.1999999999999993,20.5,21.5
2941.0,0.0,0.1999999999999993,7.723244352250728,21.0,1,20.8,0.1999999999999993,20.5,21.5
2942.0,0.0,0.1999999999999993,7.722126435005485,21.0,1,20.8,0.1999999999999993,20.5,21.5
2943.0,0.0,0.1999999999999993,7.7210088939607715,21.0,1,20.8,0.1999999999999993,20.5,21.5
2944.0,0.0,0.1999999999999993,7.719891730629573,21.0,1,20.8,0.1999999999999993,20.5,21.5
2945.0,0.0,0.1999999999999993,7.71877494652437,21.0,1,20.8,0.1999999999999993,20.5,21.5
2946.0,0.0,0.1999999999999993,7.717658543157124,21.0,1,20.8,0.1999999999999993,20.5,21.5
2947.0,0.0,0.1999999999999993,7.716542522039284,21.0,1,20.8,0.1999999999999993,20.5,21.5
2948.0,0.0,0.1999999999999993,7.715426884681781,21.0,1,20.8,0.1999999999999993,20.5,21.5
2949.0,0.0,0.1999999999999993,7.7143116325950265,21.0,1,20.8,0.1999999999999993,20.5,21.5
2950.0,0.0,0.1999999999999993,7.71319676728891,21.0,1,20.8,0.1999999999999993,20.5,21.5
2951.0,0.0,0.1999999999999993,7.7120822902727975,21.0,1,20.8,0.1999999999999993,20.5,21.5
2952.0,0.0,0.1999999999999993,7.710968203055528,21.0,1,20.8,0.1999999999999993,20.5,21.5
2953.0,0.0,0.1999999999999993,7.709854507145417,21.0,1,20.8,0.1999999999999993,20.5,21.5
2954.0,0.0,0.1999999999999993,7.708741204050245,21.0,1,20.8,0.1999999999999993,20.5,21.5
2955.0,0.0,0.1999999999999993,7.707628295277264,21.0,1,20.8,0.1999999999999993,20.5,21.5
2956.0,0.0,0.1999999999999993,7.70651578233319,21.0,1,20.8,0.1999999999999993,20.5,21.5
2957.0,0.0,0.1999999999999993,7.705403666724205,21.0,1,20.8,0.1999999999999993,20.5,21.5
2958.0,0.0,0.1999999999999993,7.7042919499559535,21.0,1,20.8,0.1999999999999993,20.5,21.5
2959.0,0.0,0.1999999999999993,7.703180633533536,21.0,1,20.8,0.1999999999999993,20.5,21.5
2960.0,0.0,0.1999999999999993,7.702069718961519,21.0,1,20.8,0.1999999999999993,20.5,21.5
2961.0,0.0,0.1999999999999993,7.700959207743914,21.0,1,20.8,0.1999999999999993,20.5,21.5
2962.0,0.0,0.1999999999999993,7.699849101384195,21.0,1,20.8,0.1999999999999993,20.5,21.5
2963.0,0.0,0.1999999999999993,7.698739401385284,21.0,1,20.8,0.1999999999999993,20.5,21.5
2964.0,0.0,0.1999999999999993,7.697630109249555,21.0,1,20.8,0.1999999999999993,20.5,21.5
2965.0,0.0,0.1999999999999993,7.69652122647883,21.0,1,20.8,0.1999999999999993,20.5,21.5
2966.0,0.0,0.1999999999999993,7.695412754574373,21.0,1,20.8,0.1999999999999993,20.5,21.5
2967.0,0.0,0.1999999999999993,7.6943046950368945,21.0,1,20.8,0.1999999999999993,20.5,21.5
2968.0,0.0,0.1999999999999993,7.693197049366548,21.0,1,20.8,0.1999999999999993,20.5,21.5
2969.0,0.0,0.1999999999999993,7.692089819062923,21.0,1,20.8,0.1999999999999993,20.5,21.5
2970.0,0.0,0.1999999999999993,7.6909830056250525,21.0,1,20.8,0.1999999999999993,20.5,21.5
2971.0,0.0,0.1999999999999993,7.689876610551399,21.0,1,20.8,0.1999999999999993,20.5,21.5
2972.0,0.0,0.1999999999999993,7.688770635339861,21.0,1,20.8,0.1999999999999993,20.5,21.5
2973.0,0.0,0.1999999999999993,7.687665081487768,21.0,1,20.8,0.1999999999999993,20.5,21.5
2974.0,0.0,0.1999999999999993,7.686559950491881,21.0,1,20.8,0.1999999999999993,20.5,21.5
2975.0,0.0,0.1999999999999993,7.685455243848386,21.0,1,20.8,0.1999999999999993,20.5,21.5
2976.0,0.0,0.1999999999999993,7.684350963052898,21.0,1,20.8,0.1999999999999993,20.5,21.5
2977.0,0.0,0.1999999999999993,7.683247109600451,21.0,1,20.8,0.1999999999999993,20.5,21.5
2978.0,0.0,0.1999999999999993,7.682143684985502,21.0,1,20.8,0.1999999999999993,20.5,21.5
2979.0,0.0,0.1999999999999993,7.68104069070193,21.0,1,20.8,0.1999999999999993,20.5,21.5
2980.0,0.0,0.1999999999999993,7.679938128243029,21.0,1,20.8,0.1999999999999993,20.5,21.5
2981.0,0.0,0.1999999999999993,7.678835999101507,21.0,1,20.8,0.1999999999999993,20.5,21.5
2982.0,0.0,0.1999999999999993,7.67773430476949,21.0,1,20.8,0.1999999999999993,20.5,21.5
2983.0,0.0,0.1999999999999993,7.676633046738509,21.0,1,20.8,0.1999999999999993,20.5,21.5
2984.0,0.0,0.1999999999999993,7.675532226499509,21.0,1,20.8,0.1999999999999993,20.5,21.5
2985.0,0.0,0.1999999999999993,7.674431845542843,21.0,1,20.8,0.1999999999999993,20.5,21.5
2986.0,0.0,0.1999999999999993,7.673331905358266,21.0,1,20.8,0.1999999999999993,20.5,21.5
2987.0,0.0,0.1999999999999993,7.6722324074349375,21.0,1,20.8,0.1999999999999993,20.5,21.5
2988.0,0.0,0.1999999999999993,7.671133353261417,21.0,1,20.8,0.1999999999999993,20.5,21.5
2989.0,0.0,0.1999999999999993,7.670034744325666,21.0,1,20.8,0.1999999999999993,20.5,21.5
2990.0,0.0,0.1999999999999993,7.668936582115042,21.0,1,20.8,0.1999999999999993,20.5,21.5
2991.0,0.0,0.1999999999999993,7.667838868116297,21.0,1,20.8,0.1999999999999993,20.5,21.5
2992.0,0.0,0.1999999999999993,7.666741603815576,21.0,1,20.8,0.1999999999999993,20.5,21.5
2993.0,0.0,0.1999999999999993,7.665644790698417,21.0,1,20.8,0.1999999999999993,20.5,21.5
2994.0,0.0,0.1999999999999993,7.664548430249745,21.0,1,20.8,0.1999999999999993,20.5,21.5
2995.0,0.0,0.1999999999999993,7.6634525239538736,21.0,1,20.8,0.1999999999999993,20.5,21.5
2996.0,0.0,0.1999999999999993,7.662357073294501,21.0,1,20.8,0.1999999999999993,20.5,21.5
2997.0,0.0,0.1999999999999993,7.661262079754708,21.0,1,20.8,0.1999999999999993,20.5,21.5
2998.0,0.0,0.1999999999999993,7.660167544816959,21.0,1,20.8,0.1999999999999993,20.5,21.5
2999.0,0.0,0.1999999999999993,7.659073469963094,21.0,1,20.8,0.1999999999999993,20.5,21.5
